<?xml version='1.0' encoding='UTF-8'?>
<alert xmlns="urn:oasis:names:tc:emergency:cap:1.2">
  <identifier>DPC_BULLETIN_2022_01_16_61701</identifier>
  <sender>2.49.0.0.380.1</sender>
  <sent>2022-01-16T16:04:00+01:00</sent>
  <status>Actual</status>
  <msgType>Alert</msgType>
  <scope>Public</scope>
  <note>- Non è stato emesso e non è in corso alcun Avviso nazionale di condizioni meteorologiche avverse;
- Non è stato emesso e non è in corso alcun Avviso di criticità;
- Regione Basilicata:  come disposto dall’Avviso Rischio Grandi Dighe la criticità per il rischio idraulico previsionale è valutata ORDINARIA con livello di allerta GIALLO, per i soli Comuni a valle della diga di Acerenza, previsti dal Documento di Protezione Civile (Comuni interessati: Acerenza, Genzano di Lucania, Oppido Lucano, Irsina).</note>
</alert>
