<?xml version='1.0' encoding='UTF-8'?>
<alert xmlns="urn:oasis:names:tc:emergency:cap:1.2">
  <identifier>DPC_BULLETTIN_2018_12_20_18468</identifier>
  <sender>2.49.0.0.380.1</sender>
  <sent>2018-12-20T15:11:00+01:00</sent>
  <status>Actual</status>
  <msgType>Alert</msgType>
  <scope>Public</scope>
  <note>Per la Regione Sardegna e per la Provincia Autonoma di Bolzano il bollettino riguarda solo la valutazione del rischio idrogeologico e idraulico, non essendo ancora il rischio temporali oggetto di valutazione secondo le Indicazioni Operative del Capo Dipartimento della Protezione Civile del 10 febbraio 2016. 
Regione Liguria: in merito alla situazione emergenziale in atto a Genova, l’ARPAL, Agenzia Regionale per la Protezione dell’Ambiente Ligure, emette quotidianamente per il torrente Polcevera un ‘Bollettino speciale meteo-idrologico Emergenza Ponte Morandi.
Regione Veneto:  le frane del Tessina in comune di Chies d'Alpago (BL) e della Busa del Cristo in comune di Perarolo di Cadore (BL), riattivatesi dopo le abbondanti precipitazioni occorse a fine ottobre 2018, rimangono soggette a specifico monitoraggio.</note>
</alert>
