<?xml version='1.0' encoding='UTF-8'?>
<alert xmlns="urn:oasis:names:tc:emergency:cap:1.2">
  <identifier>DPC_BULLETTIN_2019_06_25_25543</identifier>
  <sender>2.49.0.0.380.1</sender>
  <sent>2019-06-25T14:16:00+02:00</sent>
  <status>Actual</status>
  <msgType>Alert</msgType>
  <scope>Public</scope>
  <note>Per la Provincia Autonoma di Bolzano il bollettino riguarda solo la valutazione del rischio idrogeologico e idraulico, non essendo ancora il rischio temporali oggetto di valutazione secondo le Indicazioni Operative del Capo Dipartimento della Protezione Civile del 10 febbraio 2016.
Regione Basilicata:  Come disposto con nota prot. N. 56425/24AF del 01/04/2019, per l’area della frana di Pomarico, di cui all’O.C.D.P.C. n. 578 del 21/02/2019, i livelli di allerta previsionali vanno incrementati di un ordine, pertanto, data come allerta minima GIALLA, in caso di situazione previsionale per BASI B ed E2 gialla, per l’area frana di Pomarico il livello di allerta corrispondente sarà ARANCIONE; per situazione previsionale per BASI B ed E2 arancione, il livello di allerta corrispondente sarà ROSSO.</note>
  <info>
    <category>Met</category>
    <event>ORDINARIA CRITICITA' PER RISCHIO TEMPORALI / ALLERTA GIALLA:</event>
    <responseType>Prepare</responseType>
    <urgency>Expected</urgency>
    <severity>Moderate</severity>
    <certainty>Likely</certainty>
    <onset>2019-06-25T12:00:00+02:00</onset>
    <expires>2019-06-25T23:59:59+02:00</expires>
    <senderName>DIPARTIMENTO DI PROTEZIONE CIVILE</senderName>
    <description>all_GIALLA PER OGGI SU:</description>
    <area>
      <areaDesc>Basi-C</areaDesc>
      <geocode>
        <valueName>Zona di Allerta</valueName>
        <value>Basi-C</value>
      </geocode>
    </area>
    <area>
      <areaDesc>Basi-D</areaDesc>
      <geocode>
        <valueName>Zona di Allerta</valueName>
        <value>Basi-D</value>
      </geocode>
    </area>
    <area>
      <areaDesc>Basi-A2</areaDesc>
      <geocode>
        <valueName>Zona di Allerta</valueName>
        <value>Basi-A2</value>
      </geocode>
    </area>
  </info>
</alert>
