<?xml version='1.0' encoding='UTF-8'?>
<alert xmlns="urn:oasis:names:tc:emergency:cap:1.2">
  <identifier>DPC_BULLETTIN_2019_10_15_29902</identifier>
  <sender>2.49.0.0.380.1</sender>
  <sent>2019-10-15T14:58:00+02:00</sent>
  <status>Actual</status>
  <msgType>Alert</msgType>
  <scope>Public</scope>
  <note>Per la Provincia Autonoma di Bolzano il bollettino riguarda solo la valutazione del rischio idrogeologico e idraulico, non essendo ancora il rischio temporali oggetto di valutazione secondo le Indicazioni Operative del Capo Dipartimento della Protezione Civile del 10 febbraio 2016.
Regione Campania:  Si rappresenta che la criticità gialla (ordinaria), per rischio idrogeologico per temporali, decorre dalle 20:00 di oggi, martedì 15 ottobre 2019, alle ore 11:00 di domani, mercoledì 16 ottobre 2019.
Dalle ore 11:00 di domani, mercoledì 16 ottobre 2019, la criticità è da intendersi verde (nulla) su tutte le zone di allerta.</note>
  <info>
    <category>Met</category>
    <event>MODERATA CRITICITA' PER RISCHIO TEMPORALI / ALLERTA ARANCIONE:</event>
    <responseType>Prepare</responseType>
    <urgency>Expected</urgency>
    <severity>Severe</severity>
    <certainty>Likely</certainty>
    <onset>2019-10-15T12:00:00+02:00</onset>
    <expires>2019-10-15T23:59:59+02:00</expires>
    <senderName>DIPARTIMENTO DI PROTEZIONE CIVILE</senderName>
    <description>all_ARANCIONE PER OGGI SU:</description>
    <area>
      <areaDesc>Bacini Liguri Marittimi di Centro</areaDesc>
      <geocode>
        <valueName>Zona di Allerta</valueName>
        <value>Ligu-B</value>
      </geocode>
    </area>
    <area>
      <areaDesc>Bacini Liguri Padani di Ponente</areaDesc>
      <geocode>
        <valueName>Zona di Allerta</valueName>
        <value>Ligu-D</value>
      </geocode>
    </area>
  </info>
  <info>
    <category>Met</category>
    <event>MODERATA CRITICITA' PER RISCHIO IDROGEOLOGICO / ALLERTA ARANCIONE:</event>
    <responseType>Prepare</responseType>
    <urgency>Expected</urgency>
    <severity>Severe</severity>
    <certainty>Likely</certainty>
    <onset>2019-10-15T12:00:00+02:00</onset>
    <expires>2019-10-15T23:59:59+02:00</expires>
    <senderName>DIPARTIMENTO DI PROTEZIONE CIVILE</senderName>
    <description>all_ARANCIONE PER OGGI SU:</description>
    <area>
      <areaDesc>Bacini Liguri Marittimi di Centro</areaDesc>
      <geocode>
        <valueName>Zona di Allerta</valueName>
        <value>Ligu-B</value>
      </geocode>
    </area>
    <area>
      <areaDesc>Bacini Liguri Padani di Ponente</areaDesc>
      <geocode>
        <valueName>Zona di Allerta</valueName>
        <value>Ligu-D</value>
      </geocode>
    </area>
    <area>
      <areaDesc>Laghi e Prealpi Varesine</areaDesc>
      <geocode>
        <valueName>Zona di Allerta</valueName>
        <value>Lomb-04</value>
      </geocode>
    </area>
  </info>
  <info>
    <category>Met</category>
    <event>ORDINARIA CRITICITA' PER RISCHIO IDRAULICO / ALLERTA GIALLA:</event>
    <responseType>Prepare</responseType>
    <urgency>Expected</urgency>
    <severity>Moderate</severity>
    <certainty>Likely</certainty>
    <onset>2019-10-15T12:00:00+02:00</onset>
    <expires>2019-10-15T23:59:59+02:00</expires>
    <senderName>DIPARTIMENTO DI PROTEZIONE CIVILE</senderName>
    <description>all_GIALLA PER OGGI SU:</description>
    <area>
      <areaDesc>Nodo idraulico di Milano</areaDesc>
      <geocode>
        <valueName>Zona di Allerta</valueName>
        <value>Lomb-09</value>
      </geocode>
    </area>
  </info>
  <info>
    <category>Met</category>
    <event>ORDINARIA CRITICITA' PER RISCHIO TEMPORALI / ALLERTA GIALLA:</event>
    <responseType>Prepare</responseType>
    <urgency>Expected</urgency>
    <severity>Moderate</severity>
    <certainty>Likely</certainty>
    <onset>2019-10-15T12:00:00+02:00</onset>
    <expires>2019-10-15T23:59:59+02:00</expires>
    <senderName>DIPARTIMENTO DI PROTEZIONE CIVILE</senderName>
    <description>all_GIALLA PER OGGI SU:</description>
    <area>
      <areaDesc>Bacino Alto del Sangro</areaDesc>
      <geocode>
        <valueName>Zona di Allerta</valueName>
        <value>Abru-D1</value>
      </geocode>
    </area>
    <area>
      <areaDesc>Bacino dell'Aterno</areaDesc>
      <geocode>
        <valueName>Zona di Allerta</valueName>
        <value>Abru-B</value>
      </geocode>
    </area>
    <area>
      <areaDesc>Marsica</areaDesc>
      <geocode>
        <valueName>Zona di Allerta</valueName>
        <value>Abru-E</value>
      </geocode>
    </area>
    <area>
      <areaDesc>Penisola sorrentino-amalfitana, Monti di Sarno e Monti Picentini</areaDesc>
      <geocode>
        <valueName>Zona di Allerta</valueName>
        <value>Camp-3</value>
      </geocode>
    </area>
    <area>
      <areaDesc>Piana campana, Napoli, Isole e Area vesuviana</areaDesc>
      <geocode>
        <valueName>Zona di Allerta</valueName>
        <value>Camp-1</value>
      </geocode>
    </area>
    <area>
      <areaDesc>Alto Volturno e Matese</areaDesc>
      <geocode>
        <valueName>Zona di Allerta</valueName>
        <value>Camp-2</value>
      </geocode>
    </area>
    <area>
      <areaDesc>Bacini emiliani centrali</areaDesc>
      <geocode>
        <valueName>Zona di Allerta</valueName>
        <value>Emil-E</value>
      </geocode>
    </area>
    <area>
      <areaDesc>Bacini emiliani occidentali</areaDesc>
      <geocode>
        <valueName>Zona di Allerta</valueName>
        <value>Emil-G</value>
      </geocode>
    </area>
    <area>
      <areaDesc>Aniene</areaDesc>
      <geocode>
        <valueName>Zona di Allerta</valueName>
        <value>Lazi-E</value>
      </geocode>
    </area>
    <area>
      <areaDesc>Bacino del Liri</areaDesc>
      <geocode>
        <valueName>Zona di Allerta</valueName>
        <value>Lazi-G</value>
      </geocode>
    </area>
    <area>
      <areaDesc>Bacini Costieri Sud</areaDesc>
      <geocode>
        <valueName>Zona di Allerta</valueName>
        <value>Lazi-F</value>
      </geocode>
    </area>
    <area>
      <areaDesc>Appennino di Rieti</areaDesc>
      <geocode>
        <valueName>Zona di Allerta</valueName>
        <value>Lazi-C</value>
      </geocode>
    </area>
    <area>
      <areaDesc>Bacino Medio Tevere</areaDesc>
      <geocode>
        <valueName>Zona di Allerta</valueName>
        <value>Lazi-B</value>
      </geocode>
    </area>
    <area>
      <areaDesc>Bacini Costieri Nord</areaDesc>
      <geocode>
        <valueName>Zona di Allerta</valueName>
        <value>Lazi-A</value>
      </geocode>
    </area>
    <area>
      <areaDesc>Roma</areaDesc>
      <geocode>
        <valueName>Zona di Allerta</valueName>
        <value>Lazi-D</value>
      </geocode>
    </area>
    <area>
      <areaDesc>Bacini Liguri Padani di Levante</areaDesc>
      <geocode>
        <valueName>Zona di Allerta</valueName>
        <value>Ligu-E</value>
      </geocode>
    </area>
    <area>
      <areaDesc>Bacini Liguri Marittimi di Levante</areaDesc>
      <geocode>
        <valueName>Zona di Allerta</valueName>
        <value>Ligu-C</value>
      </geocode>
    </area>
    <area>
      <areaDesc>Bacini Liguri Marittimi di Ponente</areaDesc>
      <geocode>
        <valueName>Zona di Allerta</valueName>
        <value>Ligu-A</value>
      </geocode>
    </area>
    <area>
      <areaDesc>Laghi e Prealpi Varesine</areaDesc>
      <geocode>
        <valueName>Zona di Allerta</valueName>
        <value>Lomb-04</value>
      </geocode>
    </area>
    <area>
      <areaDesc>Orobie bergamasche</areaDesc>
      <geocode>
        <valueName>Zona di Allerta</valueName>
        <value>Lomb-06</value>
      </geocode>
    </area>
    <area>
      <areaDesc>Bassa pianura occidentale</areaDesc>
      <geocode>
        <valueName>Zona di Allerta</valueName>
        <value>Lomb-12</value>
      </geocode>
    </area>
    <area>
      <areaDesc>Laghi e Prealpi orientali</areaDesc>
      <geocode>
        <valueName>Zona di Allerta</valueName>
        <value>Lomb-08</value>
      </geocode>
    </area>
    <area>
      <areaDesc>Bassa pianura orientale</areaDesc>
      <geocode>
        <valueName>Zona di Allerta</valueName>
        <value>Lomb-13</value>
      </geocode>
    </area>
    <area>
      <areaDesc>Alta pianura orientale</areaDesc>
      <geocode>
        <valueName>Zona di Allerta</valueName>
        <value>Lomb-11</value>
      </geocode>
    </area>
    <area>
      <areaDesc>Lario e Prealpi occidentali</areaDesc>
      <geocode>
        <valueName>Zona di Allerta</valueName>
        <value>Lomb-05</value>
      </geocode>
    </area>
    <area>
      <areaDesc>Pianura centrale</areaDesc>
      <geocode>
        <valueName>Zona di Allerta</valueName>
        <value>Lomb-10</value>
      </geocode>
    </area>
    <area>
      <areaDesc>Nodo idraulico di Milano</areaDesc>
      <geocode>
        <valueName>Zona di Allerta</valueName>
        <value>Lomb-09</value>
      </geocode>
    </area>
    <area>
      <areaDesc>Appennino pavese</areaDesc>
      <geocode>
        <valueName>Zona di Allerta</valueName>
        <value>Lomb-14</value>
      </geocode>
    </area>
    <area>
      <areaDesc>Alto Volturno - Medio Sangro</areaDesc>
      <geocode>
        <valueName>Zona di Allerta</valueName>
        <value>Moli-A</value>
      </geocode>
    </area>
    <area>
      <areaDesc>Frentani - Sannio - Matese</areaDesc>
      <geocode>
        <valueName>Zona di Allerta</valueName>
        <value>Moli-B</value>
      </geocode>
    </area>
    <area>
      <areaDesc>Valli Orco, Lanzo e Sangone</areaDesc>
      <geocode>
        <valueName>Zona di Allerta</valueName>
        <value>Piem-C</value>
      </geocode>
    </area>
    <area>
      <areaDesc>Valle Tanaro</areaDesc>
      <geocode>
        <valueName>Zona di Allerta</valueName>
        <value>Piem-F</value>
      </geocode>
    </area>
    <area>
      <areaDesc>Scrivia</areaDesc>
      <geocode>
        <valueName>Zona di Allerta</valueName>
        <value>Piem-H</value>
      </geocode>
    </area>
    <area>
      <areaDesc>Toce</areaDesc>
      <geocode>
        <valueName>Zona di Allerta</valueName>
        <value>Piem-A</value>
      </geocode>
    </area>
    <area>
      <areaDesc>Val Sesia, Cervo e Chiusella</areaDesc>
      <geocode>
        <valueName>Zona di Allerta</valueName>
        <value>Piem-B</value>
      </geocode>
    </area>
    <area>
      <areaDesc>Pianura settentrionale</areaDesc>
      <geocode>
        <valueName>Zona di Allerta</valueName>
        <value>Piem-I</value>
      </geocode>
    </area>
    <area>
      <areaDesc>Belbo e Bormida</areaDesc>
      <geocode>
        <valueName>Zona di Allerta</valueName>
        <value>Piem-G</value>
      </geocode>
    </area>
    <area>
      <areaDesc>Nord-Occidentale e isole Egadi e Ustica</areaDesc>
      <geocode>
        <valueName>Zona di Allerta</valueName>
        <value>Sici-C</value>
      </geocode>
    </area>
    <area>
      <areaDesc>Sud-Occidentale e isola di Pantelleria</areaDesc>
      <geocode>
        <valueName>Zona di Allerta</valueName>
        <value>Sici-D</value>
      </geocode>
    </area>
    <area>
      <areaDesc>Centro-Meridionale e isole Pelagie</areaDesc>
      <geocode>
        <valueName>Zona di Allerta</valueName>
        <value>Sici-E</value>
      </geocode>
    </area>
    <area>
      <areaDesc>Lunigiana</areaDesc>
      <geocode>
        <valueName>Zona di Allerta</valueName>
        <value>Tosc-L</value>
      </geocode>
    </area>
    <area>
      <areaDesc>Serchio-Garfagnana-Lima</areaDesc>
      <geocode>
        <valueName>Zona di Allerta</valueName>
        <value>Tosc-S1</value>
      </geocode>
    </area>
    <area>
      <areaDesc>Serchio-Lucca</areaDesc>
      <geocode>
        <valueName>Zona di Allerta</valueName>
        <value>Tosc-S2</value>
      </geocode>
    </area>
    <area>
      <areaDesc>Versilia</areaDesc>
      <geocode>
        <valueName>Zona di Allerta</valueName>
        <value>Tosc-V</value>
      </geocode>
    </area>
    <area>
      <areaDesc>Arno-Costa</areaDesc>
      <geocode>
        <valueName>Zona di Allerta</valueName>
        <value>Tosc-A6</value>
      </geocode>
    </area>
    <area>
      <areaDesc>Etruria</areaDesc>
      <geocode>
        <valueName>Zona di Allerta</valueName>
        <value>Tosc-E1</value>
      </geocode>
    </area>
    <area>
      <areaDesc>Etruria-Costa Nord</areaDesc>
      <geocode>
        <valueName>Zona di Allerta</valueName>
        <value>Tosc-E2</value>
      </geocode>
    </area>
    <area>
      <areaDesc>Etruria-Costa Sud</areaDesc>
      <geocode>
        <valueName>Zona di Allerta</valueName>
        <value>Tosc-E3</value>
      </geocode>
    </area>
    <area>
      <areaDesc>Fiora e Albegna-Costa e Giglio</areaDesc>
      <geocode>
        <valueName>Zona di Allerta</valueName>
        <value>Tosc-F2</value>
      </geocode>
    </area>
    <area>
      <areaDesc>Fiora e Albegna</areaDesc>
      <geocode>
        <valueName>Zona di Allerta</valueName>
        <value>Tosc-F1</value>
      </geocode>
    </area>
    <area>
      <areaDesc>Ombrone Gr-Medio</areaDesc>
      <geocode>
        <valueName>Zona di Allerta</valueName>
        <value>Tosc-O2</value>
      </geocode>
    </area>
    <area>
      <areaDesc>Isole</areaDesc>
      <geocode>
        <valueName>Zona di Allerta</valueName>
        <value>Tosc-I</value>
      </geocode>
    </area>
    <area>
      <areaDesc>Valdarno Inf.</areaDesc>
      <geocode>
        <valueName>Zona di Allerta</valueName>
        <value>Tosc-A4</value>
      </geocode>
    </area>
    <area>
      <areaDesc>Serchio-Costa</areaDesc>
      <geocode>
        <valueName>Zona di Allerta</valueName>
        <value>Tosc-S3</value>
      </geocode>
    </area>
    <area>
      <areaDesc>Ombrone Gr-Costa</areaDesc>
      <geocode>
        <valueName>Zona di Allerta</valueName>
        <value>Tosc-O3</value>
      </geocode>
    </area>
    <area>
      <areaDesc>Alto Tevere</areaDesc>
      <geocode>
        <valueName>Zona di Allerta</valueName>
        <value>Umbr-A</value>
      </geocode>
    </area>
    <area>
      <areaDesc>Chiascio - Topino</areaDesc>
      <geocode>
        <valueName>Zona di Allerta</valueName>
        <value>Umbr-C</value>
      </geocode>
    </area>
    <area>
      <areaDesc>Chiani - Paglia</areaDesc>
      <geocode>
        <valueName>Zona di Allerta</valueName>
        <value>Umbr-F</value>
      </geocode>
    </area>
    <area>
      <areaDesc>Medio Tevere</areaDesc>
      <geocode>
        <valueName>Zona di Allerta</valueName>
        <value>Umbr-B</value>
      </geocode>
    </area>
    <area>
      <areaDesc>Nera - Corno</areaDesc>
      <geocode>
        <valueName>Zona di Allerta</valueName>
        <value>Umbr-D</value>
      </geocode>
    </area>
    <area>
      <areaDesc>Trasimeno - Nestore</areaDesc>
      <geocode>
        <valueName>Zona di Allerta</valueName>
        <value>Umbr-E</value>
      </geocode>
    </area>
    <area>
      <areaDesc>Piave pedemontano</areaDesc>
      <geocode>
        <valueName>Zona di Allerta</valueName>
        <value>Vene-H</value>
      </geocode>
    </area>
    <area>
      <areaDesc>Alto Piave</areaDesc>
      <geocode>
        <valueName>Zona di Allerta</valueName>
        <value>Vene-A</value>
      </geocode>
    </area>
    <area>
      <areaDesc>Alto Brenta-Bacchiglione-Alpone</areaDesc>
      <geocode>
        <valueName>Zona di Allerta</valueName>
        <value>Vene-B</value>
      </geocode>
    </area>
    <area>
      <areaDesc>Adige-Garda e monti Lessini</areaDesc>
      <geocode>
        <valueName>Zona di Allerta</valueName>
        <value>Vene-C</value>
      </geocode>
    </area>
  </info>
  <info>
    <category>Met</category>
    <event>ORDINARIA CRITICITA' PER RISCHIO IDROGEOLOGICO / ALLERTA GIALLA:</event>
    <responseType>Prepare</responseType>
    <urgency>Expected</urgency>
    <severity>Moderate</severity>
    <certainty>Likely</certainty>
    <onset>2019-10-15T12:00:00+02:00</onset>
    <expires>2019-10-15T23:59:59+02:00</expires>
    <senderName>DIPARTIMENTO DI PROTEZIONE CIVILE</senderName>
    <description>all_GIALLA PER OGGI SU:</description>
    <area>
      <areaDesc>Bacino Alto del Sangro</areaDesc>
      <geocode>
        <valueName>Zona di Allerta</valueName>
        <value>Abru-D1</value>
      </geocode>
    </area>
    <area>
      <areaDesc>Bacino dell'Aterno</areaDesc>
      <geocode>
        <valueName>Zona di Allerta</valueName>
        <value>Abru-B</value>
      </geocode>
    </area>
    <area>
      <areaDesc>Marsica</areaDesc>
      <geocode>
        <valueName>Zona di Allerta</valueName>
        <value>Abru-E</value>
      </geocode>
    </area>
    <area>
      <areaDesc>Valchiavenna</areaDesc>
      <geocode>
        <valueName>Zona di Allerta</valueName>
        <value>Lomb-01</value>
      </geocode>
    </area>
    <area>
      <areaDesc>Orobie bergamasche</areaDesc>
      <geocode>
        <valueName>Zona di Allerta</valueName>
        <value>Lomb-06</value>
      </geocode>
    </area>
    <area>
      <areaDesc>Laghi e Prealpi orientali</areaDesc>
      <geocode>
        <valueName>Zona di Allerta</valueName>
        <value>Lomb-08</value>
      </geocode>
    </area>
    <area>
      <areaDesc>Lario e Prealpi occidentali</areaDesc>
      <geocode>
        <valueName>Zona di Allerta</valueName>
        <value>Lomb-05</value>
      </geocode>
    </area>
    <area>
      <areaDesc>Appennino pavese</areaDesc>
      <geocode>
        <valueName>Zona di Allerta</valueName>
        <value>Lomb-14</value>
      </geocode>
    </area>
    <area>
      <areaDesc>Valli Orco, Lanzo e Sangone</areaDesc>
      <geocode>
        <valueName>Zona di Allerta</valueName>
        <value>Piem-C</value>
      </geocode>
    </area>
    <area>
      <areaDesc>Valle Tanaro</areaDesc>
      <geocode>
        <valueName>Zona di Allerta</valueName>
        <value>Piem-F</value>
      </geocode>
    </area>
    <area>
      <areaDesc>Scrivia</areaDesc>
      <geocode>
        <valueName>Zona di Allerta</valueName>
        <value>Piem-H</value>
      </geocode>
    </area>
    <area>
      <areaDesc>Toce</areaDesc>
      <geocode>
        <valueName>Zona di Allerta</valueName>
        <value>Piem-A</value>
      </geocode>
    </area>
    <area>
      <areaDesc>Val Sesia, Cervo e Chiusella</areaDesc>
      <geocode>
        <valueName>Zona di Allerta</valueName>
        <value>Piem-B</value>
      </geocode>
    </area>
    <area>
      <areaDesc>Pianura settentrionale</areaDesc>
      <geocode>
        <valueName>Zona di Allerta</valueName>
        <value>Piem-I</value>
      </geocode>
    </area>
    <area>
      <areaDesc>Belbo e Bormida</areaDesc>
      <geocode>
        <valueName>Zona di Allerta</valueName>
        <value>Piem-G</value>
      </geocode>
    </area>
    <area>
      <areaDesc>Nord-Occidentale e isole Egadi e Ustica</areaDesc>
      <geocode>
        <valueName>Zona di Allerta</valueName>
        <value>Sici-C</value>
      </geocode>
    </area>
    <area>
      <areaDesc>Sud-Occidentale e isola di Pantelleria</areaDesc>
      <geocode>
        <valueName>Zona di Allerta</valueName>
        <value>Sici-D</value>
      </geocode>
    </area>
    <area>
      <areaDesc>Centro-Meridionale e isole Pelagie</areaDesc>
      <geocode>
        <valueName>Zona di Allerta</valueName>
        <value>Sici-E</value>
      </geocode>
    </area>
    <area>
      <areaDesc>Lunigiana</areaDesc>
      <geocode>
        <valueName>Zona di Allerta</valueName>
        <value>Tosc-L</value>
      </geocode>
    </area>
    <area>
      <areaDesc>Serchio-Garfagnana-Lima</areaDesc>
      <geocode>
        <valueName>Zona di Allerta</valueName>
        <value>Tosc-S1</value>
      </geocode>
    </area>
    <area>
      <areaDesc>Serchio-Lucca</areaDesc>
      <geocode>
        <valueName>Zona di Allerta</valueName>
        <value>Tosc-S2</value>
      </geocode>
    </area>
    <area>
      <areaDesc>Versilia</areaDesc>
      <geocode>
        <valueName>Zona di Allerta</valueName>
        <value>Tosc-V</value>
      </geocode>
    </area>
    <area>
      <areaDesc>Arno-Costa</areaDesc>
      <geocode>
        <valueName>Zona di Allerta</valueName>
        <value>Tosc-A6</value>
      </geocode>
    </area>
    <area>
      <areaDesc>Etruria</areaDesc>
      <geocode>
        <valueName>Zona di Allerta</valueName>
        <value>Tosc-E1</value>
      </geocode>
    </area>
    <area>
      <areaDesc>Etruria-Costa Nord</areaDesc>
      <geocode>
        <valueName>Zona di Allerta</valueName>
        <value>Tosc-E2</value>
      </geocode>
    </area>
    <area>
      <areaDesc>Etruria-Costa Sud</areaDesc>
      <geocode>
        <valueName>Zona di Allerta</valueName>
        <value>Tosc-E3</value>
      </geocode>
    </area>
    <area>
      <areaDesc>Fiora e Albegna-Costa e Giglio</areaDesc>
      <geocode>
        <valueName>Zona di Allerta</valueName>
        <value>Tosc-F2</value>
      </geocode>
    </area>
    <area>
      <areaDesc>Fiora e Albegna</areaDesc>
      <geocode>
        <valueName>Zona di Allerta</valueName>
        <value>Tosc-F1</value>
      </geocode>
    </area>
    <area>
      <areaDesc>Ombrone Gr-Medio</areaDesc>
      <geocode>
        <valueName>Zona di Allerta</valueName>
        <value>Tosc-O2</value>
      </geocode>
    </area>
    <area>
      <areaDesc>Isole</areaDesc>
      <geocode>
        <valueName>Zona di Allerta</valueName>
        <value>Tosc-I</value>
      </geocode>
    </area>
    <area>
      <areaDesc>Valdarno Inf.</areaDesc>
      <geocode>
        <valueName>Zona di Allerta</valueName>
        <value>Tosc-A4</value>
      </geocode>
    </area>
    <area>
      <areaDesc>Serchio-Costa</areaDesc>
      <geocode>
        <valueName>Zona di Allerta</valueName>
        <value>Tosc-S3</value>
      </geocode>
    </area>
    <area>
      <areaDesc>Ombrone Gr-Costa</areaDesc>
      <geocode>
        <valueName>Zona di Allerta</valueName>
        <value>Tosc-O3</value>
      </geocode>
    </area>
  </info>
  <info>
    <category>Met</category>
    <event>MODERATA CRITICITA' PER RISCHIO IDROGEOLOGICO / ALLERTA ARANCIONE:</event>
    <responseType>Prepare</responseType>
    <urgency>Expected</urgency>
    <severity>Severe</severity>
    <certainty>Likely</certainty>
    <onset>2019-10-16T00:00:00+02:00</onset>
    <expires>2019-10-16T23:59:59+02:00</expires>
    <senderName>DIPARTIMENTO DI PROTEZIONE CIVILE</senderName>
    <description>all_ARANCIONE PER DOMANI SU:</description>
    <area>
      <areaDesc>Laghi e Prealpi Varesine</areaDesc>
      <geocode>
        <valueName>Zona di Allerta</valueName>
        <value>Lomb-04</value>
      </geocode>
    </area>
  </info>
  <info>
    <category>Met</category>
    <event>ORDINARIA CRITICITA' PER RISCHIO IDRAULICO / ALLERTA GIALLA:</event>
    <responseType>Prepare</responseType>
    <urgency>Expected</urgency>
    <severity>Moderate</severity>
    <certainty>Likely</certainty>
    <onset>2019-10-16T00:00:00+02:00</onset>
    <expires>2019-10-16T23:59:59+02:00</expires>
    <senderName>DIPARTIMENTO DI PROTEZIONE CIVILE</senderName>
    <description>all_GIALLA PER DOMANI SU:</description>
    <area>
      <areaDesc>Versante Tirrenico Centro-settentrionale</areaDesc>
      <geocode>
        <valueName>Zona di Allerta</valueName>
        <value>Cala-2</value>
      </geocode>
    </area>
    <area>
      <areaDesc>Versante Tirrenico Centro-meridionale</areaDesc>
      <geocode>
        <valueName>Zona di Allerta</valueName>
        <value>Cala-3</value>
      </geocode>
    </area>
    <area>
      <areaDesc>Versante Tirrenico Meridionale</areaDesc>
      <geocode>
        <valueName>Zona di Allerta</valueName>
        <value>Cala-4</value>
      </geocode>
    </area>
    <area>
      <areaDesc>Nodo idraulico di Milano</areaDesc>
      <geocode>
        <valueName>Zona di Allerta</valueName>
        <value>Lomb-09</value>
      </geocode>
    </area>
  </info>
  <info>
    <category>Met</category>
    <event>ORDINARIA CRITICITA' PER RISCHIO TEMPORALI / ALLERTA GIALLA:</event>
    <responseType>Prepare</responseType>
    <urgency>Expected</urgency>
    <severity>Moderate</severity>
    <certainty>Likely</certainty>
    <onset>2019-10-16T00:00:00+02:00</onset>
    <expires>2019-10-16T23:59:59+02:00</expires>
    <senderName>DIPARTIMENTO DI PROTEZIONE CIVILE</senderName>
    <description>all_GIALLA PER DOMANI SU:</description>
    <area>
      <areaDesc>Versante Tirrenico Centro-settentrionale</areaDesc>
      <geocode>
        <valueName>Zona di Allerta</valueName>
        <value>Cala-2</value>
      </geocode>
    </area>
    <area>
      <areaDesc>Versante Tirrenico Centro-meridionale</areaDesc>
      <geocode>
        <valueName>Zona di Allerta</valueName>
        <value>Cala-3</value>
      </geocode>
    </area>
    <area>
      <areaDesc>Versante Tirrenico Meridionale</areaDesc>
      <geocode>
        <valueName>Zona di Allerta</valueName>
        <value>Cala-4</value>
      </geocode>
    </area>
    <area>
      <areaDesc>Alto Volturno e Matese</areaDesc>
      <geocode>
        <valueName>Zona di Allerta</valueName>
        <value>Camp-2</value>
      </geocode>
    </area>
    <area>
      <areaDesc>Piana campana, Napoli, Isole e Area vesuviana</areaDesc>
      <geocode>
        <valueName>Zona di Allerta</valueName>
        <value>Camp-1</value>
      </geocode>
    </area>
    <area>
      <areaDesc>Penisola sorrentino-amalfitana, Monti di Sarno e Monti Picentini</areaDesc>
      <geocode>
        <valueName>Zona di Allerta</valueName>
        <value>Camp-3</value>
      </geocode>
    </area>
    <area>
      <areaDesc>Bassa pianura occidentale</areaDesc>
      <geocode>
        <valueName>Zona di Allerta</valueName>
        <value>Lomb-12</value>
      </geocode>
    </area>
    <area>
      <areaDesc>Laghi e Prealpi orientali</areaDesc>
      <geocode>
        <valueName>Zona di Allerta</valueName>
        <value>Lomb-08</value>
      </geocode>
    </area>
    <area>
      <areaDesc>Orobie bergamasche</areaDesc>
      <geocode>
        <valueName>Zona di Allerta</valueName>
        <value>Lomb-06</value>
      </geocode>
    </area>
    <area>
      <areaDesc>Alta pianura orientale</areaDesc>
      <geocode>
        <valueName>Zona di Allerta</valueName>
        <value>Lomb-11</value>
      </geocode>
    </area>
    <area>
      <areaDesc>Pianura centrale</areaDesc>
      <geocode>
        <valueName>Zona di Allerta</valueName>
        <value>Lomb-10</value>
      </geocode>
    </area>
    <area>
      <areaDesc>Bassa pianura orientale</areaDesc>
      <geocode>
        <valueName>Zona di Allerta</valueName>
        <value>Lomb-13</value>
      </geocode>
    </area>
    <area>
      <areaDesc>Appennino pavese</areaDesc>
      <geocode>
        <valueName>Zona di Allerta</valueName>
        <value>Lomb-14</value>
      </geocode>
    </area>
    <area>
      <areaDesc>Lario e Prealpi occidentali</areaDesc>
      <geocode>
        <valueName>Zona di Allerta</valueName>
        <value>Lomb-05</value>
      </geocode>
    </area>
    <area>
      <areaDesc>Nodo idraulico di Milano</areaDesc>
      <geocode>
        <valueName>Zona di Allerta</valueName>
        <value>Lomb-09</value>
      </geocode>
    </area>
    <area>
      <areaDesc>Laghi e Prealpi Varesine</areaDesc>
      <geocode>
        <valueName>Zona di Allerta</valueName>
        <value>Lomb-04</value>
      </geocode>
    </area>
    <area>
      <areaDesc>Nord-Orientale, versante ionico</areaDesc>
      <geocode>
        <valueName>Zona di Allerta</valueName>
        <value>Sici-I</value>
      </geocode>
    </area>
    <area>
      <areaDesc>Nord-Orientale, versante tirrenico e isole Eolie</areaDesc>
      <geocode>
        <valueName>Zona di Allerta</valueName>
        <value>Sici-A</value>
      </geocode>
    </area>
    <area>
      <areaDesc>Alto Piave</areaDesc>
      <geocode>
        <valueName>Zona di Allerta</valueName>
        <value>Vene-A</value>
      </geocode>
    </area>
    <area>
      <areaDesc>Piave pedemontano</areaDesc>
      <geocode>
        <valueName>Zona di Allerta</valueName>
        <value>Vene-H</value>
      </geocode>
    </area>
    <area>
      <areaDesc>Alto Brenta-Bacchiglione-Alpone</areaDesc>
      <geocode>
        <valueName>Zona di Allerta</valueName>
        <value>Vene-B</value>
      </geocode>
    </area>
    <area>
      <areaDesc>Adige-Garda e monti Lessini</areaDesc>
      <geocode>
        <valueName>Zona di Allerta</valueName>
        <value>Vene-C</value>
      </geocode>
    </area>
  </info>
  <info>
    <category>Met</category>
    <event>ORDINARIA CRITICITA' PER RISCHIO IDROGEOLOGICO / ALLERTA GIALLA:</event>
    <responseType>Prepare</responseType>
    <urgency>Expected</urgency>
    <severity>Moderate</severity>
    <certainty>Likely</certainty>
    <onset>2019-10-16T00:00:00+02:00</onset>
    <expires>2019-10-16T23:59:59+02:00</expires>
    <senderName>DIPARTIMENTO DI PROTEZIONE CIVILE</senderName>
    <description>all_GIALLA PER DOMANI SU:</description>
    <area>
      <areaDesc>Versante Tirrenico Centro-settentrionale</areaDesc>
      <geocode>
        <valueName>Zona di Allerta</valueName>
        <value>Cala-2</value>
      </geocode>
    </area>
    <area>
      <areaDesc>Versante Tirrenico Centro-meridionale</areaDesc>
      <geocode>
        <valueName>Zona di Allerta</valueName>
        <value>Cala-3</value>
      </geocode>
    </area>
    <area>
      <areaDesc>Versante Tirrenico Meridionale</areaDesc>
      <geocode>
        <valueName>Zona di Allerta</valueName>
        <value>Cala-4</value>
      </geocode>
    </area>
    <area>
      <areaDesc>Laghi e Prealpi orientali</areaDesc>
      <geocode>
        <valueName>Zona di Allerta</valueName>
        <value>Lomb-08</value>
      </geocode>
    </area>
    <area>
      <areaDesc>Orobie bergamasche</areaDesc>
      <geocode>
        <valueName>Zona di Allerta</valueName>
        <value>Lomb-06</value>
      </geocode>
    </area>
    <area>
      <areaDesc>Appennino pavese</areaDesc>
      <geocode>
        <valueName>Zona di Allerta</valueName>
        <value>Lomb-14</value>
      </geocode>
    </area>
    <area>
      <areaDesc>Lario e Prealpi occidentali</areaDesc>
      <geocode>
        <valueName>Zona di Allerta</valueName>
        <value>Lomb-05</value>
      </geocode>
    </area>
    <area>
      <areaDesc>Valchiavenna</areaDesc>
      <geocode>
        <valueName>Zona di Allerta</valueName>
        <value>Lomb-01</value>
      </geocode>
    </area>
    <area>
      <areaDesc>Nord-Orientale, versante ionico</areaDesc>
      <geocode>
        <valueName>Zona di Allerta</valueName>
        <value>Sici-I</value>
      </geocode>
    </area>
    <area>
      <areaDesc>Nord-Orientale, versante tirrenico e isole Eolie</areaDesc>
      <geocode>
        <valueName>Zona di Allerta</valueName>
        <value>Sici-A</value>
      </geocode>
    </area>
  </info>
</alert>
