<?xml version='1.0' encoding='UTF-8'?>
<alert xmlns="urn:oasis:names:tc:emergency:cap:1.2">
  <identifier>DPC_BULLETIN_2021_11_21_59593</identifier>
  <sender>2.49.0.0.380.1</sender>
  <sent>2021-11-21T14:41:00+01:00</sent>
  <status>Actual</status>
  <msgType>Alert</msgType>
  <scope>Public</scope>
  <note>Regioni Liguria e Sardegna: per le tempistiche della criticità si rimanda ai rispettivi bollettini regionali.</note>
  <info>
    <category>Met</category>
    <event>ORDINARIA CRITICITA' PER RISCHIO TEMPORALI / ALLERTA GIALLA:</event>
    <responseType>Prepare</responseType>
    <urgency>Expected</urgency>
    <severity>Moderate</severity>
    <certainty>Likely</certainty>
    <onset>2021-11-21T12:00:00+01:00</onset>
    <expires>2021-11-21T23:59:59+01:00</expires>
    <senderName>DIPARTIMENTO DI PROTEZIONE CIVILE</senderName>
    <description>all_GIALLA PER OGGI SU:</description>
    <area>
      <areaDesc>Bacini Liguri Marittimi di Centro</areaDesc>
      <geocode>
        <valueName>Zona di Allerta</valueName>
        <value>Ligu-B</value>
      </geocode>
    </area>
    <area>
      <areaDesc>Bacini Liguri Marittimi di Levante</areaDesc>
      <geocode>
        <valueName>Zona di Allerta</valueName>
        <value>Ligu-C</value>
      </geocode>
    </area>
    <area>
      <areaDesc>Bacini Liguri Padani di Levante</areaDesc>
      <geocode>
        <valueName>Zona di Allerta</valueName>
        <value>Ligu-E</value>
      </geocode>
    </area>
    <area>
      <areaDesc>Iglesiente</areaDesc>
      <geocode>
        <valueName>Zona di Allerta</valueName>
        <value>Sard-A</value>
      </geocode>
    </area>
    <area>
      <areaDesc>Bacino del Tirso</areaDesc>
      <geocode>
        <valueName>Zona di Allerta</valueName>
        <value>Sard-E</value>
      </geocode>
    </area>
    <area>
      <areaDesc>Campidano</areaDesc>
      <geocode>
        <valueName>Zona di Allerta</valueName>
        <value>Sard-B</value>
      </geocode>
    </area>
    <area>
      <areaDesc>Bacini Montevecchio - Pischilappiu</areaDesc>
      <geocode>
        <valueName>Zona di Allerta</valueName>
        <value>Sard-C</value>
      </geocode>
    </area>
    <area>
      <areaDesc>Logudoro</areaDesc>
      <geocode>
        <valueName>Zona di Allerta</valueName>
        <value>Sard-G</value>
      </geocode>
    </area>
  </info>
  <info>
    <category>Met</category>
    <event>ORDINARIA CRITICITA' PER RISCHIO IDROGEOLOGICO / ALLERTA GIALLA:</event>
    <responseType>Prepare</responseType>
    <urgency>Expected</urgency>
    <severity>Moderate</severity>
    <certainty>Likely</certainty>
    <onset>2021-11-21T12:00:00+01:00</onset>
    <expires>2021-11-21T23:59:59+01:00</expires>
    <senderName>DIPARTIMENTO DI PROTEZIONE CIVILE</senderName>
    <description>all_GIALLA PER OGGI SU:</description>
    <area>
      <areaDesc>Iglesiente</areaDesc>
      <geocode>
        <valueName>Zona di Allerta</valueName>
        <value>Sard-A</value>
      </geocode>
    </area>
    <area>
      <areaDesc>Bacino del Tirso</areaDesc>
      <geocode>
        <valueName>Zona di Allerta</valueName>
        <value>Sard-E</value>
      </geocode>
    </area>
    <area>
      <areaDesc>Campidano</areaDesc>
      <geocode>
        <valueName>Zona di Allerta</valueName>
        <value>Sard-B</value>
      </geocode>
    </area>
    <area>
      <areaDesc>Bacini Montevecchio - Pischilappiu</areaDesc>
      <geocode>
        <valueName>Zona di Allerta</valueName>
        <value>Sard-C</value>
      </geocode>
    </area>
    <area>
      <areaDesc>Logudoro</areaDesc>
      <geocode>
        <valueName>Zona di Allerta</valueName>
        <value>Sard-G</value>
      </geocode>
    </area>
  </info>
  <info>
    <category>Met</category>
    <event>ORDINARIA CRITICITA' PER RISCHIO TEMPORALI / ALLERTA GIALLA:</event>
    <responseType>Prepare</responseType>
    <urgency>Expected</urgency>
    <severity>Moderate</severity>
    <certainty>Likely</certainty>
    <onset>2021-11-22T00:00:00+01:00</onset>
    <expires>2021-11-22T23:59:59+01:00</expires>
    <senderName>DIPARTIMENTO DI PROTEZIONE CIVILE</senderName>
    <description>all_GIALLA PER DOMANI SU:</description>
    <area>
      <areaDesc>Bacino Alto del Sangro</areaDesc>
      <geocode>
        <valueName>Zona di Allerta</valueName>
        <value>Abru-D1</value>
      </geocode>
    </area>
    <area>
      <areaDesc>Bacino dell'Aterno</areaDesc>
      <geocode>
        <valueName>Zona di Allerta</valueName>
        <value>Abru-B</value>
      </geocode>
    </area>
    <area>
      <areaDesc>Marsica</areaDesc>
      <geocode>
        <valueName>Zona di Allerta</valueName>
        <value>Abru-E</value>
      </geocode>
    </area>
    <area>
      <areaDesc>Bacino del Liri</areaDesc>
      <geocode>
        <valueName>Zona di Allerta</valueName>
        <value>Lazi-G</value>
      </geocode>
    </area>
    <area>
      <areaDesc>Bacini Costieri Sud</areaDesc>
      <geocode>
        <valueName>Zona di Allerta</valueName>
        <value>Lazi-F</value>
      </geocode>
    </area>
    <area>
      <areaDesc>Bacini Liguri Padani di Levante</areaDesc>
      <geocode>
        <valueName>Zona di Allerta</valueName>
        <value>Ligu-E</value>
      </geocode>
    </area>
    <area>
      <areaDesc>Bacini Liguri Marittimi di Levante</areaDesc>
      <geocode>
        <valueName>Zona di Allerta</valueName>
        <value>Ligu-C</value>
      </geocode>
    </area>
    <area>
      <areaDesc>Bacini Liguri Marittimi di Centro</areaDesc>
      <geocode>
        <valueName>Zona di Allerta</valueName>
        <value>Ligu-B</value>
      </geocode>
    </area>
    <area>
      <areaDesc>Alto Volturno - Medio Sangro</areaDesc>
      <geocode>
        <valueName>Zona di Allerta</valueName>
        <value>Moli-A</value>
      </geocode>
    </area>
    <area>
      <areaDesc>Frentani - Sannio - Matese</areaDesc>
      <geocode>
        <valueName>Zona di Allerta</valueName>
        <value>Moli-B</value>
      </geocode>
    </area>
    <area>
      <areaDesc>Salento</areaDesc>
      <geocode>
        <valueName>Zona di Allerta</valueName>
        <value>Pugl-D</value>
      </geocode>
    </area>
    <area>
      <areaDesc>Sub-Appennino Dauno</areaDesc>
      <geocode>
        <valueName>Zona di Allerta</valueName>
        <value>Pugl-H</value>
      </geocode>
    </area>
    <area>
      <areaDesc>Campidano</areaDesc>
      <geocode>
        <valueName>Zona di Allerta</valueName>
        <value>Sard-B</value>
      </geocode>
    </area>
    <area>
      <areaDesc>Logudoro</areaDesc>
      <geocode>
        <valueName>Zona di Allerta</valueName>
        <value>Sard-G</value>
      </geocode>
    </area>
    <area>
      <areaDesc>Iglesiente</areaDesc>
      <geocode>
        <valueName>Zona di Allerta</valueName>
        <value>Sard-A</value>
      </geocode>
    </area>
    <area>
      <areaDesc>Bacini Montevecchio - Pischilappiu</areaDesc>
      <geocode>
        <valueName>Zona di Allerta</valueName>
        <value>Sard-C</value>
      </geocode>
    </area>
    <area>
      <areaDesc>Bacino del Tirso</areaDesc>
      <geocode>
        <valueName>Zona di Allerta</valueName>
        <value>Sard-E</value>
      </geocode>
    </area>
    <area>
      <areaDesc>Nord-Occidentale e isole Egadi e Ustica</areaDesc>
      <geocode>
        <valueName>Zona di Allerta</valueName>
        <value>Sici-C</value>
      </geocode>
    </area>
    <area>
      <areaDesc>Sud-Occidentale e isola di Pantelleria</areaDesc>
      <geocode>
        <valueName>Zona di Allerta</valueName>
        <value>Sici-D</value>
      </geocode>
    </area>
    <area>
      <areaDesc>Sud-Orientale, versante ionico</areaDesc>
      <geocode>
        <valueName>Zona di Allerta</valueName>
        <value>Sici-G</value>
      </geocode>
    </area>
    <area>
      <areaDesc>Nord-Orientale, versante ionico</areaDesc>
      <geocode>
        <valueName>Zona di Allerta</valueName>
        <value>Sici-I</value>
      </geocode>
    </area>
    <area>
      <areaDesc>Centro-Meridionale e isole Pelagie</areaDesc>
      <geocode>
        <valueName>Zona di Allerta</valueName>
        <value>Sici-E</value>
      </geocode>
    </area>
    <area>
      <areaDesc>Sud-Orientale, versante Stretto di Sicilia</areaDesc>
      <geocode>
        <valueName>Zona di Allerta</valueName>
        <value>Sici-F</value>
      </geocode>
    </area>
    <area>
      <areaDesc>Bacino del Fiume Simeto</areaDesc>
      <geocode>
        <valueName>Zona di Allerta</valueName>
        <value>Sici-H</value>
      </geocode>
    </area>
  </info>
  <info>
    <category>Met</category>
    <event>ORDINARIA CRITICITA' PER RISCHIO IDROGEOLOGICO / ALLERTA GIALLA:</event>
    <responseType>Prepare</responseType>
    <urgency>Expected</urgency>
    <severity>Moderate</severity>
    <certainty>Likely</certainty>
    <onset>2021-11-22T00:00:00+01:00</onset>
    <expires>2021-11-22T23:59:59+01:00</expires>
    <senderName>DIPARTIMENTO DI PROTEZIONE CIVILE</senderName>
    <description>all_GIALLA PER DOMANI SU:</description>
    <area>
      <areaDesc>Tusciano e Alto Sele</areaDesc>
      <geocode>
        <valueName>Zona di Allerta</valueName>
        <value>Camp-5</value>
      </geocode>
    </area>
    <area>
      <areaDesc>Piana Sele e Alto Cilento</areaDesc>
      <geocode>
        <valueName>Zona di Allerta</valueName>
        <value>Camp-6</value>
      </geocode>
    </area>
    <area>
      <areaDesc>Alto Volturno e Matese</areaDesc>
      <geocode>
        <valueName>Zona di Allerta</valueName>
        <value>Camp-2</value>
      </geocode>
    </area>
    <area>
      <areaDesc>Penisola sorrentino-amalfitana, Monti di Sarno e Monti Picentini</areaDesc>
      <geocode>
        <valueName>Zona di Allerta</valueName>
        <value>Camp-3</value>
      </geocode>
    </area>
    <area>
      <areaDesc>Basso Cilento</areaDesc>
      <geocode>
        <valueName>Zona di Allerta</valueName>
        <value>Camp-8</value>
      </geocode>
    </area>
    <area>
      <areaDesc>Piana campana, Napoli, Isole e Area vesuviana</areaDesc>
      <geocode>
        <valueName>Zona di Allerta</valueName>
        <value>Camp-1</value>
      </geocode>
    </area>
    <area>
      <areaDesc>Bacino del Liri</areaDesc>
      <geocode>
        <valueName>Zona di Allerta</valueName>
        <value>Lazi-G</value>
      </geocode>
    </area>
    <area>
      <areaDesc>Bacini Costieri Sud</areaDesc>
      <geocode>
        <valueName>Zona di Allerta</valueName>
        <value>Lazi-F</value>
      </geocode>
    </area>
    <area>
      <areaDesc>Bacini Costieri Nord</areaDesc>
      <geocode>
        <valueName>Zona di Allerta</valueName>
        <value>Lazi-A</value>
      </geocode>
    </area>
    <area>
      <areaDesc>Bacini di Roma</areaDesc>
      <geocode>
        <valueName>Zona di Allerta</valueName>
        <value>Lazi-D</value>
      </geocode>
    </area>
    <area>
      <areaDesc>Alto Volturno - Medio Sangro</areaDesc>
      <geocode>
        <valueName>Zona di Allerta</valueName>
        <value>Moli-A</value>
      </geocode>
    </area>
    <area>
      <areaDesc>Frentani - Sannio - Matese</areaDesc>
      <geocode>
        <valueName>Zona di Allerta</valueName>
        <value>Moli-B</value>
      </geocode>
    </area>
    <area>
      <areaDesc>Salento</areaDesc>
      <geocode>
        <valueName>Zona di Allerta</valueName>
        <value>Pugl-D</value>
      </geocode>
    </area>
    <area>
      <areaDesc>Sub-Appennino Dauno</areaDesc>
      <geocode>
        <valueName>Zona di Allerta</valueName>
        <value>Pugl-H</value>
      </geocode>
    </area>
    <area>
      <areaDesc>Campidano</areaDesc>
      <geocode>
        <valueName>Zona di Allerta</valueName>
        <value>Sard-B</value>
      </geocode>
    </area>
    <area>
      <areaDesc>Logudoro</areaDesc>
      <geocode>
        <valueName>Zona di Allerta</valueName>
        <value>Sard-G</value>
      </geocode>
    </area>
    <area>
      <areaDesc>Iglesiente</areaDesc>
      <geocode>
        <valueName>Zona di Allerta</valueName>
        <value>Sard-A</value>
      </geocode>
    </area>
    <area>
      <areaDesc>Bacini Montevecchio - Pischilappiu</areaDesc>
      <geocode>
        <valueName>Zona di Allerta</valueName>
        <value>Sard-C</value>
      </geocode>
    </area>
    <area>
      <areaDesc>Bacino del Tirso</areaDesc>
      <geocode>
        <valueName>Zona di Allerta</valueName>
        <value>Sard-E</value>
      </geocode>
    </area>
    <area>
      <areaDesc>Nord-Occidentale e isole Egadi e Ustica</areaDesc>
      <geocode>
        <valueName>Zona di Allerta</valueName>
        <value>Sici-C</value>
      </geocode>
    </area>
    <area>
      <areaDesc>Sud-Occidentale e isola di Pantelleria</areaDesc>
      <geocode>
        <valueName>Zona di Allerta</valueName>
        <value>Sici-D</value>
      </geocode>
    </area>
    <area>
      <areaDesc>Sud-Orientale, versante ionico</areaDesc>
      <geocode>
        <valueName>Zona di Allerta</valueName>
        <value>Sici-G</value>
      </geocode>
    </area>
    <area>
      <areaDesc>Nord-Orientale, versante ionico</areaDesc>
      <geocode>
        <valueName>Zona di Allerta</valueName>
        <value>Sici-I</value>
      </geocode>
    </area>
    <area>
      <areaDesc>Centro-Meridionale e isole Pelagie</areaDesc>
      <geocode>
        <valueName>Zona di Allerta</valueName>
        <value>Sici-E</value>
      </geocode>
    </area>
    <area>
      <areaDesc>Sud-Orientale, versante Stretto di Sicilia</areaDesc>
      <geocode>
        <valueName>Zona di Allerta</valueName>
        <value>Sici-F</value>
      </geocode>
    </area>
    <area>
      <areaDesc>Bacino del Fiume Simeto</areaDesc>
      <geocode>
        <valueName>Zona di Allerta</valueName>
        <value>Sici-H</value>
      </geocode>
    </area>
  </info>
</alert>
