<?xml version='1.0' encoding='UTF-8'?>
<alert xmlns="urn:oasis:names:tc:emergency:cap:1.2">
  <identifier>DPC_BULLETIN_2021_09_21_57221</identifier>
  <sender>2.49.0.0.380.1</sender>
  <sent>2021-09-21T15:39:00+02:00</sent>
  <status>Actual</status>
  <msgType>Alert</msgType>
  <scope>Public</scope>
  <note />
  <info>
    <category>Met</category>
    <event>ORDINARIA CRITICITA' PER RISCHIO TEMPORALI / ALLERTA GIALLA:</event>
    <responseType>Prepare</responseType>
    <urgency>Expected</urgency>
    <severity>Moderate</severity>
    <certainty>Likely</certainty>
    <onset>2021-09-21T12:00:00+02:00</onset>
    <expires>2021-09-21T23:59:59+02:00</expires>
    <senderName>DIPARTIMENTO DI PROTEZIONE CIVILE</senderName>
    <description>all_GIALLA PER OGGI SU:</description>
    <area>
      <areaDesc>Frentani - Sannio - Matese</areaDesc>
      <geocode>
        <valueName>Zona di Allerta</valueName>
        <value>Moli-B</value>
      </geocode>
    </area>
    <area>
      <areaDesc>Litoranea</areaDesc>
      <geocode>
        <valueName>Zona di Allerta</valueName>
        <value>Moli-C</value>
      </geocode>
    </area>
    <area>
      <areaDesc>Gargano e Tremiti</areaDesc>
      <geocode>
        <valueName>Zona di Allerta</valueName>
        <value>Pugl-A</value>
      </geocode>
    </area>
    <area>
      <areaDesc>Tavoliere - bassi bacini del Candelaro, Cervaro e Carapelle</areaDesc>
      <geocode>
        <valueName>Zona di Allerta</valueName>
        <value>Pugl-B</value>
      </geocode>
    </area>
    <area>
      <areaDesc>Basso Fortore</areaDesc>
      <geocode>
        <valueName>Zona di Allerta</valueName>
        <value>Pugl-I</value>
      </geocode>
    </area>
    <area>
      <areaDesc>Sub-Appennino Dauno</areaDesc>
      <geocode>
        <valueName>Zona di Allerta</valueName>
        <value>Pugl-H</value>
      </geocode>
    </area>
  </info>
  <info>
    <category>Met</category>
    <event>ORDINARIA CRITICITA' PER RISCHIO IDROGEOLOGICO / ALLERTA GIALLA:</event>
    <responseType>Prepare</responseType>
    <urgency>Expected</urgency>
    <severity>Moderate</severity>
    <certainty>Likely</certainty>
    <onset>2021-09-21T12:00:00+02:00</onset>
    <expires>2021-09-21T23:59:59+02:00</expires>
    <senderName>DIPARTIMENTO DI PROTEZIONE CIVILE</senderName>
    <description>all_GIALLA PER OGGI SU:</description>
    <area>
      <areaDesc>Gargano e Tremiti</areaDesc>
      <geocode>
        <valueName>Zona di Allerta</valueName>
        <value>Pugl-A</value>
      </geocode>
    </area>
    <area>
      <areaDesc>Tavoliere - bassi bacini del Candelaro, Cervaro e Carapelle</areaDesc>
      <geocode>
        <valueName>Zona di Allerta</valueName>
        <value>Pugl-B</value>
      </geocode>
    </area>
    <area>
      <areaDesc>Basso Fortore</areaDesc>
      <geocode>
        <valueName>Zona di Allerta</valueName>
        <value>Pugl-I</value>
      </geocode>
    </area>
    <area>
      <areaDesc>Sub-Appennino Dauno</areaDesc>
      <geocode>
        <valueName>Zona di Allerta</valueName>
        <value>Pugl-H</value>
      </geocode>
    </area>
  </info>
  <info>
    <category>Met</category>
    <event>ORDINARIA CRITICITA' PER RISCHIO IDRAULICO / ALLERTA GIALLA:</event>
    <responseType>Prepare</responseType>
    <urgency>Expected</urgency>
    <severity>Moderate</severity>
    <certainty>Likely</certainty>
    <onset>2021-09-22T00:00:00+02:00</onset>
    <expires>2021-09-22T23:59:59+02:00</expires>
    <senderName>DIPARTIMENTO DI PROTEZIONE CIVILE</senderName>
    <description>all_GIALLA PER DOMANI SU:</description>
    <area>
      <areaDesc>Versante Tirrenico Meridionale</areaDesc>
      <geocode>
        <valueName>Zona di Allerta</valueName>
        <value>Cala-4</value>
      </geocode>
    </area>
    <area>
      <areaDesc>Versante Jonico Meridionale</areaDesc>
      <geocode>
        <valueName>Zona di Allerta</valueName>
        <value>Cala-8</value>
      </geocode>
    </area>
  </info>
  <info>
    <category>Met</category>
    <event>ORDINARIA CRITICITA' PER RISCHIO TEMPORALI / ALLERTA GIALLA:</event>
    <responseType>Prepare</responseType>
    <urgency>Expected</urgency>
    <severity>Moderate</severity>
    <certainty>Likely</certainty>
    <onset>2021-09-22T00:00:00+02:00</onset>
    <expires>2021-09-22T23:59:59+02:00</expires>
    <senderName>DIPARTIMENTO DI PROTEZIONE CIVILE</senderName>
    <description>all_GIALLA PER DOMANI SU:</description>
    <area>
      <areaDesc>Versante Tirrenico Meridionale</areaDesc>
      <geocode>
        <valueName>Zona di Allerta</valueName>
        <value>Cala-4</value>
      </geocode>
    </area>
    <area>
      <areaDesc>Versante Jonico Meridionale</areaDesc>
      <geocode>
        <valueName>Zona di Allerta</valueName>
        <value>Cala-8</value>
      </geocode>
    </area>
    <area>
      <areaDesc>Centro-Settentrionale, versante tirrenico</areaDesc>
      <geocode>
        <valueName>Zona di Allerta</valueName>
        <value>Sici-B</value>
      </geocode>
    </area>
    <area>
      <areaDesc>Bacino del Fiume Simeto</areaDesc>
      <geocode>
        <valueName>Zona di Allerta</valueName>
        <value>Sici-H</value>
      </geocode>
    </area>
    <area>
      <areaDesc>Nord-Orientale, versante ionico</areaDesc>
      <geocode>
        <valueName>Zona di Allerta</valueName>
        <value>Sici-I</value>
      </geocode>
    </area>
    <area>
      <areaDesc>Nord-Orientale, versante tirrenico e isole Eolie</areaDesc>
      <geocode>
        <valueName>Zona di Allerta</valueName>
        <value>Sici-A</value>
      </geocode>
    </area>
  </info>
  <info>
    <category>Met</category>
    <event>ORDINARIA CRITICITA' PER RISCHIO IDROGEOLOGICO / ALLERTA GIALLA:</event>
    <responseType>Prepare</responseType>
    <urgency>Expected</urgency>
    <severity>Moderate</severity>
    <certainty>Likely</certainty>
    <onset>2021-09-22T00:00:00+02:00</onset>
    <expires>2021-09-22T23:59:59+02:00</expires>
    <senderName>DIPARTIMENTO DI PROTEZIONE CIVILE</senderName>
    <description>all_GIALLA PER DOMANI SU:</description>
    <area>
      <areaDesc>Versante Tirrenico Meridionale</areaDesc>
      <geocode>
        <valueName>Zona di Allerta</valueName>
        <value>Cala-4</value>
      </geocode>
    </area>
    <area>
      <areaDesc>Versante Jonico Meridionale</areaDesc>
      <geocode>
        <valueName>Zona di Allerta</valueName>
        <value>Cala-8</value>
      </geocode>
    </area>
    <area>
      <areaDesc>Centro-Settentrionale, versante tirrenico</areaDesc>
      <geocode>
        <valueName>Zona di Allerta</valueName>
        <value>Sici-B</value>
      </geocode>
    </area>
    <area>
      <areaDesc>Bacino del Fiume Simeto</areaDesc>
      <geocode>
        <valueName>Zona di Allerta</valueName>
        <value>Sici-H</value>
      </geocode>
    </area>
    <area>
      <areaDesc>Nord-Orientale, versante ionico</areaDesc>
      <geocode>
        <valueName>Zona di Allerta</valueName>
        <value>Sici-I</value>
      </geocode>
    </area>
    <area>
      <areaDesc>Nord-Orientale, versante tirrenico e isole Eolie</areaDesc>
      <geocode>
        <valueName>Zona di Allerta</valueName>
        <value>Sici-A</value>
      </geocode>
    </area>
  </info>
</alert>
