<?xml version="1.0" encoding="UTF-8" standalone="no"?><alert xmlns="urn:oasis:names:tc:emergency:cap:1.2">
  <identifier>DPC_BULLETIN_2023_07_24_82545</identifier>
  <sender>2.49.0.0.380.1</sender>
  <sent>2023-07-24T15:49:00+02:00</sent>
  <status>Actual</status>
  <msgType>Alert</msgType>
  <scope>Public</scope>
  <note>Per la giornata di oggi: Regioni Liguria e Veneto: per la validità temporale delle criticità si rimanda ai rispettivi bollettini regionali.
Per la giornata di domani: Regioni Liguria, Lombardia e Toscana: per la validità temporale delle criticità si rimanda ai rispettivi bollettini regionali.</note>
  <info>
    <category>Met</category>
    <event>MODERATA CRITICITA' PER RISCHIO TEMPORALI / ALLERTA ARANCIONE:</event>
    <responseType>Prepare</responseType>
    <urgency>Expected</urgency>
    <severity>Severe</severity>
    <certainty>Likely</certainty>
    <onset>2023-07-24T12:00:00+02:00</onset>
    <expires>2023-07-24T23:59:59+02:00</expires>
    <senderName>DIPARTIMENTO DI PROTEZIONE CIVILE</senderName>
    <description>all_ARANCIONE PER OGGI SU:</description>
    <area>
      <areaDesc>Laghi e Prealpi orientali</areaDesc>
      <geocode>
        <valueName>Zona di Allerta</valueName>
        <value>Lomb-08</value>
      </geocode>
    </area>
    <area>
      <areaDesc>Laghi e Prealpi Varesine</areaDesc>
      <geocode>
        <valueName>Zona di Allerta</valueName>
        <value>Lomb-04</value>
      </geocode>
    </area>
    <area>
      <areaDesc>Pianura centrale</areaDesc>
      <geocode>
        <valueName>Zona di Allerta</valueName>
        <value>Lomb-10</value>
      </geocode>
    </area>
    <area>
      <areaDesc>Lario e Prealpi occidentali</areaDesc>
      <geocode>
        <valueName>Zona di Allerta</valueName>
        <value>Lomb-05</value>
      </geocode>
    </area>
    <area>
      <areaDesc>Orobie bergamasche</areaDesc>
      <geocode>
        <valueName>Zona di Allerta</valueName>
        <value>Lomb-06</value>
      </geocode>
    </area>
    <area>
      <areaDesc>Nodo Idraulico di Milano</areaDesc>
      <geocode>
        <valueName>Zona di Allerta</valueName>
        <value>Lomb-09</value>
      </geocode>
    </area>
    <area>
      <areaDesc>Alta pianura orientale</areaDesc>
      <geocode>
        <valueName>Zona di Allerta</valueName>
        <value>Lomb-11</value>
      </geocode>
    </area>
    <area>
      <areaDesc>Livenza, Lemene e Tagliamento</areaDesc>
      <geocode>
        <valueName>Zona di Allerta</valueName>
        <value>Vene-G</value>
      </geocode>
    </area>
    <area>
      <areaDesc>Adige-Garda e monti Lessini</areaDesc>
      <geocode>
        <valueName>Zona di Allerta</valueName>
        <value>Vene-C</value>
      </geocode>
    </area>
    <area>
      <areaDesc>Piave pedemontano</areaDesc>
      <geocode>
        <valueName>Zona di Allerta</valueName>
        <value>Vene-H</value>
      </geocode>
    </area>
    <area>
      <areaDesc>Alto Piave</areaDesc>
      <geocode>
        <valueName>Zona di Allerta</valueName>
        <value>Vene-A</value>
      </geocode>
    </area>
    <area>
      <areaDesc>Alto Brenta-Bacchiglione-Alpone</areaDesc>
      <geocode>
        <valueName>Zona di Allerta</valueName>
        <value>Vene-B</value>
      </geocode>
    </area>
    <area>
      <areaDesc>Basso Piave, Sile e Bacino scolante in laguna</areaDesc>
      <geocode>
        <valueName>Zona di Allerta</valueName>
        <value>Vene-F</value>
      </geocode>
    </area>
    <area>
      <areaDesc>Basso Brenta-Bacchiglione e Fratta Gorzone</areaDesc>
      <geocode>
        <valueName>Zona di Allerta</valueName>
        <value>Vene-E</value>
      </geocode>
    </area>
    <area>
      <areaDesc>Po, Fissero-Tartaro-Canalbianco e Basso Adige</areaDesc>
      <geocode>
        <valueName>Zona di Allerta</valueName>
        <value>Vene-D</value>
      </geocode>
    </area>
  </info>
  <info>
    <category>Met</category>
    <event>ORDINARIA CRITICITA' PER RISCHIO TEMPORALI / ALLERTA GIALLA:</event>
    <responseType>Prepare</responseType>
    <urgency>Expected</urgency>
    <severity>Moderate</severity>
    <certainty>Likely</certainty>
    <onset>2023-07-24T12:00:00+02:00</onset>
    <expires>2023-07-24T23:59:59+02:00</expires>
    <senderName>DIPARTIMENTO DI PROTEZIONE CIVILE</senderName>
    <description>all_GIALLA PER OGGI SU:</description>
    <area>
      <areaDesc>Bacino di Levante / Carso</areaDesc>
      <geocode>
        <valueName>Zona di Allerta</valueName>
        <value>Friu-D</value>
      </geocode>
    </area>
    <area>
      <areaDesc>Bacino dell'Isonzo e Pianura di Udine e Gorizia</areaDesc>
      <geocode>
        <valueName>Zona di Allerta</valueName>
        <value>Friu-C</value>
      </geocode>
    </area>
    <area>
      <areaDesc>Bacino montano del Tagliamento e del Torre</areaDesc>
      <geocode>
        <valueName>Zona di Allerta</valueName>
        <value>Friu-B</value>
      </geocode>
    </area>
    <area>
      <areaDesc>Bacino del Livenza e del Lemene</areaDesc>
      <geocode>
        <valueName>Zona di Allerta</valueName>
        <value>Friu-A</value>
      </geocode>
    </area>
    <area>
      <areaDesc>Bacini Liguri Padani di Ponente</areaDesc>
      <geocode>
        <valueName>Zona di Allerta</valueName>
        <value>Ligu-D</value>
      </geocode>
    </area>
    <area>
      <areaDesc>Bacini Liguri Marittimi di Ponente</areaDesc>
      <geocode>
        <valueName>Zona di Allerta</valueName>
        <value>Ligu-A</value>
      </geocode>
    </area>
    <area>
      <areaDesc>Bacini Liguri Marittimi di Levante</areaDesc>
      <geocode>
        <valueName>Zona di Allerta</valueName>
        <value>Ligu-C</value>
      </geocode>
    </area>
    <area>
      <areaDesc>Bacini Liguri Marittimi di Centro</areaDesc>
      <geocode>
        <valueName>Zona di Allerta</valueName>
        <value>Ligu-B</value>
      </geocode>
    </area>
    <area>
      <areaDesc>Bacini Liguri Padani di Levante</areaDesc>
      <geocode>
        <valueName>Zona di Allerta</valueName>
        <value>Ligu-E</value>
      </geocode>
    </area>
    <area>
      <areaDesc>Bassa pianura occidentale</areaDesc>
      <geocode>
        <valueName>Zona di Allerta</valueName>
        <value>Lomb-12</value>
      </geocode>
    </area>
    <area>
      <areaDesc>Bassa pianura orientale</areaDesc>
      <geocode>
        <valueName>Zona di Allerta</valueName>
        <value>Lomb-15</value>
      </geocode>
    </area>
    <area>
      <areaDesc>Alta Valtellina</areaDesc>
      <geocode>
        <valueName>Zona di Allerta</valueName>
        <value>Lomb-03</value>
      </geocode>
    </area>
    <area>
      <areaDesc>Valcamonica</areaDesc>
      <geocode>
        <valueName>Zona di Allerta</valueName>
        <value>Lomb-07</value>
      </geocode>
    </area>
    <area>
      <areaDesc>Bassa pianura centro-occidentale</areaDesc>
      <geocode>
        <valueName>Zona di Allerta</valueName>
        <value>Lomb-13</value>
      </geocode>
    </area>
    <area>
      <areaDesc>Appennino pavese</areaDesc>
      <geocode>
        <valueName>Zona di Allerta</valueName>
        <value>Lomb-16</value>
      </geocode>
    </area>
    <area>
      <areaDesc>Bassa pianura centro-orientale</areaDesc>
      <geocode>
        <valueName>Zona di Allerta</valueName>
        <value>Lomb-14</value>
      </geocode>
    </area>
    <area>
      <areaDesc>Valchiavenna</areaDesc>
      <geocode>
        <valueName>Zona di Allerta</valueName>
        <value>Lomb-01</value>
      </geocode>
    </area>
    <area>
      <areaDesc>Media-bassa Valtellina</areaDesc>
      <geocode>
        <valueName>Zona di Allerta</valueName>
        <value>Lomb-02</value>
      </geocode>
    </area>
    <area>
      <areaDesc>Marc-2</areaDesc>
      <geocode>
        <valueName>Zona di Allerta</valueName>
        <value>Marc-2</value>
      </geocode>
    </area>
    <area>
      <areaDesc>Marc-1</areaDesc>
      <geocode>
        <valueName>Zona di Allerta</valueName>
        <value>Marc-1</value>
      </geocode>
    </area>
    <area>
      <areaDesc>Marc-3</areaDesc>
      <geocode>
        <valueName>Zona di Allerta</valueName>
        <value>Marc-3</value>
      </geocode>
    </area>
    <area>
      <areaDesc>Marc-5</areaDesc>
      <geocode>
        <valueName>Zona di Allerta</valueName>
        <value>Marc-5</value>
      </geocode>
    </area>
    <area>
      <areaDesc>Marc-4</areaDesc>
      <geocode>
        <valueName>Zona di Allerta</valueName>
        <value>Marc-4</value>
      </geocode>
    </area>
    <area>
      <areaDesc>Marc-6</areaDesc>
      <geocode>
        <valueName>Zona di Allerta</valueName>
        <value>Marc-6</value>
      </geocode>
    </area>
    <area>
      <areaDesc>Valli Orco, Lanzo e Sangone</areaDesc>
      <geocode>
        <valueName>Zona di Allerta</valueName>
        <value>Piem-C</value>
      </geocode>
    </area>
    <area>
      <areaDesc>Val Sesia, Cervo e Chiusella</areaDesc>
      <geocode>
        <valueName>Zona di Allerta</valueName>
        <value>Piem-B</value>
      </geocode>
    </area>
    <area>
      <areaDesc>Toce</areaDesc>
      <geocode>
        <valueName>Zona di Allerta</valueName>
        <value>Piem-A</value>
      </geocode>
    </area>
    <area>
      <areaDesc>Pianura Torinese e Colline</areaDesc>
      <geocode>
        <valueName>Zona di Allerta</valueName>
        <value>Piem-L</value>
      </geocode>
    </area>
    <area>
      <areaDesc>Pianura settentrionale</areaDesc>
      <geocode>
        <valueName>Zona di Allerta</valueName>
        <value>Piem-I</value>
      </geocode>
    </area>
    <area>
      <areaDesc>Provincia Autonoma di Trento</areaDesc>
      <geocode>
        <valueName>Zona di Allerta</valueName>
        <value>Tren-B</value>
      </geocode>
    </area>
    <area>
      <areaDesc>Provincia Autonoma di Bolzano</areaDesc>
      <geocode>
        <valueName>Zona di Allerta</valueName>
        <value>Tren-A</value>
      </geocode>
    </area>
    <area>
      <areaDesc>Valle di Cogne, Valsavarenche e Valle di Rhêmes</areaDesc>
      <geocode>
        <valueName>Zona di Allerta</valueName>
        <value>VDAo-C</value>
      </geocode>
    </area>
    <area>
      <areaDesc>Dorsale settentrionale e nord-occidentale, Valgrisenche e Valdigne</areaDesc>
      <geocode>
        <valueName>Zona di Allerta</valueName>
        <value>VDAo-D</value>
      </geocode>
    </area>
    <area>
      <areaDesc>Valle d’Aosta centrale, Valle del Gran San Bernardo da Aosta a Valpelline,Valle di Saint-Barthélemy e Valtournenche</areaDesc>
      <geocode>
        <valueName>Zona di Allerta</valueName>
        <value>VDAo-A</value>
      </geocode>
    </area>
    <area>
      <areaDesc>Bassa Valle d’Aosta, dalla Gola di Montjovet a Pont-Saint-Martin, Valle del torrente Chalamy, Valle d’Ayas, Valle di Champorcher e Valle di Gressoney</areaDesc>
      <geocode>
        <valueName>Zona di Allerta</valueName>
        <value>VDAo-B</value>
      </geocode>
    </area>
  </info>
  <info>
    <category>Met</category>
    <event>ORDINARIA CRITICITA' PER RISCHIO IDROGEOLOGICO / ALLERTA GIALLA:</event>
    <responseType>Prepare</responseType>
    <urgency>Expected</urgency>
    <severity>Moderate</severity>
    <certainty>Likely</certainty>
    <onset>2023-07-24T12:00:00+02:00</onset>
    <expires>2023-07-24T23:59:59+02:00</expires>
    <senderName>DIPARTIMENTO DI PROTEZIONE CIVILE</senderName>
    <description>all_GIALLA PER OGGI SU:</description>
    <area>
      <areaDesc>Laghi e Prealpi orientali</areaDesc>
      <geocode>
        <valueName>Zona di Allerta</valueName>
        <value>Lomb-08</value>
      </geocode>
    </area>
    <area>
      <areaDesc>Laghi e Prealpi Varesine</areaDesc>
      <geocode>
        <valueName>Zona di Allerta</valueName>
        <value>Lomb-04</value>
      </geocode>
    </area>
    <area>
      <areaDesc>Lario e Prealpi occidentali</areaDesc>
      <geocode>
        <valueName>Zona di Allerta</valueName>
        <value>Lomb-05</value>
      </geocode>
    </area>
    <area>
      <areaDesc>Orobie bergamasche</areaDesc>
      <geocode>
        <valueName>Zona di Allerta</valueName>
        <value>Lomb-06</value>
      </geocode>
    </area>
    <area>
      <areaDesc>Nodo Idraulico di Milano</areaDesc>
      <geocode>
        <valueName>Zona di Allerta</valueName>
        <value>Lomb-09</value>
      </geocode>
    </area>
    <area>
      <areaDesc>Provincia Autonoma di Trento</areaDesc>
      <geocode>
        <valueName>Zona di Allerta</valueName>
        <value>Tren-B</value>
      </geocode>
    </area>
    <area>
      <areaDesc>Provincia Autonoma di Bolzano</areaDesc>
      <geocode>
        <valueName>Zona di Allerta</valueName>
        <value>Tren-A</value>
      </geocode>
    </area>
  </info>
  <info>
    <category>Met</category>
    <event>MODERATA CRITICITA' PER RISCHIO TEMPORALI / ALLERTA ARANCIONE:</event>
    <responseType>Prepare</responseType>
    <urgency>Expected</urgency>
    <severity>Severe</severity>
    <certainty>Likely</certainty>
    <onset>2023-07-25T00:00:00+02:00</onset>
    <expires>2023-07-25T23:59:59+02:00</expires>
    <senderName>DIPARTIMENTO DI PROTEZIONE CIVILE</senderName>
    <description>all_ARANCIONE PER DOMANI SU:</description>
    <area>
      <areaDesc>Laghi e Prealpi orientali</areaDesc>
      <geocode>
        <valueName>Zona di Allerta</valueName>
        <value>Lomb-08</value>
      </geocode>
    </area>
    <area>
      <areaDesc>Nodo Idraulico di Milano</areaDesc>
      <geocode>
        <valueName>Zona di Allerta</valueName>
        <value>Lomb-09</value>
      </geocode>
    </area>
    <area>
      <areaDesc>Bassa pianura occidentale</areaDesc>
      <geocode>
        <valueName>Zona di Allerta</valueName>
        <value>Lomb-12</value>
      </geocode>
    </area>
    <area>
      <areaDesc>Laghi e Prealpi Varesine</areaDesc>
      <geocode>
        <valueName>Zona di Allerta</valueName>
        <value>Lomb-04</value>
      </geocode>
    </area>
    <area>
      <areaDesc>Lario e Prealpi occidentali</areaDesc>
      <geocode>
        <valueName>Zona di Allerta</valueName>
        <value>Lomb-05</value>
      </geocode>
    </area>
    <area>
      <areaDesc>Orobie bergamasche</areaDesc>
      <geocode>
        <valueName>Zona di Allerta</valueName>
        <value>Lomb-06</value>
      </geocode>
    </area>
    <area>
      <areaDesc>Bassa pianura centro-occidentale</areaDesc>
      <geocode>
        <valueName>Zona di Allerta</valueName>
        <value>Lomb-13</value>
      </geocode>
    </area>
    <area>
      <areaDesc>Pianura centrale</areaDesc>
      <geocode>
        <valueName>Zona di Allerta</valueName>
        <value>Lomb-10</value>
      </geocode>
    </area>
    <area>
      <areaDesc>Alta pianura orientale</areaDesc>
      <geocode>
        <valueName>Zona di Allerta</valueName>
        <value>Lomb-11</value>
      </geocode>
    </area>
    <area>
      <areaDesc>Bassa pianura centro-orientale</areaDesc>
      <geocode>
        <valueName>Zona di Allerta</valueName>
        <value>Lomb-14</value>
      </geocode>
    </area>
    <area>
      <areaDesc>Bassa pianura orientale</areaDesc>
      <geocode>
        <valueName>Zona di Allerta</valueName>
        <value>Lomb-15</value>
      </geocode>
    </area>
    <area>
      <areaDesc>Appennino pavese</areaDesc>
      <geocode>
        <valueName>Zona di Allerta</valueName>
        <value>Lomb-16</value>
      </geocode>
    </area>
    <area>
      <areaDesc>Alto Brenta-Bacchiglione-Alpone</areaDesc>
      <geocode>
        <valueName>Zona di Allerta</valueName>
        <value>Vene-B</value>
      </geocode>
    </area>
    <area>
      <areaDesc>Adige-Garda e monti Lessini</areaDesc>
      <geocode>
        <valueName>Zona di Allerta</valueName>
        <value>Vene-C</value>
      </geocode>
    </area>
    <area>
      <areaDesc>Alto Piave</areaDesc>
      <geocode>
        <valueName>Zona di Allerta</valueName>
        <value>Vene-A</value>
      </geocode>
    </area>
    <area>
      <areaDesc>Po, Fissero-Tartaro-Canalbianco e Basso Adige</areaDesc>
      <geocode>
        <valueName>Zona di Allerta</valueName>
        <value>Vene-D</value>
      </geocode>
    </area>
    <area>
      <areaDesc>Basso Brenta-Bacchiglione e Fratta Gorzone</areaDesc>
      <geocode>
        <valueName>Zona di Allerta</valueName>
        <value>Vene-E</value>
      </geocode>
    </area>
    <area>
      <areaDesc>Basso Piave, Sile e Bacino scolante in laguna</areaDesc>
      <geocode>
        <valueName>Zona di Allerta</valueName>
        <value>Vene-F</value>
      </geocode>
    </area>
    <area>
      <areaDesc>Livenza, Lemene e Tagliamento</areaDesc>
      <geocode>
        <valueName>Zona di Allerta</valueName>
        <value>Vene-G</value>
      </geocode>
    </area>
    <area>
      <areaDesc>Piave pedemontano</areaDesc>
      <geocode>
        <valueName>Zona di Allerta</valueName>
        <value>Vene-H</value>
      </geocode>
    </area>
  </info>
  <info>
    <category>Met</category>
    <event>ORDINARIA CRITICITA' PER RISCHIO TEMPORALI / ALLERTA GIALLA:</event>
    <responseType>Prepare</responseType>
    <urgency>Expected</urgency>
    <severity>Moderate</severity>
    <certainty>Likely</certainty>
    <onset>2023-07-25T00:00:00+02:00</onset>
    <expires>2023-07-25T23:59:59+02:00</expires>
    <senderName>DIPARTIMENTO DI PROTEZIONE CIVILE</senderName>
    <description>all_GIALLA PER DOMANI SU:</description>
    <area>
      <areaDesc>Bassa collina piacentino-parmense</areaDesc>
      <geocode>
        <valueName>Zona di Allerta</valueName>
        <value>Emil-H1</value>
      </geocode>
    </area>
    <area>
      <areaDesc>Montagna piacentino-parmense</areaDesc>
      <geocode>
        <valueName>Zona di Allerta</valueName>
        <value>Emil-G2</value>
      </geocode>
    </area>
    <area>
      <areaDesc>Pianura reggiana</areaDesc>
      <geocode>
        <valueName>Zona di Allerta</valueName>
        <value>Emil-F2</value>
      </geocode>
    </area>
    <area>
      <areaDesc>Pianura modenese</areaDesc>
      <geocode>
        <valueName>Zona di Allerta</valueName>
        <value>Emil-F1</value>
      </geocode>
    </area>
    <area>
      <areaDesc>Montagna emiliana centrale</areaDesc>
      <geocode>
        <valueName>Zona di Allerta</valueName>
        <value>Emil-E1</value>
      </geocode>
    </area>
    <area>
      <areaDesc>Collina emiliana centrale</areaDesc>
      <geocode>
        <valueName>Zona di Allerta</valueName>
        <value>Emil-E2</value>
      </geocode>
    </area>
    <area>
      <areaDesc>Pianura reggiana di Po</areaDesc>
      <geocode>
        <valueName>Zona di Allerta</valueName>
        <value>Emil-F3</value>
      </geocode>
    </area>
    <area>
      <areaDesc>Pianura bolognese</areaDesc>
      <geocode>
        <valueName>Zona di Allerta</valueName>
        <value>Emil-D1</value>
      </geocode>
    </area>
    <area>
      <areaDesc>Alta collina piacentino-parmense</areaDesc>
      <geocode>
        <valueName>Zona di Allerta</valueName>
        <value>Emil-G1</value>
      </geocode>
    </area>
    <area>
      <areaDesc>Pianura piacentino-parmense</areaDesc>
      <geocode>
        <valueName>Zona di Allerta</valueName>
        <value>Emil-H2</value>
      </geocode>
    </area>
    <area>
      <areaDesc>Montagna bolognese</areaDesc>
      <geocode>
        <valueName>Zona di Allerta</valueName>
        <value>Emil-C1</value>
      </geocode>
    </area>
    <area>
      <areaDesc>Collina bolognese</areaDesc>
      <geocode>
        <valueName>Zona di Allerta</valueName>
        <value>Emil-C2</value>
      </geocode>
    </area>
    <area>
      <areaDesc>Pianura ferrarese</areaDesc>
      <geocode>
        <valueName>Zona di Allerta</valueName>
        <value>Emil-D3</value>
      </geocode>
    </area>
    <area>
      <areaDesc>Bacino dell'Isonzo e Pianura di Udine e Gorizia</areaDesc>
      <geocode>
        <valueName>Zona di Allerta</valueName>
        <value>Friu-C</value>
      </geocode>
    </area>
    <area>
      <areaDesc>Bacino del Livenza e del Lemene</areaDesc>
      <geocode>
        <valueName>Zona di Allerta</valueName>
        <value>Friu-A</value>
      </geocode>
    </area>
    <area>
      <areaDesc>Bacino di Levante / Carso</areaDesc>
      <geocode>
        <valueName>Zona di Allerta</valueName>
        <value>Friu-D</value>
      </geocode>
    </area>
    <area>
      <areaDesc>Bacino montano del Tagliamento e del Torre</areaDesc>
      <geocode>
        <valueName>Zona di Allerta</valueName>
        <value>Friu-B</value>
      </geocode>
    </area>
    <area>
      <areaDesc>Bacini Liguri Padani di Levante</areaDesc>
      <geocode>
        <valueName>Zona di Allerta</valueName>
        <value>Ligu-E</value>
      </geocode>
    </area>
    <area>
      <areaDesc>Bacini Liguri Marittimi di Ponente</areaDesc>
      <geocode>
        <valueName>Zona di Allerta</valueName>
        <value>Ligu-A</value>
      </geocode>
    </area>
    <area>
      <areaDesc>Bacini Liguri Marittimi di Centro</areaDesc>
      <geocode>
        <valueName>Zona di Allerta</valueName>
        <value>Ligu-B</value>
      </geocode>
    </area>
    <area>
      <areaDesc>Bacini Liguri Marittimi di Levante</areaDesc>
      <geocode>
        <valueName>Zona di Allerta</valueName>
        <value>Ligu-C</value>
      </geocode>
    </area>
    <area>
      <areaDesc>Bacini Liguri Padani di Ponente</areaDesc>
      <geocode>
        <valueName>Zona di Allerta</valueName>
        <value>Ligu-D</value>
      </geocode>
    </area>
    <area>
      <areaDesc>Valchiavenna</areaDesc>
      <geocode>
        <valueName>Zona di Allerta</valueName>
        <value>Lomb-01</value>
      </geocode>
    </area>
    <area>
      <areaDesc>Media-bassa Valtellina</areaDesc>
      <geocode>
        <valueName>Zona di Allerta</valueName>
        <value>Lomb-02</value>
      </geocode>
    </area>
    <area>
      <areaDesc>Alta Valtellina</areaDesc>
      <geocode>
        <valueName>Zona di Allerta</valueName>
        <value>Lomb-03</value>
      </geocode>
    </area>
    <area>
      <areaDesc>Valcamonica</areaDesc>
      <geocode>
        <valueName>Zona di Allerta</valueName>
        <value>Lomb-07</value>
      </geocode>
    </area>
    <area>
      <areaDesc>Marc-2</areaDesc>
      <geocode>
        <valueName>Zona di Allerta</valueName>
        <value>Marc-2</value>
      </geocode>
    </area>
    <area>
      <areaDesc>Marc-1</areaDesc>
      <geocode>
        <valueName>Zona di Allerta</valueName>
        <value>Marc-1</value>
      </geocode>
    </area>
    <area>
      <areaDesc>Marc-3</areaDesc>
      <geocode>
        <valueName>Zona di Allerta</valueName>
        <value>Marc-3</value>
      </geocode>
    </area>
    <area>
      <areaDesc>Marc-5</areaDesc>
      <geocode>
        <valueName>Zona di Allerta</valueName>
        <value>Marc-5</value>
      </geocode>
    </area>
    <area>
      <areaDesc>Marc-4</areaDesc>
      <geocode>
        <valueName>Zona di Allerta</valueName>
        <value>Marc-4</value>
      </geocode>
    </area>
    <area>
      <areaDesc>Marc-6</areaDesc>
      <geocode>
        <valueName>Zona di Allerta</valueName>
        <value>Marc-6</value>
      </geocode>
    </area>
    <area>
      <areaDesc>Valdelsa-Valdera</areaDesc>
      <geocode>
        <valueName>Zona di Allerta</valueName>
        <value>Tosc-A5</value>
      </geocode>
    </area>
    <area>
      <areaDesc>Isole</areaDesc>
      <geocode>
        <valueName>Zona di Allerta</valueName>
        <value>Tosc-I</value>
      </geocode>
    </area>
    <area>
      <areaDesc>Valdichiana</areaDesc>
      <geocode>
        <valueName>Zona di Allerta</valueName>
        <value>Tosc-C</value>
      </geocode>
    </area>
    <area>
      <areaDesc>Etruria-Costa Nord</areaDesc>
      <geocode>
        <valueName>Zona di Allerta</valueName>
        <value>Tosc-E2</value>
      </geocode>
    </area>
    <area>
      <areaDesc>Etruria-Costa Sud</areaDesc>
      <geocode>
        <valueName>Zona di Allerta</valueName>
        <value>Tosc-E3</value>
      </geocode>
    </area>
    <area>
      <areaDesc>Fiora e Albegna</areaDesc>
      <geocode>
        <valueName>Zona di Allerta</valueName>
        <value>Tosc-F1</value>
      </geocode>
    </area>
    <area>
      <areaDesc>Fiora e Albegna-Costa e Giglio</areaDesc>
      <geocode>
        <valueName>Zona di Allerta</valueName>
        <value>Tosc-F2</value>
      </geocode>
    </area>
    <area>
      <areaDesc>Ombrone Gr-Alto</areaDesc>
      <geocode>
        <valueName>Zona di Allerta</valueName>
        <value>Tosc-O1</value>
      </geocode>
    </area>
    <area>
      <areaDesc>Serchio-Costa</areaDesc>
      <geocode>
        <valueName>Zona di Allerta</valueName>
        <value>Tosc-S3</value>
      </geocode>
    </area>
    <area>
      <areaDesc>Valdarno Inf.</areaDesc>
      <geocode>
        <valueName>Zona di Allerta</valueName>
        <value>Tosc-A4</value>
      </geocode>
    </area>
    <area>
      <areaDesc>Bisenzio e Ombrone Pt</areaDesc>
      <geocode>
        <valueName>Zona di Allerta</valueName>
        <value>Tosc-B</value>
      </geocode>
    </area>
    <area>
      <areaDesc>Etruria</areaDesc>
      <geocode>
        <valueName>Zona di Allerta</valueName>
        <value>Tosc-E1</value>
      </geocode>
    </area>
    <area>
      <areaDesc>Lunigiana</areaDesc>
      <geocode>
        <valueName>Zona di Allerta</valueName>
        <value>Tosc-L</value>
      </geocode>
    </area>
    <area>
      <areaDesc>Mugello-Val di Sieve</areaDesc>
      <geocode>
        <valueName>Zona di Allerta</valueName>
        <value>Tosc-M</value>
      </geocode>
    </area>
    <area>
      <areaDesc>Reno</areaDesc>
      <geocode>
        <valueName>Zona di Allerta</valueName>
        <value>Tosc-R1</value>
      </geocode>
    </area>
    <area>
      <areaDesc>Romagna-Toscana</areaDesc>
      <geocode>
        <valueName>Zona di Allerta</valueName>
        <value>Tosc-R2</value>
      </geocode>
    </area>
    <area>
      <areaDesc>Serchio-Garfagnana-Lima</areaDesc>
      <geocode>
        <valueName>Zona di Allerta</valueName>
        <value>Tosc-S1</value>
      </geocode>
    </area>
    <area>
      <areaDesc>Serchio-Lucca</areaDesc>
      <geocode>
        <valueName>Zona di Allerta</valueName>
        <value>Tosc-S2</value>
      </geocode>
    </area>
    <area>
      <areaDesc>Versilia</areaDesc>
      <geocode>
        <valueName>Zona di Allerta</valueName>
        <value>Tosc-V</value>
      </geocode>
    </area>
    <area>
      <areaDesc>Ombrone Gr-Medio</areaDesc>
      <geocode>
        <valueName>Zona di Allerta</valueName>
        <value>Tosc-O2</value>
      </geocode>
    </area>
    <area>
      <areaDesc>Arno-Casentino</areaDesc>
      <geocode>
        <valueName>Zona di Allerta</valueName>
        <value>Tosc-A1</value>
      </geocode>
    </area>
    <area>
      <areaDesc>Arno-Valdarno Sup.</areaDesc>
      <geocode>
        <valueName>Zona di Allerta</valueName>
        <value>Tosc-A2</value>
      </geocode>
    </area>
    <area>
      <areaDesc>Arno-Firenze</areaDesc>
      <geocode>
        <valueName>Zona di Allerta</valueName>
        <value>Tosc-A3</value>
      </geocode>
    </area>
    <area>
      <areaDesc>Arno-Costa</areaDesc>
      <geocode>
        <valueName>Zona di Allerta</valueName>
        <value>Tosc-A6</value>
      </geocode>
    </area>
    <area>
      <areaDesc>Ombrone Gr-Costa</areaDesc>
      <geocode>
        <valueName>Zona di Allerta</valueName>
        <value>Tosc-O3</value>
      </geocode>
    </area>
    <area>
      <areaDesc>Valtiberina</areaDesc>
      <geocode>
        <valueName>Zona di Allerta</valueName>
        <value>Tosc-T</value>
      </geocode>
    </area>
    <area>
      <areaDesc>Provincia Autonoma di Trento</areaDesc>
      <geocode>
        <valueName>Zona di Allerta</valueName>
        <value>Tren-B</value>
      </geocode>
    </area>
    <area>
      <areaDesc>Provincia Autonoma di Bolzano</areaDesc>
      <geocode>
        <valueName>Zona di Allerta</valueName>
        <value>Tren-A</value>
      </geocode>
    </area>
  </info>
  <info>
    <category>Met</category>
    <event>ORDINARIA CRITICITA' PER RISCHIO IDROGEOLOGICO / ALLERTA GIALLA:</event>
    <responseType>Prepare</responseType>
    <urgency>Expected</urgency>
    <severity>Moderate</severity>
    <certainty>Likely</certainty>
    <onset>2023-07-25T00:00:00+02:00</onset>
    <expires>2023-07-25T23:59:59+02:00</expires>
    <senderName>DIPARTIMENTO DI PROTEZIONE CIVILE</senderName>
    <description>all_GIALLA PER DOMANI SU:</description>
    <area>
      <areaDesc>Laghi e Prealpi orientali</areaDesc>
      <geocode>
        <valueName>Zona di Allerta</valueName>
        <value>Lomb-08</value>
      </geocode>
    </area>
    <area>
      <areaDesc>Nodo Idraulico di Milano</areaDesc>
      <geocode>
        <valueName>Zona di Allerta</valueName>
        <value>Lomb-09</value>
      </geocode>
    </area>
    <area>
      <areaDesc>Laghi e Prealpi Varesine</areaDesc>
      <geocode>
        <valueName>Zona di Allerta</valueName>
        <value>Lomb-04</value>
      </geocode>
    </area>
    <area>
      <areaDesc>Lario e Prealpi occidentali</areaDesc>
      <geocode>
        <valueName>Zona di Allerta</valueName>
        <value>Lomb-05</value>
      </geocode>
    </area>
    <area>
      <areaDesc>Orobie bergamasche</areaDesc>
      <geocode>
        <valueName>Zona di Allerta</valueName>
        <value>Lomb-06</value>
      </geocode>
    </area>
    <area>
      <areaDesc>Provincia Autonoma di Trento</areaDesc>
      <geocode>
        <valueName>Zona di Allerta</valueName>
        <value>Tren-B</value>
      </geocode>
    </area>
    <area>
      <areaDesc>Provincia Autonoma di Bolzano</areaDesc>
      <geocode>
        <valueName>Zona di Allerta</valueName>
        <value>Tren-A</value>
      </geocode>
    </area>
  </info>
<ds:Signature xmlns:ds="http://www.w3.org/2000/09/xmldsig#" Id="Signer-T-1690207970695"><ds:SignedInfo><ds:CanonicalizationMethod Algorithm="http://www.w3.org/2006/12/xml-c14n11#WithComments"/><ds:SignatureMethod Algorithm="http://www.w3.org/2001/04/xmldsig-more#rsa-sha256"/><ds:Reference Id="r-doc-Signer-T-1690207970695" URI=""><ds:Transforms><ds:Transform Algorithm="http://www.w3.org/2002/06/xmldsig-filter2"><XPath xmlns="http://www.w3.org/2002/06/xmldsig-filter2" Filter="subtract">/descendant::ds:Signature</XPath></ds:Transform></ds:Transforms><ds:DigestMethod Algorithm="http://www.w3.org/2001/04/xmlenc#sha256"/><ds:DigestValue>+IVJMZXGsU3r6+a3F0c2aiya8RVLesbJJIgY450dGF8=</ds:DigestValue></ds:Reference><ds:Reference Type="http://uri.etsi.org/01903#SignedProperties" URI="#SignedProperties-Signer-T-1690207970695"><ds:DigestMethod Algorithm="http://www.w3.org/2001/04/xmlenc#sha256"/><ds:DigestValue>StSZxUQqmRi7EY6w+kxyJ/rrUgTWhJrHAfuWpbhLAc0=</ds:DigestValue></ds:Reference><ds:Reference Id="r-keyinfo-Signer-T-1690207970695" URI="#KeyInfo-Signer-T-1690207970695"><ds:DigestMethod Algorithm="http://www.w3.org/2001/04/xmlenc#sha256"/><ds:DigestValue>4D0JpOV7m22wxSt6g5cTTBGcx19soYsiF59cYoLoaHA=</ds:DigestValue></ds:Reference></ds:SignedInfo><ds:SignatureValue Id="SignatureValue-Signer-T-1690207970695">SjvxHydbZHgZ7qASa0Df0Hug5CNa8Tq0vFGX6K2NUJaq+tlSyncMbV89EBQ0KV0RJvTwz9XcK3gx&#13;
6fyOlQN3b++TjvkMjMpzzgNW6Jad15y79lCmGzgq3FIIsAL3GmzCQDDSijBdxYRdEHKDqm7cvF4+&#13;
GivouLwth5q6vPeTsj1jXVZtQREa5ilXv5EzwHv4ngskufvVOgYpVZAv/1OBoqDf7Vke2ul1FxM5&#13;
ToU90kWTU8de9khGPUn9gYEasSiOLKelQN9T/8qIMZs7fAMY+kU0DSBXAd0tyk6kZQnsgzSXjuLw&#13;
b/F2Xx42/QnNjs20xjYBLAckUCzUe85joOzGoQ==</ds:SignatureValue><ds:KeyInfo Id="KeyInfo-Signer-T-1690207970695"><ds:X509Data><ds:X509Certificate>MIIHLjCCBRagAwIBAgIIPCAUIXGPfKgwDQYJKoZIhvcNAQELBQAwgbIxCzAJBgNVBAYTAklUMQ8w&#13;
DQYDVQQHDAZBcmV6em8xGDAWBgNVBAoMD0FydWJhUEVDIFMucC5BLjEaMBgGA1UEYQwRVkFUSVQt&#13;
MDE4NzkwMjA1MTcxKTAnBgNVBAsMIFF1YWxpZmllZCBUcnVzdCBTZXJ2aWNlIFByb3ZpZGVyMTEw&#13;
LwYDVQQDDChBcnViYVBFQyBFVSBRdWFsaWZpZWQgQ2VydGlmaWNhdGVzIENBIEcxMB4XDTIyMDYz&#13;
MDE1MTcwM1oXDTI1MDYzMDE1MTcwM1owgZExCzAJBgNVBAYTAklUMREwDwYDVQQEDAhTQU5USUxM&#13;
STESMBAGA1UEKgwJTkFaWkFSRU5PMR8wHQYDVQQFExZUSU5JVC1TTlROWlI2MFQyNUg1MDFBMRsw&#13;
GQYDVQQDDBJOQVpaQVJFTk8gU0FOVElMTEkxHTAbBgNVBC4TFFdTUkVGLTMxNzA0OTgxOTA5MjAy&#13;
MIIBIjANBgkqhkiG9w0BAQEFAAOCAQ8AMIIBCgKCAQEAtxf3b2EF5R7QQTYnj2LeqT2rxaWJ0LrO&#13;
JgT/7nOIxNhgq++QJG5UZVcB0W4w22On9jf0xka0AouNHE8XjsBWiNtAqu2g7J+H5i7cskPhoXX7&#13;
ypiRMmgQA8TbwbHiARz8wWilg4EkXClWBa7hZEUuNZdIKSlwNCOaPMIsmmgTOx3CVVvcNcrCoRaq&#13;
C0iwhCYT11vub4ELMtL/ucZwfdWBW2wNSQfBwzubOEzIaxpPWDqZ27d61ygv2lYRuaDGQNAKQMKg&#13;
6EWGbWVuS/Zo1E2vmCHlHbsWknHLME/7eUyEFSAGfejaDweq9vacD1MjnUcL5TjLvSd8Jt+H9Gm9&#13;
PL/LtQIDAQABo4ICZTCCAmEwfwYIKwYBBQUHAQEEczBxMDgGCCsGAQUFBzAChixodHRwOi8vY2Fj&#13;
ZXJ0LnBlYy5pdC9jZXJ0cy9hcnViYXBlYy1laWRhcy1nMTA1BggrBgEFBQcwAYYpaHR0cDovL29j&#13;
c3AwMS5wZWMuaXQvdmEvYXJ1YmFwZWMtZWlkYXMtZzEwHQYDVR0OBBYEFIVeI/VTgNcw7AAPZ/bZ&#13;
qlx5TQMoMB8GA1UdIwQYMBaAFMZvO4V70SaxeJpCpCVpDPb/eqBnMBsGA1UdEgQUMBKBEGluZm9A&#13;
YXJ1YmFwZWMuaXQwgb8GCCsGAQUFBwEDBIGyMIGvMAgGBgQAjkYBATALBgYEAI5GAQMCARQwCAYG&#13;
BACORgEEMIGLBgYEAI5GAQUwgYAwPhY4aHR0cHM6Ly93d3cucGVjLml0L3JlcG9zaXRvcnkvYXJ1&#13;
YmFwZWMtcXVhbGlmLXBkcy1pdC5wZGYTAml0MD4WOGh0dHBzOi8vd3d3LnBlYy5pdC9yZXBvc2l0&#13;
b3J5L2FydWJhcGVjLXF1YWxpZi1wZHMtZW4ucGRmEwJlbjBwBgNVHSAEaTBnMAkGBwQAi+xAAQIw&#13;
UgYLKwYBBAGB6C0BBwIwQzBBBggrBgEFBQcCARY1aHR0cHM6Ly93d3cucGVjLml0L3JlcG9zaXRv&#13;
cnkvYXJ1YmFwZWMtcXVhbGlmLWNwcy5wZGYwBgYEK0wQBjA9BgNVHR8ENjA0MDKgMKAuhixodHRw&#13;
Oi8vY3JsMDEucGVjLml0L3ZhL2FydWJhcGVjLWVpZGFzLWcxL2NybDAOBgNVHQ8BAf8EBAMCBkAw&#13;
DQYJKoZIhvcNAQELBQADggIBABACJG8p9T83M1aK4D39NeY0uR1NSN+h3VYq0JZvAzo8jFv6bsqt&#13;
i6ZEOOJGuqOqVlPqvGEbd5JDC/lqlW3xUXuXx30R4EpycTsDQRe+RDXIBygIhopotrnjENnUu8Ln&#13;
P3EBO1LVMZPPltuBF5lUzpu8lBo5B5WdrBr5BZ6tuPDryHy2KB3vIXi/ciJzPtGVvLbv3w7wkQo3&#13;
nlaSIYtDnf6U4xF0IdMRU8IJsFCRJx7r6wR5tOXxHTdeoVVh1Eq3Idz31WR099j1gQOOJoMMKfSe&#13;
+6p3DVGJgEzPKmwz98rCy/O76CNqjopnzfyoZWtpfeMwG3nQ5rFWzPHXN4HB9Uj3vlWOqhwQWe/n&#13;
u/Qm1w0WxzGmH/+fqou3fvHImb3g3SEe9WeHbTBlTA1gNuHoIqI4XQgUaCmhd0BYzXQJ0wy/LWH0&#13;
vI33fyFXBpATXgKtf2DFldhv0a9iqcUURPhhhYywmT1xVerx+nwITr4A5dw7zZuiSXRvkO9CB6Xg&#13;
XVdTFB6BNO3NOayV+vZasTZkfqLGzJiT7jWhFoTGoiWtfi2BQmy6P5p3DirtfDjQIxj6rkKEdUPR&#13;
rdG7KjC5HBX/qiRX/SPmmVjxncl1ypzuMl24IadCPP/UFYH/iSZ5KPkGtKNMs4pLALsYX+EnNgaF&#13;
LvXgF+I+GgB9iDtUG9dNl3YY</ds:X509Certificate></ds:X509Data></ds:KeyInfo><ds:Object><xades:QualifyingProperties xmlns:xades="http://uri.etsi.org/01903/v1.3.2#" Target="#Signer-T-1690207970695">
		<xades:SignedProperties Id="SignedProperties-Signer-T-1690207970695">
			<xades:SignedSignatureProperties>
				<xades:SigningTime>2023-07-24T16:12:50+02:00</xades:SigningTime>
				<xades:SigningCertificate>
					<xades:Cert>
						<xades:CertDigest>
							<ds:DigestMethod Algorithm="http://www.w3.org/2001/04/xmlenc#sha256"/>
							<ds:DigestValue>RRPRZfUt6t7P8pV/XJGluNzApQhdhbwdo7i+HPjjSXs=</ds:DigestValue>
						</xades:CertDigest>
						<xades:IssuerSerial><ds:X509IssuerName>CN=ArubaPEC EU Qualified Certificates CA G1,OU=Qualified Trust Service Provider,2.5.4.97=#0c1156415449542d3031383739303230353137,O=ArubaPEC S.p.A.,L=Arezzo,C=IT</ds:X509IssuerName><ds:X509SerialNumber>4332484975402122408</ds:X509SerialNumber></xades:IssuerSerial>
					</xades:Cert>
				</xades:SigningCertificate>
			</xades:SignedSignatureProperties>
		
			<xades:SignedDataObjectProperties>
				<xades:DataObjectFormat ObjectReference="#r-doc-Signer-T-1690207970695">
					<xades:MimeType>text/xml</xades:MimeType>
				</xades:DataObjectFormat>
			
				<xades:DataObjectFormat ObjectReference="#r-keyinfo-Signer-T-1690207970695">
					<xades:MimeType>text/xml</xades:MimeType>
				</xades:DataObjectFormat>
			</xades:SignedDataObjectProperties>
		</xades:SignedProperties>
	</xades:QualifyingProperties></ds:Object></ds:Signature></alert>