<?xml version="1.0" encoding="UTF-8" standalone="no"?><alert xmlns="urn:oasis:names:tc:emergency:cap:1.2">
  <identifier>DPC_BULLETIN_2023_06_07_80739</identifier>
  <sender>2.49.0.0.380.1</sender>
  <sent>2023-06-07T15:06:00+02:00</sent>
  <status>Actual</status>
  <msgType>Alert</msgType>
  <scope>Public</scope>
  <note>Per la giornata di oggi: Regione Basilicata: come disposto dagli Avvisi Rischio Grandi Dighe la criticità per il rischio idraulico previsionale è valutata:
-	Ordinaria con livello di allerta giallo, per i comuni a valle della diga di Monte Cotugno, previsti dal relativo Documento di Protezione Civile (Comuni interessati: Noepoli, Senise, Colobraro, Rotondella, Tursi, Valsinni);
-	Ordinaria con livello di allerta giallo, per i comuni a valle della diga di Acerenza previsti dal relativo Documento di Protezione Civile (Comuni interessati: Acerenza, Genzano di Lucania, Oppido Lucano, Irsina); 
-	Ordinaria con livello di allerta giallo, per i comuni a valle della diga di San Giuliano, previsti dal relativo Documento di Protezione Civile (Comuni interessati: Matera, Miglionico, Montescaglioso, Bernalda);

Regione Toscana: per la validità temporale delle criticità si rimanda al bollettino regionale.
Per la giornata di domani: Regione Basilicata: come disposto dagli Avvisi Rischio Grandi Dighe la criticità per il rischio idraulico previsionale è valutata:
-	Ordinaria con livello di allerta giallo, per i comuni a valle della diga di Monte Cotugno, previsti dal relativo Documento di Protezione Civile (Comuni interessati: Noepoli, Senise, Colobraro, Rotondella, Tursi, Valsinni);
-	Ordinaria con livello di allerta giallo, per i comuni a valle della diga di Acerenza previsti dal relativo Documento di Protezione Civile (Comuni interessati: Acerenza, Genzano di Lucania, Oppido Lucano, Irsina); 
-	Ordinaria con livello di allerta giallo, per i comuni a valle della diga di San Giuliano, previsti dal relativo Documento di Protezione Civile (Comuni interessati: Matera, Miglionico, Montescaglioso, Bernalda);</note>
  <info>
    <category>Met</category>
    <event>ORDINARIA CRITICITA' PER RISCHIO IDRAULICO / ALLERTA GIALLA:</event>
    <responseType>Prepare</responseType>
    <urgency>Expected</urgency>
    <severity>Moderate</severity>
    <certainty>Likely</certainty>
    <onset>2023-06-07T12:00:00+02:00</onset>
    <expires>2023-06-07T23:59:59+02:00</expires>
    <senderName>DIPARTIMENTO DI PROTEZIONE CIVILE</senderName>
    <description>all_GIALLA PER OGGI SU:</description>
    <area>
      <areaDesc>Costa romagnola</areaDesc>
      <geocode>
        <valueName>Zona di Allerta</valueName>
        <value>Emil-B2</value>
      </geocode>
    </area>
    <area>
      <areaDesc>Bassa collina e pianura romagnola</areaDesc>
      <geocode>
        <valueName>Zona di Allerta</valueName>
        <value>Emil-B1</value>
      </geocode>
    </area>
    <area>
      <areaDesc>Pianura bolognese</areaDesc>
      <geocode>
        <valueName>Zona di Allerta</valueName>
        <value>Emil-D1</value>
      </geocode>
    </area>
  </info>
  <info>
    <category>Met</category>
    <event>ORDINARIA CRITICITA' PER RISCHIO TEMPORALI / ALLERTA GIALLA:</event>
    <responseType>Prepare</responseType>
    <urgency>Expected</urgency>
    <severity>Moderate</severity>
    <certainty>Likely</certainty>
    <onset>2023-06-07T12:00:00+02:00</onset>
    <expires>2023-06-07T23:59:59+02:00</expires>
    <senderName>DIPARTIMENTO DI PROTEZIONE CIVILE</senderName>
    <description>all_GIALLA PER OGGI SU:</description>
    <area>
      <areaDesc>Marsica</areaDesc>
      <geocode>
        <valueName>Zona di Allerta</valueName>
        <value>Abru-E</value>
      </geocode>
    </area>
    <area>
      <areaDesc>Bacino Alto del Sangro</areaDesc>
      <geocode>
        <valueName>Zona di Allerta</valueName>
        <value>Abru-D1</value>
      </geocode>
    </area>
    <area>
      <areaDesc>Bacino dell'Aterno</areaDesc>
      <geocode>
        <valueName>Zona di Allerta</valueName>
        <value>Abru-B</value>
      </geocode>
    </area>
    <area>
      <areaDesc>Basi-A1</areaDesc>
      <geocode>
        <valueName>Zona di Allerta</valueName>
        <value>Basi-A1</value>
      </geocode>
    </area>
    <area>
      <areaDesc>Basi-A2</areaDesc>
      <geocode>
        <valueName>Zona di Allerta</valueName>
        <value>Basi-A2</value>
      </geocode>
    </area>
    <area>
      <areaDesc>Basi-B</areaDesc>
      <geocode>
        <valueName>Zona di Allerta</valueName>
        <value>Basi-B</value>
      </geocode>
    </area>
    <area>
      <areaDesc>Basi-E2</areaDesc>
      <geocode>
        <valueName>Zona di Allerta</valueName>
        <value>Basi-E2</value>
      </geocode>
    </area>
    <area>
      <areaDesc>Basi-E1</areaDesc>
      <geocode>
        <valueName>Zona di Allerta</valueName>
        <value>Basi-E1</value>
      </geocode>
    </area>
    <area>
      <areaDesc>Basi-C</areaDesc>
      <geocode>
        <valueName>Zona di Allerta</valueName>
        <value>Basi-C</value>
      </geocode>
    </area>
    <area>
      <areaDesc>Basi-D</areaDesc>
      <geocode>
        <valueName>Zona di Allerta</valueName>
        <value>Basi-D</value>
      </geocode>
    </area>
    <area>
      <areaDesc>Versante Jonico Centro-settentrionale</areaDesc>
      <geocode>
        <valueName>Zona di Allerta</valueName>
        <value>Cala-6</value>
      </geocode>
    </area>
    <area>
      <areaDesc>Versante Tirrenico Centro-meridionale</areaDesc>
      <geocode>
        <valueName>Zona di Allerta</valueName>
        <value>Cala-3</value>
      </geocode>
    </area>
    <area>
      <areaDesc>Versante Jonico Settentrionale</areaDesc>
      <geocode>
        <valueName>Zona di Allerta</valueName>
        <value>Cala-5</value>
      </geocode>
    </area>
    <area>
      <areaDesc>Versante Jionico Centro-meridionale</areaDesc>
      <geocode>
        <valueName>Zona di Allerta</valueName>
        <value>Cala-7</value>
      </geocode>
    </area>
    <area>
      <areaDesc>Versante Tirrenico Meridionale</areaDesc>
      <geocode>
        <valueName>Zona di Allerta</valueName>
        <value>Cala-4</value>
      </geocode>
    </area>
    <area>
      <areaDesc>Versante Jonico Meridionale</areaDesc>
      <geocode>
        <valueName>Zona di Allerta</valueName>
        <value>Cala-8</value>
      </geocode>
    </area>
    <area>
      <areaDesc>Versante Tirrenico Settentrionale</areaDesc>
      <geocode>
        <valueName>Zona di Allerta</valueName>
        <value>Cala-1</value>
      </geocode>
    </area>
    <area>
      <areaDesc>Versante Tirrenico Centro-settentrionale</areaDesc>
      <geocode>
        <valueName>Zona di Allerta</valueName>
        <value>Cala-2</value>
      </geocode>
    </area>
    <area>
      <areaDesc>Pianura modenese</areaDesc>
      <geocode>
        <valueName>Zona di Allerta</valueName>
        <value>Emil-F1</value>
      </geocode>
    </area>
    <area>
      <areaDesc>Pianura reggiana</areaDesc>
      <geocode>
        <valueName>Zona di Allerta</valueName>
        <value>Emil-F2</value>
      </geocode>
    </area>
    <area>
      <areaDesc>Montagna piacentino-parmense</areaDesc>
      <geocode>
        <valueName>Zona di Allerta</valueName>
        <value>Emil-G2</value>
      </geocode>
    </area>
    <area>
      <areaDesc>Bassa collina piacentino-parmense</areaDesc>
      <geocode>
        <valueName>Zona di Allerta</valueName>
        <value>Emil-H1</value>
      </geocode>
    </area>
    <area>
      <areaDesc>Montagna romagnola</areaDesc>
      <geocode>
        <valueName>Zona di Allerta</valueName>
        <value>Emil-A1</value>
      </geocode>
    </area>
    <area>
      <areaDesc>Alta collina romagnola</areaDesc>
      <geocode>
        <valueName>Zona di Allerta</valueName>
        <value>Emil-A2</value>
      </geocode>
    </area>
    <area>
      <areaDesc>Collina emiliana centrale</areaDesc>
      <geocode>
        <valueName>Zona di Allerta</valueName>
        <value>Emil-E2</value>
      </geocode>
    </area>
    <area>
      <areaDesc>Montagna emiliana centrale</areaDesc>
      <geocode>
        <valueName>Zona di Allerta</valueName>
        <value>Emil-E1</value>
      </geocode>
    </area>
    <area>
      <areaDesc>Pianura reggiana di Po</areaDesc>
      <geocode>
        <valueName>Zona di Allerta</valueName>
        <value>Emil-F3</value>
      </geocode>
    </area>
    <area>
      <areaDesc>Montagna bolognese</areaDesc>
      <geocode>
        <valueName>Zona di Allerta</valueName>
        <value>Emil-C1</value>
      </geocode>
    </area>
    <area>
      <areaDesc>Alta collina piacentino-parmense</areaDesc>
      <geocode>
        <valueName>Zona di Allerta</valueName>
        <value>Emil-G1</value>
      </geocode>
    </area>
    <area>
      <areaDesc>Pianura piacentino-parmense</areaDesc>
      <geocode>
        <valueName>Zona di Allerta</valueName>
        <value>Emil-H2</value>
      </geocode>
    </area>
    <area>
      <areaDesc>Collina bolognese</areaDesc>
      <geocode>
        <valueName>Zona di Allerta</valueName>
        <value>Emil-C2</value>
      </geocode>
    </area>
    <area>
      <areaDesc>Bacino Medio Tevere</areaDesc>
      <geocode>
        <valueName>Zona di Allerta</valueName>
        <value>Lazi-B</value>
      </geocode>
    </area>
    <area>
      <areaDesc>Appennino di Rieti</areaDesc>
      <geocode>
        <valueName>Zona di Allerta</valueName>
        <value>Lazi-C</value>
      </geocode>
    </area>
    <area>
      <areaDesc>Aniene</areaDesc>
      <geocode>
        <valueName>Zona di Allerta</valueName>
        <value>Lazi-E</value>
      </geocode>
    </area>
    <area>
      <areaDesc>Bacino del Liri</areaDesc>
      <geocode>
        <valueName>Zona di Allerta</valueName>
        <value>Lazi-G</value>
      </geocode>
    </area>
    <area>
      <areaDesc>Laghi e Prealpi orientali</areaDesc>
      <geocode>
        <valueName>Zona di Allerta</valueName>
        <value>Lomb-08</value>
      </geocode>
    </area>
    <area>
      <areaDesc>Laghi e Prealpi Varesine</areaDesc>
      <geocode>
        <valueName>Zona di Allerta</valueName>
        <value>Lomb-04</value>
      </geocode>
    </area>
    <area>
      <areaDesc>Lario e Prealpi occidentali</areaDesc>
      <geocode>
        <valueName>Zona di Allerta</valueName>
        <value>Lomb-05</value>
      </geocode>
    </area>
    <area>
      <areaDesc>Orobie bergamasche</areaDesc>
      <geocode>
        <valueName>Zona di Allerta</valueName>
        <value>Lomb-06</value>
      </geocode>
    </area>
    <area>
      <areaDesc>Appennino pavese</areaDesc>
      <geocode>
        <valueName>Zona di Allerta</valueName>
        <value>Lomb-16</value>
      </geocode>
    </area>
    <area>
      <areaDesc>Marc-2</areaDesc>
      <geocode>
        <valueName>Zona di Allerta</valueName>
        <value>Marc-2</value>
      </geocode>
    </area>
    <area>
      <areaDesc>Marc-3</areaDesc>
      <geocode>
        <valueName>Zona di Allerta</valueName>
        <value>Marc-3</value>
      </geocode>
    </area>
    <area>
      <areaDesc>Marc-1</areaDesc>
      <geocode>
        <valueName>Zona di Allerta</valueName>
        <value>Marc-1</value>
      </geocode>
    </area>
    <area>
      <areaDesc>Marc-4</areaDesc>
      <geocode>
        <valueName>Zona di Allerta</valueName>
        <value>Marc-4</value>
      </geocode>
    </area>
    <area>
      <areaDesc>Marc-6</areaDesc>
      <geocode>
        <valueName>Zona di Allerta</valueName>
        <value>Marc-6</value>
      </geocode>
    </area>
    <area>
      <areaDesc>Marc-5</areaDesc>
      <geocode>
        <valueName>Zona di Allerta</valueName>
        <value>Marc-5</value>
      </geocode>
    </area>
    <area>
      <areaDesc>Alto Volturno - Medio Sangro</areaDesc>
      <geocode>
        <valueName>Zona di Allerta</valueName>
        <value>Moli-A</value>
      </geocode>
    </area>
    <area>
      <areaDesc>Frentani - Sannio - Matese</areaDesc>
      <geocode>
        <valueName>Zona di Allerta</valueName>
        <value>Moli-B</value>
      </geocode>
    </area>
    <area>
      <areaDesc>Bacini del Lato e del Lenne</areaDesc>
      <geocode>
        <valueName>Zona di Allerta</valueName>
        <value>Pugl-E</value>
      </geocode>
    </area>
    <area>
      <areaDesc>Basso Ofanto</areaDesc>
      <geocode>
        <valueName>Zona di Allerta</valueName>
        <value>Pugl-G</value>
      </geocode>
    </area>
    <area>
      <areaDesc>Sub-Appennino Dauno</areaDesc>
      <geocode>
        <valueName>Zona di Allerta</valueName>
        <value>Pugl-H</value>
      </geocode>
    </area>
    <area>
      <areaDesc>Puglia Centrale Bradanica</areaDesc>
      <geocode>
        <valueName>Zona di Allerta</valueName>
        <value>Pugl-F</value>
      </geocode>
    </area>
    <area>
      <areaDesc>Arno-Casentino</areaDesc>
      <geocode>
        <valueName>Zona di Allerta</valueName>
        <value>Tosc-A1</value>
      </geocode>
    </area>
    <area>
      <areaDesc>Mugello-Val di Sieve</areaDesc>
      <geocode>
        <valueName>Zona di Allerta</valueName>
        <value>Tosc-M</value>
      </geocode>
    </area>
    <area>
      <areaDesc>Reno</areaDesc>
      <geocode>
        <valueName>Zona di Allerta</valueName>
        <value>Tosc-R1</value>
      </geocode>
    </area>
    <area>
      <areaDesc>Romagna-Toscana</areaDesc>
      <geocode>
        <valueName>Zona di Allerta</valueName>
        <value>Tosc-R2</value>
      </geocode>
    </area>
    <area>
      <areaDesc>Valtiberina</areaDesc>
      <geocode>
        <valueName>Zona di Allerta</valueName>
        <value>Tosc-T</value>
      </geocode>
    </area>
    <area>
      <areaDesc>Alto Tevere</areaDesc>
      <geocode>
        <valueName>Zona di Allerta</valueName>
        <value>Umbr-A</value>
      </geocode>
    </area>
    <area>
      <areaDesc>Chiascio - Topino</areaDesc>
      <geocode>
        <valueName>Zona di Allerta</valueName>
        <value>Umbr-C</value>
      </geocode>
    </area>
    <area>
      <areaDesc>Nera - Corno</areaDesc>
      <geocode>
        <valueName>Zona di Allerta</valueName>
        <value>Umbr-D</value>
      </geocode>
    </area>
    <area>
      <areaDesc>Medio Tevere</areaDesc>
      <geocode>
        <valueName>Zona di Allerta</valueName>
        <value>Umbr-B</value>
      </geocode>
    </area>
    <area>
      <areaDesc>Trasimeno - Nestore</areaDesc>
      <geocode>
        <valueName>Zona di Allerta</valueName>
        <value>Umbr-E</value>
      </geocode>
    </area>
    <area>
      <areaDesc>Chiani - Paglia</areaDesc>
      <geocode>
        <valueName>Zona di Allerta</valueName>
        <value>Umbr-F</value>
      </geocode>
    </area>
  </info>
  <info>
    <category>Met</category>
    <event>ORDINARIA CRITICITA' PER RISCHIO IDROGEOLOGICO / ALLERTA GIALLA:</event>
    <responseType>Prepare</responseType>
    <urgency>Expected</urgency>
    <severity>Moderate</severity>
    <certainty>Likely</certainty>
    <onset>2023-06-07T12:00:00+02:00</onset>
    <expires>2023-06-07T23:59:59+02:00</expires>
    <senderName>DIPARTIMENTO DI PROTEZIONE CIVILE</senderName>
    <description>all_GIALLA PER OGGI SU:</description>
    <area>
      <areaDesc>Marsica</areaDesc>
      <geocode>
        <valueName>Zona di Allerta</valueName>
        <value>Abru-E</value>
      </geocode>
    </area>
    <area>
      <areaDesc>Bacino Alto del Sangro</areaDesc>
      <geocode>
        <valueName>Zona di Allerta</valueName>
        <value>Abru-D1</value>
      </geocode>
    </area>
    <area>
      <areaDesc>Bacino dell'Aterno</areaDesc>
      <geocode>
        <valueName>Zona di Allerta</valueName>
        <value>Abru-B</value>
      </geocode>
    </area>
    <area>
      <areaDesc>Versante Jonico Centro-settentrionale</areaDesc>
      <geocode>
        <valueName>Zona di Allerta</valueName>
        <value>Cala-6</value>
      </geocode>
    </area>
    <area>
      <areaDesc>Versante Tirrenico Centro-meridionale</areaDesc>
      <geocode>
        <valueName>Zona di Allerta</valueName>
        <value>Cala-3</value>
      </geocode>
    </area>
    <area>
      <areaDesc>Versante Jonico Settentrionale</areaDesc>
      <geocode>
        <valueName>Zona di Allerta</valueName>
        <value>Cala-5</value>
      </geocode>
    </area>
    <area>
      <areaDesc>Versante Jionico Centro-meridionale</areaDesc>
      <geocode>
        <valueName>Zona di Allerta</valueName>
        <value>Cala-7</value>
      </geocode>
    </area>
    <area>
      <areaDesc>Versante Tirrenico Meridionale</areaDesc>
      <geocode>
        <valueName>Zona di Allerta</valueName>
        <value>Cala-4</value>
      </geocode>
    </area>
    <area>
      <areaDesc>Versante Jonico Meridionale</areaDesc>
      <geocode>
        <valueName>Zona di Allerta</valueName>
        <value>Cala-8</value>
      </geocode>
    </area>
    <area>
      <areaDesc>Versante Tirrenico Settentrionale</areaDesc>
      <geocode>
        <valueName>Zona di Allerta</valueName>
        <value>Cala-1</value>
      </geocode>
    </area>
    <area>
      <areaDesc>Versante Tirrenico Centro-settentrionale</areaDesc>
      <geocode>
        <valueName>Zona di Allerta</valueName>
        <value>Cala-2</value>
      </geocode>
    </area>
    <area>
      <areaDesc>Montagna piacentino-parmense</areaDesc>
      <geocode>
        <valueName>Zona di Allerta</valueName>
        <value>Emil-G2</value>
      </geocode>
    </area>
    <area>
      <areaDesc>Bassa collina piacentino-parmense</areaDesc>
      <geocode>
        <valueName>Zona di Allerta</valueName>
        <value>Emil-H1</value>
      </geocode>
    </area>
    <area>
      <areaDesc>Montagna romagnola</areaDesc>
      <geocode>
        <valueName>Zona di Allerta</valueName>
        <value>Emil-A1</value>
      </geocode>
    </area>
    <area>
      <areaDesc>Alta collina romagnola</areaDesc>
      <geocode>
        <valueName>Zona di Allerta</valueName>
        <value>Emil-A2</value>
      </geocode>
    </area>
    <area>
      <areaDesc>Collina emiliana centrale</areaDesc>
      <geocode>
        <valueName>Zona di Allerta</valueName>
        <value>Emil-E2</value>
      </geocode>
    </area>
    <area>
      <areaDesc>Montagna emiliana centrale</areaDesc>
      <geocode>
        <valueName>Zona di Allerta</valueName>
        <value>Emil-E1</value>
      </geocode>
    </area>
    <area>
      <areaDesc>Montagna bolognese</areaDesc>
      <geocode>
        <valueName>Zona di Allerta</valueName>
        <value>Emil-C1</value>
      </geocode>
    </area>
    <area>
      <areaDesc>Alta collina piacentino-parmense</areaDesc>
      <geocode>
        <valueName>Zona di Allerta</valueName>
        <value>Emil-G1</value>
      </geocode>
    </area>
    <area>
      <areaDesc>Collina bolognese</areaDesc>
      <geocode>
        <valueName>Zona di Allerta</valueName>
        <value>Emil-C2</value>
      </geocode>
    </area>
    <area>
      <areaDesc>Alto Volturno - Medio Sangro</areaDesc>
      <geocode>
        <valueName>Zona di Allerta</valueName>
        <value>Moli-A</value>
      </geocode>
    </area>
    <area>
      <areaDesc>Frentani - Sannio - Matese</areaDesc>
      <geocode>
        <valueName>Zona di Allerta</valueName>
        <value>Moli-B</value>
      </geocode>
    </area>
    <area>
      <areaDesc>Arno-Casentino</areaDesc>
      <geocode>
        <valueName>Zona di Allerta</valueName>
        <value>Tosc-A1</value>
      </geocode>
    </area>
    <area>
      <areaDesc>Mugello-Val di Sieve</areaDesc>
      <geocode>
        <valueName>Zona di Allerta</valueName>
        <value>Tosc-M</value>
      </geocode>
    </area>
    <area>
      <areaDesc>Reno</areaDesc>
      <geocode>
        <valueName>Zona di Allerta</valueName>
        <value>Tosc-R1</value>
      </geocode>
    </area>
    <area>
      <areaDesc>Romagna-Toscana</areaDesc>
      <geocode>
        <valueName>Zona di Allerta</valueName>
        <value>Tosc-R2</value>
      </geocode>
    </area>
    <area>
      <areaDesc>Valtiberina</areaDesc>
      <geocode>
        <valueName>Zona di Allerta</valueName>
        <value>Tosc-T</value>
      </geocode>
    </area>
  </info>
  <info>
    <category>Met</category>
    <event>ORDINARIA CRITICITA' PER RISCHIO IDRAULICO / ALLERTA GIALLA:</event>
    <responseType>Prepare</responseType>
    <urgency>Expected</urgency>
    <severity>Moderate</severity>
    <certainty>Likely</certainty>
    <onset>2023-06-08T00:00:00+02:00</onset>
    <expires>2023-06-08T23:59:59+02:00</expires>
    <senderName>DIPARTIMENTO DI PROTEZIONE CIVILE</senderName>
    <description>all_GIALLA PER DOMANI SU:</description>
    <area>
      <areaDesc>Costa romagnola</areaDesc>
      <geocode>
        <valueName>Zona di Allerta</valueName>
        <value>Emil-B2</value>
      </geocode>
    </area>
    <area>
      <areaDesc>Pianura bolognese</areaDesc>
      <geocode>
        <valueName>Zona di Allerta</valueName>
        <value>Emil-D1</value>
      </geocode>
    </area>
    <area>
      <areaDesc>Bassa collina e pianura romagnola</areaDesc>
      <geocode>
        <valueName>Zona di Allerta</valueName>
        <value>Emil-B1</value>
      </geocode>
    </area>
  </info>
  <info>
    <category>Met</category>
    <event>ORDINARIA CRITICITA' PER RISCHIO TEMPORALI / ALLERTA GIALLA:</event>
    <responseType>Prepare</responseType>
    <urgency>Expected</urgency>
    <severity>Moderate</severity>
    <certainty>Likely</certainty>
    <onset>2023-06-08T00:00:00+02:00</onset>
    <expires>2023-06-08T23:59:59+02:00</expires>
    <senderName>DIPARTIMENTO DI PROTEZIONE CIVILE</senderName>
    <description>all_GIALLA PER DOMANI SU:</description>
    <area>
      <areaDesc>Bacino del Pescara</areaDesc>
      <geocode>
        <valueName>Zona di Allerta</valueName>
        <value>Abru-C</value>
      </geocode>
    </area>
    <area>
      <areaDesc>Bacino Alto del Sangro</areaDesc>
      <geocode>
        <valueName>Zona di Allerta</valueName>
        <value>Abru-D1</value>
      </geocode>
    </area>
    <area>
      <areaDesc>Bacino dell'Aterno</areaDesc>
      <geocode>
        <valueName>Zona di Allerta</valueName>
        <value>Abru-B</value>
      </geocode>
    </area>
    <area>
      <areaDesc>Bacini Tordino Vomano</areaDesc>
      <geocode>
        <valueName>Zona di Allerta</valueName>
        <value>Abru-A</value>
      </geocode>
    </area>
    <area>
      <areaDesc>Bacino Basso del Sangro</areaDesc>
      <geocode>
        <valueName>Zona di Allerta</valueName>
        <value>Abru-D2</value>
      </geocode>
    </area>
    <area>
      <areaDesc>Marsica</areaDesc>
      <geocode>
        <valueName>Zona di Allerta</valueName>
        <value>Abru-E</value>
      </geocode>
    </area>
    <area>
      <areaDesc>Basi-A2</areaDesc>
      <geocode>
        <valueName>Zona di Allerta</valueName>
        <value>Basi-A2</value>
      </geocode>
    </area>
    <area>
      <areaDesc>Basi-C</areaDesc>
      <geocode>
        <valueName>Zona di Allerta</valueName>
        <value>Basi-C</value>
      </geocode>
    </area>
    <area>
      <areaDesc>Basi-D</areaDesc>
      <geocode>
        <valueName>Zona di Allerta</valueName>
        <value>Basi-D</value>
      </geocode>
    </area>
    <area>
      <areaDesc>Basi-A1</areaDesc>
      <geocode>
        <valueName>Zona di Allerta</valueName>
        <value>Basi-A1</value>
      </geocode>
    </area>
    <area>
      <areaDesc>Basi-B</areaDesc>
      <geocode>
        <valueName>Zona di Allerta</valueName>
        <value>Basi-B</value>
      </geocode>
    </area>
    <area>
      <areaDesc>Versante Jonico Centro-settentrionale</areaDesc>
      <geocode>
        <valueName>Zona di Allerta</valueName>
        <value>Cala-6</value>
      </geocode>
    </area>
    <area>
      <areaDesc>Versante Tirrenico Centro-settentrionale</areaDesc>
      <geocode>
        <valueName>Zona di Allerta</valueName>
        <value>Cala-2</value>
      </geocode>
    </area>
    <area>
      <areaDesc>Versante Jionico Centro-meridionale</areaDesc>
      <geocode>
        <valueName>Zona di Allerta</valueName>
        <value>Cala-7</value>
      </geocode>
    </area>
    <area>
      <areaDesc>Versante Tirrenico Centro-meridionale</areaDesc>
      <geocode>
        <valueName>Zona di Allerta</valueName>
        <value>Cala-3</value>
      </geocode>
    </area>
    <area>
      <areaDesc>Versante Tirrenico Settentrionale</areaDesc>
      <geocode>
        <valueName>Zona di Allerta</valueName>
        <value>Cala-1</value>
      </geocode>
    </area>
    <area>
      <areaDesc>Versante Jonico Settentrionale</areaDesc>
      <geocode>
        <valueName>Zona di Allerta</valueName>
        <value>Cala-5</value>
      </geocode>
    </area>
    <area>
      <areaDesc>Versante Tirrenico Meridionale</areaDesc>
      <geocode>
        <valueName>Zona di Allerta</valueName>
        <value>Cala-4</value>
      </geocode>
    </area>
    <area>
      <areaDesc>Versante Jonico Meridionale</areaDesc>
      <geocode>
        <valueName>Zona di Allerta</valueName>
        <value>Cala-8</value>
      </geocode>
    </area>
    <area>
      <areaDesc>Marc-1</areaDesc>
      <geocode>
        <valueName>Zona di Allerta</valueName>
        <value>Marc-1</value>
      </geocode>
    </area>
    <area>
      <areaDesc>Marc-2</areaDesc>
      <geocode>
        <valueName>Zona di Allerta</valueName>
        <value>Marc-2</value>
      </geocode>
    </area>
    <area>
      <areaDesc>Marc-3</areaDesc>
      <geocode>
        <valueName>Zona di Allerta</valueName>
        <value>Marc-3</value>
      </geocode>
    </area>
    <area>
      <areaDesc>Marc-4</areaDesc>
      <geocode>
        <valueName>Zona di Allerta</valueName>
        <value>Marc-4</value>
      </geocode>
    </area>
    <area>
      <areaDesc>Marc-5</areaDesc>
      <geocode>
        <valueName>Zona di Allerta</valueName>
        <value>Marc-5</value>
      </geocode>
    </area>
    <area>
      <areaDesc>Marc-6</areaDesc>
      <geocode>
        <valueName>Zona di Allerta</valueName>
        <value>Marc-6</value>
      </geocode>
    </area>
    <area>
      <areaDesc>Litoranea</areaDesc>
      <geocode>
        <valueName>Zona di Allerta</valueName>
        <value>Moli-C</value>
      </geocode>
    </area>
    <area>
      <areaDesc>Frentani - Sannio - Matese</areaDesc>
      <geocode>
        <valueName>Zona di Allerta</valueName>
        <value>Moli-B</value>
      </geocode>
    </area>
    <area>
      <areaDesc>Alto Volturno - Medio Sangro</areaDesc>
      <geocode>
        <valueName>Zona di Allerta</valueName>
        <value>Moli-A</value>
      </geocode>
    </area>
    <area>
      <areaDesc>Puglia Centrale Bradanica</areaDesc>
      <geocode>
        <valueName>Zona di Allerta</valueName>
        <value>Pugl-F</value>
      </geocode>
    </area>
    <area>
      <areaDesc>Basso Ofanto</areaDesc>
      <geocode>
        <valueName>Zona di Allerta</valueName>
        <value>Pugl-G</value>
      </geocode>
    </area>
    <area>
      <areaDesc>Sub-Appennino Dauno</areaDesc>
      <geocode>
        <valueName>Zona di Allerta</valueName>
        <value>Pugl-H</value>
      </geocode>
    </area>
    <area>
      <areaDesc>Alto Tevere</areaDesc>
      <geocode>
        <valueName>Zona di Allerta</valueName>
        <value>Umbr-A</value>
      </geocode>
    </area>
    <area>
      <areaDesc>Chiascio - Topino</areaDesc>
      <geocode>
        <valueName>Zona di Allerta</valueName>
        <value>Umbr-C</value>
      </geocode>
    </area>
    <area>
      <areaDesc>Nera - Corno</areaDesc>
      <geocode>
        <valueName>Zona di Allerta</valueName>
        <value>Umbr-D</value>
      </geocode>
    </area>
    <area>
      <areaDesc>Medio Tevere</areaDesc>
      <geocode>
        <valueName>Zona di Allerta</valueName>
        <value>Umbr-B</value>
      </geocode>
    </area>
    <area>
      <areaDesc>Chiani - Paglia</areaDesc>
      <geocode>
        <valueName>Zona di Allerta</valueName>
        <value>Umbr-F</value>
      </geocode>
    </area>
    <area>
      <areaDesc>Trasimeno - Nestore</areaDesc>
      <geocode>
        <valueName>Zona di Allerta</valueName>
        <value>Umbr-E</value>
      </geocode>
    </area>
  </info>
  <info>
    <category>Met</category>
    <event>ORDINARIA CRITICITA' PER RISCHIO IDROGEOLOGICO / ALLERTA GIALLA:</event>
    <responseType>Prepare</responseType>
    <urgency>Expected</urgency>
    <severity>Moderate</severity>
    <certainty>Likely</certainty>
    <onset>2023-06-08T00:00:00+02:00</onset>
    <expires>2023-06-08T23:59:59+02:00</expires>
    <senderName>DIPARTIMENTO DI PROTEZIONE CIVILE</senderName>
    <description>all_GIALLA PER DOMANI SU:</description>
    <area>
      <areaDesc>Bacino del Pescara</areaDesc>
      <geocode>
        <valueName>Zona di Allerta</valueName>
        <value>Abru-C</value>
      </geocode>
    </area>
    <area>
      <areaDesc>Bacino Alto del Sangro</areaDesc>
      <geocode>
        <valueName>Zona di Allerta</valueName>
        <value>Abru-D1</value>
      </geocode>
    </area>
    <area>
      <areaDesc>Bacino dell'Aterno</areaDesc>
      <geocode>
        <valueName>Zona di Allerta</valueName>
        <value>Abru-B</value>
      </geocode>
    </area>
    <area>
      <areaDesc>Bacini Tordino Vomano</areaDesc>
      <geocode>
        <valueName>Zona di Allerta</valueName>
        <value>Abru-A</value>
      </geocode>
    </area>
    <area>
      <areaDesc>Bacino Basso del Sangro</areaDesc>
      <geocode>
        <valueName>Zona di Allerta</valueName>
        <value>Abru-D2</value>
      </geocode>
    </area>
    <area>
      <areaDesc>Marsica</areaDesc>
      <geocode>
        <valueName>Zona di Allerta</valueName>
        <value>Abru-E</value>
      </geocode>
    </area>
    <area>
      <areaDesc>Versante Jonico Centro-settentrionale</areaDesc>
      <geocode>
        <valueName>Zona di Allerta</valueName>
        <value>Cala-6</value>
      </geocode>
    </area>
    <area>
      <areaDesc>Versante Tirrenico Centro-settentrionale</areaDesc>
      <geocode>
        <valueName>Zona di Allerta</valueName>
        <value>Cala-2</value>
      </geocode>
    </area>
    <area>
      <areaDesc>Versante Jionico Centro-meridionale</areaDesc>
      <geocode>
        <valueName>Zona di Allerta</valueName>
        <value>Cala-7</value>
      </geocode>
    </area>
    <area>
      <areaDesc>Versante Tirrenico Centro-meridionale</areaDesc>
      <geocode>
        <valueName>Zona di Allerta</valueName>
        <value>Cala-3</value>
      </geocode>
    </area>
    <area>
      <areaDesc>Versante Tirrenico Settentrionale</areaDesc>
      <geocode>
        <valueName>Zona di Allerta</valueName>
        <value>Cala-1</value>
      </geocode>
    </area>
    <area>
      <areaDesc>Versante Jonico Settentrionale</areaDesc>
      <geocode>
        <valueName>Zona di Allerta</valueName>
        <value>Cala-5</value>
      </geocode>
    </area>
    <area>
      <areaDesc>Versante Tirrenico Meridionale</areaDesc>
      <geocode>
        <valueName>Zona di Allerta</valueName>
        <value>Cala-4</value>
      </geocode>
    </area>
    <area>
      <areaDesc>Versante Jonico Meridionale</areaDesc>
      <geocode>
        <valueName>Zona di Allerta</valueName>
        <value>Cala-8</value>
      </geocode>
    </area>
    <area>
      <areaDesc>Alta collina romagnola</areaDesc>
      <geocode>
        <valueName>Zona di Allerta</valueName>
        <value>Emil-A2</value>
      </geocode>
    </area>
    <area>
      <areaDesc>Collina bolognese</areaDesc>
      <geocode>
        <valueName>Zona di Allerta</valueName>
        <value>Emil-C2</value>
      </geocode>
    </area>
    <area>
      <areaDesc>Litoranea</areaDesc>
      <geocode>
        <valueName>Zona di Allerta</valueName>
        <value>Moli-C</value>
      </geocode>
    </area>
    <area>
      <areaDesc>Frentani - Sannio - Matese</areaDesc>
      <geocode>
        <valueName>Zona di Allerta</valueName>
        <value>Moli-B</value>
      </geocode>
    </area>
    <area>
      <areaDesc>Alto Volturno - Medio Sangro</areaDesc>
      <geocode>
        <valueName>Zona di Allerta</valueName>
        <value>Moli-A</value>
      </geocode>
    </area>
  </info>
<ds:Signature xmlns:ds="http://www.w3.org/2000/09/xmldsig#" Id="Signer-T-1686144010331"><ds:SignedInfo><ds:CanonicalizationMethod Algorithm="http://www.w3.org/2006/12/xml-c14n11#WithComments"/><ds:SignatureMethod Algorithm="http://www.w3.org/2001/04/xmldsig-more#rsa-sha256"/><ds:Reference Id="r-doc-Signer-T-1686144010331" URI=""><ds:Transforms><ds:Transform Algorithm="http://www.w3.org/2002/06/xmldsig-filter2"><XPath xmlns="http://www.w3.org/2002/06/xmldsig-filter2" Filter="subtract">/descendant::ds:Signature</XPath></ds:Transform></ds:Transforms><ds:DigestMethod Algorithm="http://www.w3.org/2001/04/xmlenc#sha256"/><ds:DigestValue>GXd+FU0dxcIwCVuHzgi6sNOuxS7wBiVp0k8yDMpxRGw=</ds:DigestValue></ds:Reference><ds:Reference Type="http://uri.etsi.org/01903#SignedProperties" URI="#SignedProperties-Signer-T-1686144010331"><ds:DigestMethod Algorithm="http://www.w3.org/2001/04/xmlenc#sha256"/><ds:DigestValue>9mdorn1J2RLWf4qhio1EpeSp++GgufnAJbyFi+VlnhU=</ds:DigestValue></ds:Reference><ds:Reference Id="r-keyinfo-Signer-T-1686144010331" URI="#KeyInfo-Signer-T-1686144010331"><ds:DigestMethod Algorithm="http://www.w3.org/2001/04/xmlenc#sha256"/><ds:DigestValue>df8Mpo1qAsoT6w6y4qa3Y8AR+Z4bVkOFWX0VUq2lTXw=</ds:DigestValue></ds:Reference></ds:SignedInfo><ds:SignatureValue Id="SignatureValue-Signer-T-1686144010331">gMwtJnz50559eAVFw5jQZOMpmeCKoC1f3UUumzGNwiEZcxbpP4HwtVXuMNL+H/WcvraGk/lfuUkt&#13;
Bqj+ciPpcdhpxIgBhB+yOXh508LsTcrb6eFKdBeVuPGoiAI2Fe/1Jb8BZsAfCEwMyMbrKa+LYY0a&#13;
fWaaVX3DT4jc5nzf2zsa5DSnFr4IQl65sD+R0UBtQo5ICYenmeD6m9kfdT62jU5aH9lTM+CLPg80&#13;
UCafbnGUnhSirVKqCRmc5S0LR+VjCW/vcC4meIVOZJaINh7lAGLEQIFH/GAqk7suOa2sEtEDFT9R&#13;
KSIJ9nTlqNvFC6qlunfPTwmu06j/1R2GNjFItA==</ds:SignatureValue><ds:KeyInfo Id="KeyInfo-Signer-T-1686144010331"><ds:X509Data><ds:X509Certificate>MIIHKDCCBRCgAwIBAgIIc3kmYSRpmowwDQYJKoZIhvcNAQELBQAwgbIxCzAJBgNVBAYTAklUMQ8w&#13;
DQYDVQQHDAZBcmV6em8xGDAWBgNVBAoMD0FydWJhUEVDIFMucC5BLjEaMBgGA1UEYQwRVkFUSVQt&#13;
MDE4NzkwMjA1MTcxKTAnBgNVBAsMIFF1YWxpZmllZCBUcnVzdCBTZXJ2aWNlIFByb3ZpZGVyMTEw&#13;
LwYDVQQDDChBcnViYVBFQyBFVSBRdWFsaWZpZWQgQ2VydGlmaWNhdGVzIENBIEcxMB4XDTIyMTAz&#13;
MTEwMDAyN1oXDTI1MTAzMTEwMDAyN1owgYsxCzAJBgNVBAYTAklUMRIwEAYDVQQEDAlOSUNPTEVU&#13;
VEkxDjAMBgNVBCoMBU1BUklPMR8wHQYDVQQFExZUSU5JVC1OQ0xNUkE1Nk0zMEg1MDFEMRgwFgYD&#13;
VQQDDA9NQVJJTyBOSUNPTEVUVEkxHTAbBgNVBC4TFFdTUkVGLTQxMjIyMDA5NjkwMzYxMIIBIjAN&#13;
BgkqhkiG9w0BAQEFAAOCAQ8AMIIBCgKCAQEArM3uoNvRTkJVYbHJ5+h2EDkpo979vbvN+DC/szGw&#13;
uTuLzTEhcAdYGE53dEpr1uoqXtXUUIWFISefynBPCB7uTb62cBUEDUfemn9FRuD4JemaL98WZBAP&#13;
XcwwBwJFn/NGgK8QawCuDhRFt1CWpv3R5pQAGyJKp0AYGOH7v9vMxFobbm8QdcXa7zjoKN/vcy77&#13;
IwuJbjNcsIIXqe2vYaDGjx7cS4tS3q31Xx77SdsY11qtKuEyG8LMSFqv0+4sE/CkrxfQYyu7ZyVK&#13;
M+31kJimReVMRdLfVC4hZgJnMie4gHQ057AhloAjASql990QkG4GJ28gypebbMlOYQhnMXXKuQID&#13;
AQABo4ICZTCCAmEwfwYIKwYBBQUHAQEEczBxMDgGCCsGAQUFBzAChixodHRwOi8vY2FjZXJ0LnBl&#13;
Yy5pdC9jZXJ0cy9hcnViYXBlYy1laWRhcy1nMTA1BggrBgEFBQcwAYYpaHR0cDovL29jc3AwMS5w&#13;
ZWMuaXQvdmEvYXJ1YmFwZWMtZWlkYXMtZzEwHQYDVR0OBBYEFEDHfmrLMQpSLCt22KOpwbLsuJLm&#13;
MB8GA1UdIwQYMBaAFMZvO4V70SaxeJpCpCVpDPb/eqBnMBsGA1UdEgQUMBKBEGluZm9AYXJ1YmFw&#13;
ZWMuaXQwgb8GCCsGAQUFBwEDBIGyMIGvMAgGBgQAjkYBATALBgYEAI5GAQMCARQwCAYGBACORgEE&#13;
MIGLBgYEAI5GAQUwgYAwPhY4aHR0cHM6Ly93d3cucGVjLml0L3JlcG9zaXRvcnkvYXJ1YmFwZWMt&#13;
cXVhbGlmLXBkcy1pdC5wZGYTAml0MD4WOGh0dHBzOi8vd3d3LnBlYy5pdC9yZXBvc2l0b3J5L2Fy&#13;
dWJhcGVjLXF1YWxpZi1wZHMtZW4ucGRmEwJlbjBwBgNVHSAEaTBnMAkGBwQAi+xAAQIwUgYLKwYB&#13;
BAGB6C0BBwIwQzBBBggrBgEFBQcCARY1aHR0cHM6Ly93d3cucGVjLml0L3JlcG9zaXRvcnkvYXJ1&#13;
YmFwZWMtcXVhbGlmLWNwcy5wZGYwBgYEK0wQBjA9BgNVHR8ENjA0MDKgMKAuhixodHRwOi8vY3Js&#13;
MDEucGVjLml0L3ZhL2FydWJhcGVjLWVpZGFzLWcxL2NybDAOBgNVHQ8BAf8EBAMCBkAwDQYJKoZI&#13;
hvcNAQELBQADggIBAC9FE08Ne5rzpf91kmEglNPWiaHM9r/+fON+dH5NCTw21nYsjxdFua24wYob&#13;
fJQq/Ll4sCM2bmX2HDv2WVdlhQZ9hYlgXsLbBWAp8xzD6qroQfFNX4CoAKwRc2ica5LfZnOfTNcS&#13;
VJIBQe1P/6VYnt7YaKqLeFA8N+6qTa2RNDg6gvEKL6Zs5ihNIQr6ZrrBxF/9QMGvu1tR4lzkCUWC&#13;
/pPqSca/GioJ0+QjKW2rZW5jlTcf0wbYivkn8K/vMJu9AGTPPsyHtvRmit+0rWfarG6yMnaaWbfS&#13;
x+RZr1e6Ul7BA6Sz/vkdCkkivYtu6U88U3s4vN+M3+zmGLlUzcTPEruY3zjKRIhKo31gZb9IFjTV&#13;
W3yUvtzas44Rf9pXGm4dm1M8Nm1VhCSIuv7vcoabOL50Rwv+z2LTbj+/Yn9FHlJ/kaZsNiCT2VkP&#13;
ztvJSn+0agQtqeUssrn4HbtPmiPAVWQmUdRCT803UKfeY7FCzdvtvxI9FK9xHadBEcXDFjNoz27e&#13;
iCRXrgmTTXX/HCKLdckn47utimycDSfXE0s//WeYY26mTwGtWp71TXnEXg/NBE8Lf6Cpt+kkfqKP&#13;
gTif+nTKnYFUYmLnIS1nMJbBDyhtqYK9jbvg5LeU8E+TdQAdPEg2E0Kiz013m+NHLhemz+BIuNBn&#13;
/Q4HBRGg5IkKTL1A</ds:X509Certificate></ds:X509Data></ds:KeyInfo><ds:Object><xades:QualifyingProperties xmlns:xades="http://uri.etsi.org/01903/v1.3.2#" Target="#Signer-T-1686144010331">
		<xades:SignedProperties Id="SignedProperties-Signer-T-1686144010331">
			<xades:SignedSignatureProperties>
				<xades:SigningTime>2023-06-07T15:20:10+02:00</xades:SigningTime>
				<xades:SigningCertificate>
					<xades:Cert>
						<xades:CertDigest>
							<ds:DigestMethod Algorithm="http://www.w3.org/2001/04/xmlenc#sha256"/>
							<ds:DigestValue>9Wp9JNRkxR2KnLfBhD3MntZWRTZqJTGb7NzGIl6drh4=</ds:DigestValue>
						</xades:CertDigest>
						<xades:IssuerSerial><ds:X509IssuerName>CN=ArubaPEC EU Qualified Certificates CA G1,OU=Qualified Trust Service Provider,2.5.4.97=#0c1156415449542d3031383739303230353137,O=ArubaPEC S.p.A.,L=Arezzo,C=IT</ds:X509IssuerName><ds:X509SerialNumber>8320723985208285836</ds:X509SerialNumber></xades:IssuerSerial>
					</xades:Cert>
				</xades:SigningCertificate>
			</xades:SignedSignatureProperties>
		
			<xades:SignedDataObjectProperties>
				<xades:DataObjectFormat ObjectReference="#r-doc-Signer-T-1686144010331">
					<xades:MimeType>text/xml</xades:MimeType>
				</xades:DataObjectFormat>
			
				<xades:DataObjectFormat ObjectReference="#r-keyinfo-Signer-T-1686144010331">
					<xades:MimeType>text/xml</xades:MimeType>
				</xades:DataObjectFormat>
			</xades:SignedDataObjectProperties>
		</xades:SignedProperties>
	</xades:QualifyingProperties></ds:Object></ds:Signature></alert>