<?xml version="1.0" encoding="UTF-8" standalone="no"?><alert xmlns="urn:oasis:names:tc:emergency:cap:1.2">
  <identifier>DPC_BULLETIN_2023_08_07_83085</identifier>
  <sender>2.49.0.0.380.1</sender>
  <sent>2023-08-07T15:00:00+02:00</sent>
  <status>Actual</status>
  <msgType>Alert</msgType>
  <scope>Public</scope>
  <note>Per la giornata di oggi: nessuna
Per la giornata di domani: nessuna</note>
  <info>
    <category>Met</category>
    <event>ORDINARIA CRITICITA' PER RISCHIO TEMPORALI / ALLERTA GIALLA:</event>
    <responseType>Prepare</responseType>
    <urgency>Expected</urgency>
    <severity>Moderate</severity>
    <certainty>Likely</certainty>
    <onset>2023-08-07T12:00:00+02:00</onset>
    <expires>2023-08-07T23:59:59+02:00</expires>
    <senderName>DIPARTIMENTO DI PROTEZIONE CIVILE</senderName>
    <description>all_GIALLA PER OGGI SU:</description>
    <area>
      <areaDesc>Bacino Basso del Sangro</areaDesc>
      <geocode>
        <valueName>Zona di Allerta</valueName>
        <value>Abru-D2</value>
      </geocode>
    </area>
    <area>
      <areaDesc>Bacino dell'Aterno</areaDesc>
      <geocode>
        <valueName>Zona di Allerta</valueName>
        <value>Abru-B</value>
      </geocode>
    </area>
    <area>
      <areaDesc>Bacini Tordino Vomano</areaDesc>
      <geocode>
        <valueName>Zona di Allerta</valueName>
        <value>Abru-A</value>
      </geocode>
    </area>
    <area>
      <areaDesc>Bacino del Pescara</areaDesc>
      <geocode>
        <valueName>Zona di Allerta</valueName>
        <value>Abru-C</value>
      </geocode>
    </area>
    <area>
      <areaDesc>Bacino Alto del Sangro</areaDesc>
      <geocode>
        <valueName>Zona di Allerta</valueName>
        <value>Abru-D1</value>
      </geocode>
    </area>
    <area>
      <areaDesc>Marsica</areaDesc>
      <geocode>
        <valueName>Zona di Allerta</valueName>
        <value>Abru-E</value>
      </geocode>
    </area>
    <area>
      <areaDesc>Basi-A1</areaDesc>
      <geocode>
        <valueName>Zona di Allerta</valueName>
        <value>Basi-A1</value>
      </geocode>
    </area>
    <area>
      <areaDesc>Basi-B</areaDesc>
      <geocode>
        <valueName>Zona di Allerta</valueName>
        <value>Basi-B</value>
      </geocode>
    </area>
    <area>
      <areaDesc>Alto Volturno - Medio Sangro</areaDesc>
      <geocode>
        <valueName>Zona di Allerta</valueName>
        <value>Moli-A</value>
      </geocode>
    </area>
    <area>
      <areaDesc>Litoranea</areaDesc>
      <geocode>
        <valueName>Zona di Allerta</valueName>
        <value>Moli-C</value>
      </geocode>
    </area>
    <area>
      <areaDesc>Frentani - Sannio - Matese</areaDesc>
      <geocode>
        <valueName>Zona di Allerta</valueName>
        <value>Moli-B</value>
      </geocode>
    </area>
    <area>
      <areaDesc>Tavoliere - bassi bacini del Candelaro, Cervaro e Carapelle</areaDesc>
      <geocode>
        <valueName>Zona di Allerta</valueName>
        <value>Pugl-B</value>
      </geocode>
    </area>
    <area>
      <areaDesc>Basso Ofanto</areaDesc>
      <geocode>
        <valueName>Zona di Allerta</valueName>
        <value>Pugl-G</value>
      </geocode>
    </area>
    <area>
      <areaDesc>Puglia Centrale Adriatica</areaDesc>
      <geocode>
        <valueName>Zona di Allerta</valueName>
        <value>Pugl-C</value>
      </geocode>
    </area>
    <area>
      <areaDesc>Puglia Centrale Bradanica</areaDesc>
      <geocode>
        <valueName>Zona di Allerta</valueName>
        <value>Pugl-F</value>
      </geocode>
    </area>
    <area>
      <areaDesc>Gargano e Tremiti</areaDesc>
      <geocode>
        <valueName>Zona di Allerta</valueName>
        <value>Pugl-A</value>
      </geocode>
    </area>
    <area>
      <areaDesc>Basso Fortore</areaDesc>
      <geocode>
        <valueName>Zona di Allerta</valueName>
        <value>Pugl-I</value>
      </geocode>
    </area>
    <area>
      <areaDesc>Sub-Appennino Dauno</areaDesc>
      <geocode>
        <valueName>Zona di Allerta</valueName>
        <value>Pugl-H</value>
      </geocode>
    </area>
    <area>
      <areaDesc>Nera - Corno</areaDesc>
      <geocode>
        <valueName>Zona di Allerta</valueName>
        <value>Umbr-D</value>
      </geocode>
    </area>
  </info>
<ds:Signature xmlns:ds="http://www.w3.org/2000/09/xmldsig#" Id="Signer-T-1691414146423"><ds:SignedInfo><ds:CanonicalizationMethod Algorithm="http://www.w3.org/2006/12/xml-c14n11#WithComments"/><ds:SignatureMethod Algorithm="http://www.w3.org/2001/04/xmldsig-more#rsa-sha256"/><ds:Reference Id="r-doc-Signer-T-1691414146423" URI=""><ds:Transforms><ds:Transform Algorithm="http://www.w3.org/2002/06/xmldsig-filter2"><XPath xmlns="http://www.w3.org/2002/06/xmldsig-filter2" Filter="subtract">/descendant::ds:Signature</XPath></ds:Transform></ds:Transforms><ds:DigestMethod Algorithm="http://www.w3.org/2001/04/xmlenc#sha256"/><ds:DigestValue>QX9c6tvjub96KIH2eZRq3+uHB/jhbzhzl2IWDy9yzAc=</ds:DigestValue></ds:Reference><ds:Reference Type="http://uri.etsi.org/01903#SignedProperties" URI="#SignedProperties-Signer-T-1691414146423"><ds:DigestMethod Algorithm="http://www.w3.org/2001/04/xmlenc#sha256"/><ds:DigestValue>FT1Al3rugxdcHuD+AUcfXSs9W98WwL9clY8D4AXDVzM=</ds:DigestValue></ds:Reference><ds:Reference Id="r-keyinfo-Signer-T-1691414146423" URI="#KeyInfo-Signer-T-1691414146423"><ds:DigestMethod Algorithm="http://www.w3.org/2001/04/xmlenc#sha256"/><ds:DigestValue>P4dL4AeYwszZLMAz036DsgsSffh+LBKFyj2g8UE6kxM=</ds:DigestValue></ds:Reference></ds:SignedInfo><ds:SignatureValue Id="SignatureValue-Signer-T-1691414146423">t9n5+SMhqXlgrpv7h28hVbp1+/azlwXos4xYGflKCk9hfmQufRbHgAis/78RCqCaSWSx3MYVSoT/&#13;
ke1h43ROll+LmoFDLPIvesp3hHJTeZcWTs6sqmEeIPlGLuNDpnDnN46mjdWOnii7ph24IfFOEhgI&#13;
n5Qk5l9LJPOJEOtwUCADjDINm/GUf3ZgJrHMeZn3da/OUjj0x5BESdqu6sFK7KqkeW0WI5PimrVM&#13;
RrFiyZ6FurzEsF/+iToc6XkHY/fp9e1dC21Yf2oKHRwgD6uWfakHUhK2uO+S9nnpyj0mUZTymG2r&#13;
ncmBHp/OczePvajYe4lFKsV2koYXa8VQwdAv+A==</ds:SignatureValue><ds:KeyInfo Id="KeyInfo-Signer-T-1691414146423"><ds:X509Data><ds:X509Certificate>MIIHNjCCBR6gAwIBAgIIYZfCRrwLKqcwDQYJKoZIhvcNAQELBQAwgbIxCzAJBgNVBAYTAklUMQ8w&#13;
DQYDVQQHDAZBcmV6em8xGDAWBgNVBAoMD0FydWJhUEVDIFMucC5BLjEaMBgGA1UEYQwRVkFUSVQt&#13;
MDE4NzkwMjA1MTcxKTAnBgNVBAsMIFF1YWxpZmllZCBUcnVzdCBTZXJ2aWNlIFByb3ZpZGVyMTEw&#13;
LwYDVQQDDChBcnViYVBFQyBFVSBRdWFsaWZpZWQgQ2VydGlmaWNhdGVzIENBIEcxMB4XDTIyMDIy&#13;
NDAxMDMyM1oXDTI0MDUxMDE2NTYyM1owgZkxCzAJBgNVBAYTAklUMREwDwYDVQQEDAhQYWdsaWFy&#13;
YTEWMBQGA1UEKgwNUGFvbGEgQ2FybWVsYTEfMB0GA1UEBRMWVElOSVQtUEdMUENSNTlMNjRENjQz&#13;
UTEfMB0GA1UEAwwWUGFvbGEgQ2FybWVsYSBQYWdsaWFyYTEdMBsGA1UELhMUV1NSRUYtOTA3MjAw&#13;
MDE3OTk2NjcwggEiMA0GCSqGSIb3DQEBAQUAA4IBDwAwggEKAoIBAQDRVoPhr2taxdJJEkr7D/eF&#13;
2wWFKA12BYPnbotmyUx8KIj+HOR0LfTsxRkZ6vshVIvNB7V7j6vcEq0zlPY1jzJz3+V7h0ozIaMY&#13;
qMXy8ovUv25kjUSaRymZXAoLBE18svjvVoxGvd3YLLzG9m+ck3QbuX520scv90ZuDFiPZ/9adZ+H&#13;
qEf1IEPWOE/KPrd9HkD6GKtmlCYtg5tW7NGehP8wnYq6n0RO4om1p8GkWD6C3Lo7viY3DoNLWcQx&#13;
xfE9UTPRsVmT6z1pAI7DAnTVkxXNSMcYZE2J7gbC6PMTtzPp30NRnhkeafBQr8QdVjDUIjpOe/A0&#13;
4xjy45yEmL05fgm5AgMBAAGjggJlMIICYTB/BggrBgEFBQcBAQRzMHEwOAYIKwYBBQUHMAKGLGh0&#13;
dHA6Ly9jYWNlcnQucGVjLml0L2NlcnRzL2FydWJhcGVjLWVpZGFzLWcxMDUGCCsGAQUFBzABhilo&#13;
dHRwOi8vb2NzcDAxLnBlYy5pdC92YS9hcnViYXBlYy1laWRhcy1nMTAdBgNVHQ4EFgQU/6aewR/A&#13;
0X0F6kEd8/NHMI+NaLgwHwYDVR0jBBgwFoAUxm87hXvRJrF4mkKkJWkM9v96oGcwGwYDVR0SBBQw&#13;
EoEQaW5mb0BhcnViYXBlYy5pdDCBvwYIKwYBBQUHAQMEgbIwga8wCAYGBACORgEBMAsGBgQAjkYB&#13;
AwIBFDAIBgYEAI5GAQQwgYsGBgQAjkYBBTCBgDA+FjhodHRwczovL3d3dy5wZWMuaXQvcmVwb3Np&#13;
dG9yeS9hcnViYXBlYy1xdWFsaWYtcGRzLWl0LnBkZhMCaXQwPhY4aHR0cHM6Ly93d3cucGVjLml0&#13;
L3JlcG9zaXRvcnkvYXJ1YmFwZWMtcXVhbGlmLXBkcy1lbi5wZGYTAmVuMHAGA1UdIARpMGcwCQYH&#13;
BACL7EABAjBSBgsrBgEEAYHoLQEHAjBDMEEGCCsGAQUFBwIBFjVodHRwczovL3d3dy5wZWMuaXQv&#13;
cmVwb3NpdG9yeS9hcnViYXBlYy1xdWFsaWYtY3BzLnBkZjAGBgQrTBAGMD0GA1UdHwQ2MDQwMqAw&#13;
oC6GLGh0dHA6Ly9jcmwwMS5wZWMuaXQvdmEvYXJ1YmFwZWMtZWlkYXMtZzEvY3JsMA4GA1UdDwEB&#13;
/wQEAwIGQDANBgkqhkiG9w0BAQsFAAOCAgEAZgH9AQkGJQETjz+GC7CWTOIJ8/j162bdh/CEU+y+&#13;
9eQabs6N/xdxFWp/MVHbceUhpA26XvfLOqEKl8D8lfAk39KMSoIgXSicut2WDoFubm0N8it13Dct&#13;
rBrYPXVXIYcT7KENyHnhTyfYDL/bnDMpjk90PhdjohKl/BXoCRI7nWh3bzrG1pz7CKxg1BdzswnF&#13;
akghTygUNUCzmMpeNKaTMoucAmPfqxUDaPFEiZX1/gzcOEsh87hQfDKHLHUqnr4dF08mvONMWeHe&#13;
sEzE1amSZyiT3G9KeIxXx+H4ZdzANtEWdXfK7mdeXg2dqm1ZuY6znlSk7S7M+3/B1FuVfWMJuASc&#13;
JnJspX7Uw5dgyTNt5X7bh3eGaGIeoQeWVgZXHcWBv/I5Vg6Rf0DsPHYzecmeMVNZu6BDkESYDirb&#13;
9cOt9rYE9JJA97ijYoyJjxQeaa1NSUXOS+Dhd9X48VZlgUgXY1KWmOeIwLMfB+zh9aa0sAbC+hE9&#13;
B3xVGHFH+2PPXD8kguefdnEAwQT1F1NRpjlcQEOdUbi1k6hiAUEsDnPVJWeYkdwl5dX6hugqS0kI&#13;
GiAIzrrdX90DRN0oq8S+JHXIYYajt6BM9kgwUmSs4LWj22mIlD+A6LNGH8YTcKXWrzWhmGIbCPxR&#13;
IPCCrhCQ6Td+DHaRkVXe4HSjRlYI/xFekFs=</ds:X509Certificate></ds:X509Data></ds:KeyInfo><ds:Object><xades:QualifyingProperties xmlns:xades="http://uri.etsi.org/01903/v1.3.2#" Target="#Signer-T-1691414146423">
		<xades:SignedProperties Id="SignedProperties-Signer-T-1691414146423">
			<xades:SignedSignatureProperties>
				<xades:SigningTime>2023-08-07T15:15:46+02:00</xades:SigningTime>
				<xades:SigningCertificate>
					<xades:Cert>
						<xades:CertDigest>
							<ds:DigestMethod Algorithm="http://www.w3.org/2001/04/xmlenc#sha256"/>
							<ds:DigestValue>zWWxr0kf/D3zdicNEDBWjldEbLuc3Ay+3zbo2BCsnoE=</ds:DigestValue>
						</xades:CertDigest>
						<xades:IssuerSerial><ds:X509IssuerName>CN=ArubaPEC EU Qualified Certificates CA G1,OU=Qualified Trust Service Provider,2.5.4.97=#0c1156415449542d3031383739303230353137,O=ArubaPEC S.p.A.,L=Arezzo,C=IT</ds:X509IssuerName><ds:X509SerialNumber>7032302952220666535</ds:X509SerialNumber></xades:IssuerSerial>
					</xades:Cert>
				</xades:SigningCertificate>
			</xades:SignedSignatureProperties>
		
			<xades:SignedDataObjectProperties>
				<xades:DataObjectFormat ObjectReference="#r-doc-Signer-T-1691414146423">
					<xades:MimeType>text/xml</xades:MimeType>
				</xades:DataObjectFormat>
			
				<xades:DataObjectFormat ObjectReference="#r-keyinfo-Signer-T-1691414146423">
					<xades:MimeType>text/xml</xades:MimeType>
				</xades:DataObjectFormat>
			</xades:SignedDataObjectProperties>
		</xades:SignedProperties>
	</xades:QualifyingProperties></ds:Object></ds:Signature></alert>