<?xml version='1.0' encoding='UTF-8'?>
<alert xmlns="urn:oasis:names:tc:emergency:cap:1.2">
  <identifier>DPC_BULLETTIN_2019_01_30_19982</identifier>
  <sender>2.49.0.0.380.1</sender>
  <sent>2019-01-30T15:02:00+01:00</sent>
  <status>Actual</status>
  <msgType>Alert</msgType>
  <scope>Public</scope>
  <note>Per la Regione Sardegna e per la Provincia Autonoma di Bolzano il bollettino riguarda solo la valutazione del rischio idrogeologico e idraulico, non essendo ancora il rischio temporali oggetto di valutazione secondo le Indicazioni Operative del Capo Dipartimento della Protezione Civile del 10 febbraio 2016;
Regione Veneto: le frane del Tessina in comune di Chies d'Alpago (BL) e della Busa del Cristo in comune di Perarolo di Cadore (BL), riattivatesi dopo le abbondanti precipitazioni occorse a fine ottobre 2018, rimangono soggette a specifico monitoraggio;
Regione Campania: si rappresenta che la criticità dichiarata è da ritenersi valida dalle ore 17:00 di oggi, mercoledì 30 gennaio 2019, fino alle ore 09:00 di domani, giovedì 31 gennaio 2019. Dopo le ore 09:00 di domani, giovedì 31 gennaio 2019, è da ritenersi VERDE (nulla) su tutte le zone di allerta.</note>
  <info>
    <category>Met</category>
    <event>ORDINARIA CRITICITA' PER RISCHIO IDRAULICO / ALLERTA GIALLA:</event>
    <responseType>Prepare</responseType>
    <urgency>Expected</urgency>
    <severity>Moderate</severity>
    <certainty>Likely</certainty>
    <onset>2019-01-30T12:00:00+01:00</onset>
    <expires>2019-01-30T23:59:59+01:00</expires>
    <senderName>DIPARTIMENTO DI PROTEZIONE CIVILE</senderName>
    <description>all_GIALLA PER OGGI SU:</description>
    <area>
      <areaDesc>Basi-B</areaDesc>
      <geocode>
        <valueName>Zona di Allerta</valueName>
        <value>Basi-B</value>
      </geocode>
    </area>
    <area>
      <areaDesc>Basi-A1</areaDesc>
      <geocode>
        <valueName>Zona di Allerta</valueName>
        <value>Basi-A1</value>
      </geocode>
    </area>
    <area>
      <areaDesc>Basi-C</areaDesc>
      <geocode>
        <valueName>Zona di Allerta</valueName>
        <value>Basi-C</value>
      </geocode>
    </area>
    <area>
      <areaDesc>Basi-D</areaDesc>
      <geocode>
        <valueName>Zona di Allerta</valueName>
        <value>Basi-D</value>
      </geocode>
    </area>
    <area>
      <areaDesc>Basi-A2</areaDesc>
      <geocode>
        <valueName>Zona di Allerta</valueName>
        <value>Basi-A2</value>
      </geocode>
    </area>
    <area>
      <areaDesc>Basi-E2</areaDesc>
      <geocode>
        <valueName>Zona di Allerta</valueName>
        <value>Basi-E2</value>
      </geocode>
    </area>
    <area>
      <areaDesc>Basi-E1</areaDesc>
      <geocode>
        <valueName>Zona di Allerta</valueName>
        <value>Basi-E1</value>
      </geocode>
    </area>
    <area>
      <areaDesc>Logudoro</areaDesc>
      <geocode>
        <valueName>Zona di Allerta</valueName>
        <value>Sard-G</value>
      </geocode>
    </area>
  </info>
  <info>
    <category>Met</category>
    <event>ORDINARIA CRITICITA' PER RISCHIO IDROGEOLOGICO / ALLERTA GIALLA:</event>
    <responseType>Prepare</responseType>
    <urgency>Expected</urgency>
    <severity>Moderate</severity>
    <certainty>Likely</certainty>
    <onset>2019-01-30T12:00:00+01:00</onset>
    <expires>2019-01-30T23:59:59+01:00</expires>
    <senderName>DIPARTIMENTO DI PROTEZIONE CIVILE</senderName>
    <description>all_GIALLA PER OGGI SU:</description>
    <area>
      <areaDesc>Bacini Tordino Vomano</areaDesc>
      <geocode>
        <valueName>Zona di Allerta</valueName>
        <value>Abru-A</value>
      </geocode>
    </area>
    <area>
      <areaDesc>Bacino del Pescara</areaDesc>
      <geocode>
        <valueName>Zona di Allerta</valueName>
        <value>Abru-C</value>
      </geocode>
    </area>
    <area>
      <areaDesc>Basi-B</areaDesc>
      <geocode>
        <valueName>Zona di Allerta</valueName>
        <value>Basi-B</value>
      </geocode>
    </area>
    <area>
      <areaDesc>Basi-A1</areaDesc>
      <geocode>
        <valueName>Zona di Allerta</valueName>
        <value>Basi-A1</value>
      </geocode>
    </area>
    <area>
      <areaDesc>Basi-C</areaDesc>
      <geocode>
        <valueName>Zona di Allerta</valueName>
        <value>Basi-C</value>
      </geocode>
    </area>
    <area>
      <areaDesc>Basi-D</areaDesc>
      <geocode>
        <valueName>Zona di Allerta</valueName>
        <value>Basi-D</value>
      </geocode>
    </area>
    <area>
      <areaDesc>Basi-A2</areaDesc>
      <geocode>
        <valueName>Zona di Allerta</valueName>
        <value>Basi-A2</value>
      </geocode>
    </area>
    <area>
      <areaDesc>Basi-E2</areaDesc>
      <geocode>
        <valueName>Zona di Allerta</valueName>
        <value>Basi-E2</value>
      </geocode>
    </area>
    <area>
      <areaDesc>Basi-E1</areaDesc>
      <geocode>
        <valueName>Zona di Allerta</valueName>
        <value>Basi-E1</value>
      </geocode>
    </area>
    <area>
      <areaDesc>Piana campana, Napoli, Isole e Area vesuviana</areaDesc>
      <geocode>
        <valueName>Zona di Allerta</valueName>
        <value>Camp-1</value>
      </geocode>
    </area>
    <area>
      <areaDesc>Penisola sorrentino-amalfitana, Monti di Sarno e Monti Picentini</areaDesc>
      <geocode>
        <valueName>Zona di Allerta</valueName>
        <value>Camp-3</value>
      </geocode>
    </area>
    <area>
      <areaDesc>Piana Sele e Alto Cilento</areaDesc>
      <geocode>
        <valueName>Zona di Allerta</valueName>
        <value>Camp-6</value>
      </geocode>
    </area>
    <area>
      <areaDesc>Basso Cilento</areaDesc>
      <geocode>
        <valueName>Zona di Allerta</valueName>
        <value>Camp-8</value>
      </geocode>
    </area>
    <area>
      <areaDesc>Tusciano e Alto Sele</areaDesc>
      <geocode>
        <valueName>Zona di Allerta</valueName>
        <value>Camp-5</value>
      </geocode>
    </area>
    <area>
      <areaDesc>Roma</areaDesc>
      <geocode>
        <valueName>Zona di Allerta</valueName>
        <value>Lazi-D</value>
      </geocode>
    </area>
    <area>
      <areaDesc>Bacini Costieri Sud</areaDesc>
      <geocode>
        <valueName>Zona di Allerta</valueName>
        <value>Lazi-F</value>
      </geocode>
    </area>
    <area>
      <areaDesc>Bacini Costieri Nord</areaDesc>
      <geocode>
        <valueName>Zona di Allerta</valueName>
        <value>Lazi-A</value>
      </geocode>
    </area>
  </info>
  <info>
    <category>Met</category>
    <event>ORDINARIA CRITICITA' PER RISCHIO IDRAULICO / ALLERTA GIALLA:</event>
    <responseType>Prepare</responseType>
    <urgency>Expected</urgency>
    <severity>Moderate</severity>
    <certainty>Likely</certainty>
    <onset>2019-01-31T00:00:00+01:00</onset>
    <expires>2019-01-31T23:59:59+01:00</expires>
    <senderName>DIPARTIMENTO DI PROTEZIONE CIVILE</senderName>
    <description>all_GIALLA PER DOMANI SU:</description>
    <area>
      <areaDesc>Basi-E2</areaDesc>
      <geocode>
        <valueName>Zona di Allerta</valueName>
        <value>Basi-E2</value>
      </geocode>
    </area>
    <area>
      <areaDesc>Basi-A1</areaDesc>
      <geocode>
        <valueName>Zona di Allerta</valueName>
        <value>Basi-A1</value>
      </geocode>
    </area>
    <area>
      <areaDesc>Basi-D</areaDesc>
      <geocode>
        <valueName>Zona di Allerta</valueName>
        <value>Basi-D</value>
      </geocode>
    </area>
    <area>
      <areaDesc>Basi-C</areaDesc>
      <geocode>
        <valueName>Zona di Allerta</valueName>
        <value>Basi-C</value>
      </geocode>
    </area>
    <area>
      <areaDesc>Basi-B</areaDesc>
      <geocode>
        <valueName>Zona di Allerta</valueName>
        <value>Basi-B</value>
      </geocode>
    </area>
    <area>
      <areaDesc>Basi-E1</areaDesc>
      <geocode>
        <valueName>Zona di Allerta</valueName>
        <value>Basi-E1</value>
      </geocode>
    </area>
    <area>
      <areaDesc>Basi-A2</areaDesc>
      <geocode>
        <valueName>Zona di Allerta</valueName>
        <value>Basi-A2</value>
      </geocode>
    </area>
    <area>
      <areaDesc>Logudoro</areaDesc>
      <geocode>
        <valueName>Zona di Allerta</valueName>
        <value>Sard-G</value>
      </geocode>
    </area>
  </info>
  <info>
    <category>Met</category>
    <event>ORDINARIA CRITICITA' PER RISCHIO IDROGEOLOGICO / ALLERTA GIALLA:</event>
    <responseType>Prepare</responseType>
    <urgency>Expected</urgency>
    <severity>Moderate</severity>
    <certainty>Likely</certainty>
    <onset>2019-01-31T00:00:00+01:00</onset>
    <expires>2019-01-31T23:59:59+01:00</expires>
    <senderName>DIPARTIMENTO DI PROTEZIONE CIVILE</senderName>
    <description>all_GIALLA PER DOMANI SU:</description>
    <area>
      <areaDesc>Bacino del Pescara</areaDesc>
      <geocode>
        <valueName>Zona di Allerta</valueName>
        <value>Abru-C</value>
      </geocode>
    </area>
    <area>
      <areaDesc>Bacini Tordino Vomano</areaDesc>
      <geocode>
        <valueName>Zona di Allerta</valueName>
        <value>Abru-A</value>
      </geocode>
    </area>
    <area>
      <areaDesc>Basi-E2</areaDesc>
      <geocode>
        <valueName>Zona di Allerta</valueName>
        <value>Basi-E2</value>
      </geocode>
    </area>
    <area>
      <areaDesc>Basi-A1</areaDesc>
      <geocode>
        <valueName>Zona di Allerta</valueName>
        <value>Basi-A1</value>
      </geocode>
    </area>
    <area>
      <areaDesc>Basi-D</areaDesc>
      <geocode>
        <valueName>Zona di Allerta</valueName>
        <value>Basi-D</value>
      </geocode>
    </area>
    <area>
      <areaDesc>Basi-C</areaDesc>
      <geocode>
        <valueName>Zona di Allerta</valueName>
        <value>Basi-C</value>
      </geocode>
    </area>
    <area>
      <areaDesc>Basi-B</areaDesc>
      <geocode>
        <valueName>Zona di Allerta</valueName>
        <value>Basi-B</value>
      </geocode>
    </area>
    <area>
      <areaDesc>Basi-E1</areaDesc>
      <geocode>
        <valueName>Zona di Allerta</valueName>
        <value>Basi-E1</value>
      </geocode>
    </area>
    <area>
      <areaDesc>Basi-A2</areaDesc>
      <geocode>
        <valueName>Zona di Allerta</valueName>
        <value>Basi-A2</value>
      </geocode>
    </area>
    <area>
      <areaDesc>Piana Sele e Alto Cilento</areaDesc>
      <geocode>
        <valueName>Zona di Allerta</valueName>
        <value>Camp-6</value>
      </geocode>
    </area>
    <area>
      <areaDesc>Basso Cilento</areaDesc>
      <geocode>
        <valueName>Zona di Allerta</valueName>
        <value>Camp-8</value>
      </geocode>
    </area>
    <area>
      <areaDesc>Piana campana, Napoli, Isole e Area vesuviana</areaDesc>
      <geocode>
        <valueName>Zona di Allerta</valueName>
        <value>Camp-1</value>
      </geocode>
    </area>
    <area>
      <areaDesc>Penisola sorrentino-amalfitana, Monti di Sarno e Monti Picentini</areaDesc>
      <geocode>
        <valueName>Zona di Allerta</valueName>
        <value>Camp-3</value>
      </geocode>
    </area>
    <area>
      <areaDesc>Tusciano e Alto Sele</areaDesc>
      <geocode>
        <valueName>Zona di Allerta</valueName>
        <value>Camp-5</value>
      </geocode>
    </area>
  </info>
</alert>
