<?xml version='1.0' encoding='UTF-8'?>
<alert xmlns="urn:oasis:names:tc:emergency:cap:1.2">
  <identifier>DPC_BULLETIN_2022_02_24_63105</identifier>
  <sender>2.49.0.0.380.1</sender>
  <sent>2022-02-24T14:43:00+01:00</sent>
  <status>Actual</status>
  <msgType>Alert</msgType>
  <scope>Public</scope>
  <note>Regione Basilicata: Come disposto dall’Avviso Rischio Grandi Dighe, richiamato nelle premesse, la criticità per il rischio idraulico previsionale è valutata ORDINARIA con livello di allerta GIALLO, per i Comuni a valle della diga di Acerenza, previsti dal Documento di Protezione Civile (Comuni interessati: Acerenza, Genzano di Lucania, Oppido Lucano, Irsina).</note>
  <note2>Regione Basilicata: Come disposto dall’Avviso Rischio Grandi Dighe, richiamato nelle premesse, la criticità per il rischio idraulico previsionale è valutata ORDINARIA con livello di allerta GIALLO, per i Comuni a valle della diga di Acerenza, previsti dal Documento di Protezione Civile (Comuni interessati: Acerenza, Genzano di Lucania, Oppido Lucano, Irsina).</note2>
  <info>
    <category>Met</category>
    <event>ORDINARIA CRITICITA' PER RISCHIO IDROGEOLOGICO / ALLERTA GIALLA:</event>
    <responseType>Prepare</responseType>
    <urgency>Expected</urgency>
    <severity>Moderate</severity>
    <certainty>Likely</certainty>
    <onset>2022-02-25T00:00:00+01:00</onset>
    <expires>2022-02-25T23:59:59+01:00</expires>
    <senderName>DIPARTIMENTO DI PROTEZIONE CIVILE</senderName>
    <description>all_GIALLA PER DOMANI SU:</description>
    <area>
      <areaDesc>Marc-1</areaDesc>
      <geocode>
        <valueName>Zona di Allerta</valueName>
        <value>Marc-1</value>
      </geocode>
    </area>
    <area>
      <areaDesc>Marc-6</areaDesc>
      <geocode>
        <valueName>Zona di Allerta</valueName>
        <value>Marc-6</value>
      </geocode>
    </area>
    <area>
      <areaDesc>Marc-2</areaDesc>
      <geocode>
        <valueName>Zona di Allerta</valueName>
        <value>Marc-2</value>
      </geocode>
    </area>
    <area>
      <areaDesc>Marc-4</areaDesc>
      <geocode>
        <valueName>Zona di Allerta</valueName>
        <value>Marc-4</value>
      </geocode>
    </area>
    <area>
      <areaDesc>Marc-3</areaDesc>
      <geocode>
        <valueName>Zona di Allerta</valueName>
        <value>Marc-3</value>
      </geocode>
    </area>
    <area>
      <areaDesc>Marc-5</areaDesc>
      <geocode>
        <valueName>Zona di Allerta</valueName>
        <value>Marc-5</value>
      </geocode>
    </area>
  </info>
</alert>
