<?xml version='1.0' encoding='UTF-8'?>
<alert xmlns="urn:oasis:names:tc:emergency:cap:1.2">
  <identifier>DPC_BULLETTIN_2019_05_13_23901</identifier>
  <sender>2.49.0.0.380.1</sender>
  <sent>2019-05-13T16:27:00+02:00</sent>
  <status>Actual</status>
  <msgType>Alert</msgType>
  <scope>Public</scope>
  <note>Per la Provincia Autonoma di Bolzano il bollettino riguarda solo la valutazione del rischio idrogeologico e idraulico, non essendo ancora il rischio temporali oggetto di valutazione secondo le Indicazioni Operative del Capo Dipartimento della Protezione Civile del 10 febbraio 2016;
Regione Marche: la criticità è da intendersi MODERATA, sia idrogeo che idraulica, in Marche 1-2-3-4 fino alle ore 14 di martedì 14 maggio; per la restante parte della giornata del 14/05 è ORDINARIA.</note>
  <info>
    <category>Met</category>
    <event>ELEVATA CRITICITA' PER RISCHIO IDRAULICO / ALLERTA ROSSA:</event>
    <responseType>Prepare</responseType>
    <urgency>Expected</urgency>
    <severity>Extreme</severity>
    <certainty>Likely</certainty>
    <onset>2019-05-13T12:00:00+02:00</onset>
    <expires>2019-05-13T23:59:59+02:00</expires>
    <senderName>DIPARTIMENTO DI PROTEZIONE CIVILE</senderName>
    <description>all_ROSSA PER OGGI SU:</description>
    <area>
      <areaDesc>Pianura e costa romagnola</areaDesc>
      <geocode>
        <valueName>Zona di Allerta</valueName>
        <value>Emil-B</value>
      </geocode>
    </area>
    <area>
      <areaDesc>Pianura emiliana orientale e costa Ferrarese</areaDesc>
      <geocode>
        <valueName>Zona di Allerta</valueName>
        <value>Emil-D</value>
      </geocode>
    </area>
    <area>
      <areaDesc>Pianura emiliana centrale</areaDesc>
      <geocode>
        <valueName>Zona di Allerta</valueName>
        <value>Emil-F</value>
      </geocode>
    </area>
  </info>
  <info>
    <category>Met</category>
    <event>MODERATA CRITICITA' PER RISCHIO IDRAULICO / ALLERTA ARANCIONE:</event>
    <responseType>Prepare</responseType>
    <urgency>Expected</urgency>
    <severity>Severe</severity>
    <certainty>Likely</certainty>
    <onset>2019-05-13T12:00:00+02:00</onset>
    <expires>2019-05-13T23:59:59+02:00</expires>
    <senderName>DIPARTIMENTO DI PROTEZIONE CIVILE</senderName>
    <description>all_ARANCIONE PER OGGI SU:</description>
    <area>
      <areaDesc>Bacino del Pescara</areaDesc>
      <geocode>
        <valueName>Zona di Allerta</valueName>
        <value>Abru-C</value>
      </geocode>
    </area>
    <area>
      <areaDesc>Bacino Basso del Sangro</areaDesc>
      <geocode>
        <valueName>Zona di Allerta</valueName>
        <value>Abru-D2</value>
      </geocode>
    </area>
    <area>
      <areaDesc>Bacini Tordino Vomano</areaDesc>
      <geocode>
        <valueName>Zona di Allerta</valueName>
        <value>Abru-A</value>
      </geocode>
    </area>
    <area>
      <areaDesc>Bacino Alto del Sangro</areaDesc>
      <geocode>
        <valueName>Zona di Allerta</valueName>
        <value>Abru-D1</value>
      </geocode>
    </area>
    <area>
      <areaDesc>Bacini romagnoli</areaDesc>
      <geocode>
        <valueName>Zona di Allerta</valueName>
        <value>Emil-A</value>
      </geocode>
    </area>
    <area>
      <areaDesc>Marc-1</areaDesc>
      <geocode>
        <valueName>Zona di Allerta</valueName>
        <value>Marc-1</value>
      </geocode>
    </area>
    <area>
      <areaDesc>Marc-2</areaDesc>
      <geocode>
        <valueName>Zona di Allerta</valueName>
        <value>Marc-2</value>
      </geocode>
    </area>
    <area>
      <areaDesc>Marc-4</areaDesc>
      <geocode>
        <valueName>Zona di Allerta</valueName>
        <value>Marc-4</value>
      </geocode>
    </area>
    <area>
      <areaDesc>Marc-3</areaDesc>
      <geocode>
        <valueName>Zona di Allerta</valueName>
        <value>Marc-3</value>
      </geocode>
    </area>
    <area>
      <areaDesc>Marc-6</areaDesc>
      <geocode>
        <valueName>Zona di Allerta</valueName>
        <value>Marc-6</value>
      </geocode>
    </area>
    <area>
      <areaDesc>Marc-5</areaDesc>
      <geocode>
        <valueName>Zona di Allerta</valueName>
        <value>Marc-5</value>
      </geocode>
    </area>
  </info>
  <info>
    <category>Met</category>
    <event>MODERATA CRITICITA' PER RISCHIO TEMPORALI / ALLERTA ARANCIONE:</event>
    <responseType>Prepare</responseType>
    <urgency>Expected</urgency>
    <severity>Severe</severity>
    <certainty>Likely</certainty>
    <onset>2019-05-13T12:00:00+02:00</onset>
    <expires>2019-05-13T23:59:59+02:00</expires>
    <senderName>DIPARTIMENTO DI PROTEZIONE CIVILE</senderName>
    <description>all_ARANCIONE PER OGGI SU:</description>
    <area>
      <areaDesc>Bacini romagnoli</areaDesc>
      <geocode>
        <valueName>Zona di Allerta</valueName>
        <value>Emil-A</value>
      </geocode>
    </area>
  </info>
  <info>
    <category>Met</category>
    <event>MODERATA CRITICITA' PER RISCHIO IDROGEOLOGICO / ALLERTA ARANCIONE:</event>
    <responseType>Prepare</responseType>
    <urgency>Expected</urgency>
    <severity>Severe</severity>
    <certainty>Likely</certainty>
    <onset>2019-05-13T12:00:00+02:00</onset>
    <expires>2019-05-13T23:59:59+02:00</expires>
    <senderName>DIPARTIMENTO DI PROTEZIONE CIVILE</senderName>
    <description>all_ARANCIONE PER OGGI SU:</description>
    <area>
      <areaDesc>Bacino del Pescara</areaDesc>
      <geocode>
        <valueName>Zona di Allerta</valueName>
        <value>Abru-C</value>
      </geocode>
    </area>
    <area>
      <areaDesc>Bacino Basso del Sangro</areaDesc>
      <geocode>
        <valueName>Zona di Allerta</valueName>
        <value>Abru-D2</value>
      </geocode>
    </area>
    <area>
      <areaDesc>Bacini Tordino Vomano</areaDesc>
      <geocode>
        <valueName>Zona di Allerta</valueName>
        <value>Abru-A</value>
      </geocode>
    </area>
    <area>
      <areaDesc>Bacino Alto del Sangro</areaDesc>
      <geocode>
        <valueName>Zona di Allerta</valueName>
        <value>Abru-D1</value>
      </geocode>
    </area>
    <area>
      <areaDesc>Pianura e costa romagnola</areaDesc>
      <geocode>
        <valueName>Zona di Allerta</valueName>
        <value>Emil-B</value>
      </geocode>
    </area>
    <area>
      <areaDesc>Bacini romagnoli</areaDesc>
      <geocode>
        <valueName>Zona di Allerta</valueName>
        <value>Emil-A</value>
      </geocode>
    </area>
    <area>
      <areaDesc>Marc-1</areaDesc>
      <geocode>
        <valueName>Zona di Allerta</valueName>
        <value>Marc-1</value>
      </geocode>
    </area>
    <area>
      <areaDesc>Marc-2</areaDesc>
      <geocode>
        <valueName>Zona di Allerta</valueName>
        <value>Marc-2</value>
      </geocode>
    </area>
    <area>
      <areaDesc>Marc-4</areaDesc>
      <geocode>
        <valueName>Zona di Allerta</valueName>
        <value>Marc-4</value>
      </geocode>
    </area>
    <area>
      <areaDesc>Marc-3</areaDesc>
      <geocode>
        <valueName>Zona di Allerta</valueName>
        <value>Marc-3</value>
      </geocode>
    </area>
    <area>
      <areaDesc>Marc-6</areaDesc>
      <geocode>
        <valueName>Zona di Allerta</valueName>
        <value>Marc-6</value>
      </geocode>
    </area>
    <area>
      <areaDesc>Marc-5</areaDesc>
      <geocode>
        <valueName>Zona di Allerta</valueName>
        <value>Marc-5</value>
      </geocode>
    </area>
  </info>
  <info>
    <category>Met</category>
    <event>ORDINARIA CRITICITA' PER RISCHIO IDRAULICO / ALLERTA GIALLA:</event>
    <responseType>Prepare</responseType>
    <urgency>Expected</urgency>
    <severity>Moderate</severity>
    <certainty>Likely</certainty>
    <onset>2019-05-13T12:00:00+02:00</onset>
    <expires>2019-05-13T23:59:59+02:00</expires>
    <senderName>DIPARTIMENTO DI PROTEZIONE CIVILE</senderName>
    <description>all_GIALLA PER OGGI SU:</description>
    <area>
      <areaDesc>Bacini emiliani centrali</areaDesc>
      <geocode>
        <valueName>Zona di Allerta</valueName>
        <value>Emil-E</value>
      </geocode>
    </area>
    <area>
      <areaDesc>Bacini emiliani orientali</areaDesc>
      <geocode>
        <valueName>Zona di Allerta</valueName>
        <value>Emil-C</value>
      </geocode>
    </area>
  </info>
  <info>
    <category>Met</category>
    <event>ORDINARIA CRITICITA' PER RISCHIO TEMPORALI / ALLERTA GIALLA:</event>
    <responseType>Prepare</responseType>
    <urgency>Expected</urgency>
    <severity>Moderate</severity>
    <certainty>Likely</certainty>
    <onset>2019-05-13T12:00:00+02:00</onset>
    <expires>2019-05-13T23:59:59+02:00</expires>
    <senderName>DIPARTIMENTO DI PROTEZIONE CIVILE</senderName>
    <description>all_GIALLA PER OGGI SU:</description>
    <area>
      <areaDesc>Bacino del Pescara</areaDesc>
      <geocode>
        <valueName>Zona di Allerta</valueName>
        <value>Abru-C</value>
      </geocode>
    </area>
    <area>
      <areaDesc>Bacino Basso del Sangro</areaDesc>
      <geocode>
        <valueName>Zona di Allerta</valueName>
        <value>Abru-D2</value>
      </geocode>
    </area>
    <area>
      <areaDesc>Marsica</areaDesc>
      <geocode>
        <valueName>Zona di Allerta</valueName>
        <value>Abru-E</value>
      </geocode>
    </area>
    <area>
      <areaDesc>Bacini Tordino Vomano</areaDesc>
      <geocode>
        <valueName>Zona di Allerta</valueName>
        <value>Abru-A</value>
      </geocode>
    </area>
    <area>
      <areaDesc>Bacino Alto del Sangro</areaDesc>
      <geocode>
        <valueName>Zona di Allerta</valueName>
        <value>Abru-D1</value>
      </geocode>
    </area>
    <area>
      <areaDesc>Bacino dell'Aterno</areaDesc>
      <geocode>
        <valueName>Zona di Allerta</valueName>
        <value>Abru-B</value>
      </geocode>
    </area>
    <area>
      <areaDesc>Basi-E1</areaDesc>
      <geocode>
        <valueName>Zona di Allerta</valueName>
        <value>Basi-E1</value>
      </geocode>
    </area>
    <area>
      <areaDesc>Basi-A1</areaDesc>
      <geocode>
        <valueName>Zona di Allerta</valueName>
        <value>Basi-A1</value>
      </geocode>
    </area>
    <area>
      <areaDesc>Basi-B</areaDesc>
      <geocode>
        <valueName>Zona di Allerta</valueName>
        <value>Basi-B</value>
      </geocode>
    </area>
    <area>
      <areaDesc>Basi-E2</areaDesc>
      <geocode>
        <valueName>Zona di Allerta</valueName>
        <value>Basi-E2</value>
      </geocode>
    </area>
    <area>
      <areaDesc>Basi-C</areaDesc>
      <geocode>
        <valueName>Zona di Allerta</valueName>
        <value>Basi-C</value>
      </geocode>
    </area>
    <area>
      <areaDesc>Basi-D</areaDesc>
      <geocode>
        <valueName>Zona di Allerta</valueName>
        <value>Basi-D</value>
      </geocode>
    </area>
    <area>
      <areaDesc>Basi-A2</areaDesc>
      <geocode>
        <valueName>Zona di Allerta</valueName>
        <value>Basi-A2</value>
      </geocode>
    </area>
    <area>
      <areaDesc>Versante Jonico Settentrionale</areaDesc>
      <geocode>
        <valueName>Zona di Allerta</valueName>
        <value>Cala-5</value>
      </geocode>
    </area>
    <area>
      <areaDesc>Versante Tirrenico Settentrionale</areaDesc>
      <geocode>
        <valueName>Zona di Allerta</valueName>
        <value>Cala-1</value>
      </geocode>
    </area>
    <area>
      <areaDesc>Versante Tirrenico Centro-settentrionale</areaDesc>
      <geocode>
        <valueName>Zona di Allerta</valueName>
        <value>Cala-2</value>
      </geocode>
    </area>
    <area>
      <areaDesc>Versante Jonico Centro-settentrionale</areaDesc>
      <geocode>
        <valueName>Zona di Allerta</valueName>
        <value>Cala-6</value>
      </geocode>
    </area>
    <area>
      <areaDesc>Versante Jionico Centro-meridionale</areaDesc>
      <geocode>
        <valueName>Zona di Allerta</valueName>
        <value>Cala-7</value>
      </geocode>
    </area>
    <area>
      <areaDesc>Versante Tirrenico Centro-meridionale</areaDesc>
      <geocode>
        <valueName>Zona di Allerta</valueName>
        <value>Cala-3</value>
      </geocode>
    </area>
    <area>
      <areaDesc>Versante Jonico Meridionale</areaDesc>
      <geocode>
        <valueName>Zona di Allerta</valueName>
        <value>Cala-8</value>
      </geocode>
    </area>
    <area>
      <areaDesc>Versante Tirrenico Meridionale</areaDesc>
      <geocode>
        <valueName>Zona di Allerta</valueName>
        <value>Cala-4</value>
      </geocode>
    </area>
    <area>
      <areaDesc>Pianura e costa romagnola</areaDesc>
      <geocode>
        <valueName>Zona di Allerta</valueName>
        <value>Emil-B</value>
      </geocode>
    </area>
    <area>
      <areaDesc>Bacini emiliani centrali</areaDesc>
      <geocode>
        <valueName>Zona di Allerta</valueName>
        <value>Emil-E</value>
      </geocode>
    </area>
    <area>
      <areaDesc>Bacini emiliani orientali</areaDesc>
      <geocode>
        <valueName>Zona di Allerta</valueName>
        <value>Emil-C</value>
      </geocode>
    </area>
    <area>
      <areaDesc>Marc-1</areaDesc>
      <geocode>
        <valueName>Zona di Allerta</valueName>
        <value>Marc-1</value>
      </geocode>
    </area>
    <area>
      <areaDesc>Marc-2</areaDesc>
      <geocode>
        <valueName>Zona di Allerta</valueName>
        <value>Marc-2</value>
      </geocode>
    </area>
    <area>
      <areaDesc>Marc-4</areaDesc>
      <geocode>
        <valueName>Zona di Allerta</valueName>
        <value>Marc-4</value>
      </geocode>
    </area>
    <area>
      <areaDesc>Marc-3</areaDesc>
      <geocode>
        <valueName>Zona di Allerta</valueName>
        <value>Marc-3</value>
      </geocode>
    </area>
    <area>
      <areaDesc>Marc-6</areaDesc>
      <geocode>
        <valueName>Zona di Allerta</valueName>
        <value>Marc-6</value>
      </geocode>
    </area>
    <area>
      <areaDesc>Marc-5</areaDesc>
      <geocode>
        <valueName>Zona di Allerta</valueName>
        <value>Marc-5</value>
      </geocode>
    </area>
    <area>
      <areaDesc>Alto Volturno - Medio Sangro</areaDesc>
      <geocode>
        <valueName>Zona di Allerta</valueName>
        <value>Moli-A</value>
      </geocode>
    </area>
    <area>
      <areaDesc>Frentani - Sannio - Matese</areaDesc>
      <geocode>
        <valueName>Zona di Allerta</valueName>
        <value>Moli-B</value>
      </geocode>
    </area>
    <area>
      <areaDesc>Litoranea</areaDesc>
      <geocode>
        <valueName>Zona di Allerta</valueName>
        <value>Moli-C</value>
      </geocode>
    </area>
    <area>
      <areaDesc>Gargano e Tremiti</areaDesc>
      <geocode>
        <valueName>Zona di Allerta</valueName>
        <value>Pugl-A</value>
      </geocode>
    </area>
    <area>
      <areaDesc>Sub-Appennino Dauno</areaDesc>
      <geocode>
        <valueName>Zona di Allerta</valueName>
        <value>Pugl-H</value>
      </geocode>
    </area>
    <area>
      <areaDesc>Tavoliere - bassi bacini del Candelaro, Cervaro e Carapelle</areaDesc>
      <geocode>
        <valueName>Zona di Allerta</valueName>
        <value>Pugl-B</value>
      </geocode>
    </area>
    <area>
      <areaDesc>Puglia Centrale Bradanica</areaDesc>
      <geocode>
        <valueName>Zona di Allerta</valueName>
        <value>Pugl-F</value>
      </geocode>
    </area>
    <area>
      <areaDesc>Salento</areaDesc>
      <geocode>
        <valueName>Zona di Allerta</valueName>
        <value>Pugl-D</value>
      </geocode>
    </area>
    <area>
      <areaDesc>Basso Ofanto</areaDesc>
      <geocode>
        <valueName>Zona di Allerta</valueName>
        <value>Pugl-G</value>
      </geocode>
    </area>
    <area>
      <areaDesc>Puglia Centrale Adriatica</areaDesc>
      <geocode>
        <valueName>Zona di Allerta</valueName>
        <value>Pugl-C</value>
      </geocode>
    </area>
    <area>
      <areaDesc>Bacini del Lato e del Lenne</areaDesc>
      <geocode>
        <valueName>Zona di Allerta</valueName>
        <value>Pugl-E</value>
      </geocode>
    </area>
    <area>
      <areaDesc>Basso Fortore</areaDesc>
      <geocode>
        <valueName>Zona di Allerta</valueName>
        <value>Pugl-I</value>
      </geocode>
    </area>
    <area>
      <areaDesc>Nord-Occidentale e isole Egadi e Ustica</areaDesc>
      <geocode>
        <valueName>Zona di Allerta</valueName>
        <value>Sici-C</value>
      </geocode>
    </area>
    <area>
      <areaDesc>Sud-Occidentale e isola di Pantelleria</areaDesc>
      <geocode>
        <valueName>Zona di Allerta</valueName>
        <value>Sici-D</value>
      </geocode>
    </area>
    <area>
      <areaDesc>Centro-Meridionale e isole Pelagie</areaDesc>
      <geocode>
        <valueName>Zona di Allerta</valueName>
        <value>Sici-E</value>
      </geocode>
    </area>
    <area>
      <areaDesc>Bacino del Fiume Simeto</areaDesc>
      <geocode>
        <valueName>Zona di Allerta</valueName>
        <value>Sici-H</value>
      </geocode>
    </area>
    <area>
      <areaDesc>Nord-Orientale, versante ionico</areaDesc>
      <geocode>
        <valueName>Zona di Allerta</valueName>
        <value>Sici-I</value>
      </geocode>
    </area>
    <area>
      <areaDesc>Nord-Orientale, versante tirrenico e isole Eolie</areaDesc>
      <geocode>
        <valueName>Zona di Allerta</valueName>
        <value>Sici-A</value>
      </geocode>
    </area>
    <area>
      <areaDesc>Centro-Settentrionale, versante tirrenico</areaDesc>
      <geocode>
        <valueName>Zona di Allerta</valueName>
        <value>Sici-B</value>
      </geocode>
    </area>
    <area>
      <areaDesc>Sud-Orientale, versante Stretto di Sicilia</areaDesc>
      <geocode>
        <valueName>Zona di Allerta</valueName>
        <value>Sici-F</value>
      </geocode>
    </area>
    <area>
      <areaDesc>Sud-Orientale, versante ionico</areaDesc>
      <geocode>
        <valueName>Zona di Allerta</valueName>
        <value>Sici-G</value>
      </geocode>
    </area>
    <area>
      <areaDesc>Chiascio - Topino</areaDesc>
      <geocode>
        <valueName>Zona di Allerta</valueName>
        <value>Umbr-C</value>
      </geocode>
    </area>
    <area>
      <areaDesc>Nera - Corno</areaDesc>
      <geocode>
        <valueName>Zona di Allerta</valueName>
        <value>Umbr-D</value>
      </geocode>
    </area>
    <area>
      <areaDesc>Alto Tevere</areaDesc>
      <geocode>
        <valueName>Zona di Allerta</valueName>
        <value>Umbr-A</value>
      </geocode>
    </area>
  </info>
  <info>
    <category>Met</category>
    <event>ORDINARIA CRITICITA' PER RISCHIO IDROGEOLOGICO / ALLERTA GIALLA:</event>
    <responseType>Prepare</responseType>
    <urgency>Expected</urgency>
    <severity>Moderate</severity>
    <certainty>Likely</certainty>
    <onset>2019-05-13T12:00:00+02:00</onset>
    <expires>2019-05-13T23:59:59+02:00</expires>
    <senderName>DIPARTIMENTO DI PROTEZIONE CIVILE</senderName>
    <description>all_GIALLA PER OGGI SU:</description>
    <area>
      <areaDesc>Marsica</areaDesc>
      <geocode>
        <valueName>Zona di Allerta</valueName>
        <value>Abru-E</value>
      </geocode>
    </area>
    <area>
      <areaDesc>Bacino dell'Aterno</areaDesc>
      <geocode>
        <valueName>Zona di Allerta</valueName>
        <value>Abru-B</value>
      </geocode>
    </area>
    <area>
      <areaDesc>Versante Jonico Settentrionale</areaDesc>
      <geocode>
        <valueName>Zona di Allerta</valueName>
        <value>Cala-5</value>
      </geocode>
    </area>
    <area>
      <areaDesc>Versante Tirrenico Settentrionale</areaDesc>
      <geocode>
        <valueName>Zona di Allerta</valueName>
        <value>Cala-1</value>
      </geocode>
    </area>
    <area>
      <areaDesc>Versante Tirrenico Centro-settentrionale</areaDesc>
      <geocode>
        <valueName>Zona di Allerta</valueName>
        <value>Cala-2</value>
      </geocode>
    </area>
    <area>
      <areaDesc>Versante Jonico Centro-settentrionale</areaDesc>
      <geocode>
        <valueName>Zona di Allerta</valueName>
        <value>Cala-6</value>
      </geocode>
    </area>
    <area>
      <areaDesc>Versante Jionico Centro-meridionale</areaDesc>
      <geocode>
        <valueName>Zona di Allerta</valueName>
        <value>Cala-7</value>
      </geocode>
    </area>
    <area>
      <areaDesc>Versante Tirrenico Centro-meridionale</areaDesc>
      <geocode>
        <valueName>Zona di Allerta</valueName>
        <value>Cala-3</value>
      </geocode>
    </area>
    <area>
      <areaDesc>Versante Jonico Meridionale</areaDesc>
      <geocode>
        <valueName>Zona di Allerta</valueName>
        <value>Cala-8</value>
      </geocode>
    </area>
    <area>
      <areaDesc>Versante Tirrenico Meridionale</areaDesc>
      <geocode>
        <valueName>Zona di Allerta</valueName>
        <value>Cala-4</value>
      </geocode>
    </area>
    <area>
      <areaDesc>Bacini emiliani orientali</areaDesc>
      <geocode>
        <valueName>Zona di Allerta</valueName>
        <value>Emil-C</value>
      </geocode>
    </area>
    <area>
      <areaDesc>Frentani - Sannio - Matese</areaDesc>
      <geocode>
        <valueName>Zona di Allerta</valueName>
        <value>Moli-B</value>
      </geocode>
    </area>
    <area>
      <areaDesc>Litoranea</areaDesc>
      <geocode>
        <valueName>Zona di Allerta</valueName>
        <value>Moli-C</value>
      </geocode>
    </area>
    <area>
      <areaDesc>Gargano e Tremiti</areaDesc>
      <geocode>
        <valueName>Zona di Allerta</valueName>
        <value>Pugl-A</value>
      </geocode>
    </area>
    <area>
      <areaDesc>Sub-Appennino Dauno</areaDesc>
      <geocode>
        <valueName>Zona di Allerta</valueName>
        <value>Pugl-H</value>
      </geocode>
    </area>
    <area>
      <areaDesc>Tavoliere - bassi bacini del Candelaro, Cervaro e Carapelle</areaDesc>
      <geocode>
        <valueName>Zona di Allerta</valueName>
        <value>Pugl-B</value>
      </geocode>
    </area>
    <area>
      <areaDesc>Puglia Centrale Bradanica</areaDesc>
      <geocode>
        <valueName>Zona di Allerta</valueName>
        <value>Pugl-F</value>
      </geocode>
    </area>
    <area>
      <areaDesc>Salento</areaDesc>
      <geocode>
        <valueName>Zona di Allerta</valueName>
        <value>Pugl-D</value>
      </geocode>
    </area>
    <area>
      <areaDesc>Basso Ofanto</areaDesc>
      <geocode>
        <valueName>Zona di Allerta</valueName>
        <value>Pugl-G</value>
      </geocode>
    </area>
    <area>
      <areaDesc>Puglia Centrale Adriatica</areaDesc>
      <geocode>
        <valueName>Zona di Allerta</valueName>
        <value>Pugl-C</value>
      </geocode>
    </area>
    <area>
      <areaDesc>Bacini del Lato e del Lenne</areaDesc>
      <geocode>
        <valueName>Zona di Allerta</valueName>
        <value>Pugl-E</value>
      </geocode>
    </area>
    <area>
      <areaDesc>Basso Fortore</areaDesc>
      <geocode>
        <valueName>Zona di Allerta</valueName>
        <value>Pugl-I</value>
      </geocode>
    </area>
    <area>
      <areaDesc>Nord-Occidentale e isole Egadi e Ustica</areaDesc>
      <geocode>
        <valueName>Zona di Allerta</valueName>
        <value>Sici-C</value>
      </geocode>
    </area>
    <area>
      <areaDesc>Sud-Occidentale e isola di Pantelleria</areaDesc>
      <geocode>
        <valueName>Zona di Allerta</valueName>
        <value>Sici-D</value>
      </geocode>
    </area>
    <area>
      <areaDesc>Centro-Meridionale e isole Pelagie</areaDesc>
      <geocode>
        <valueName>Zona di Allerta</valueName>
        <value>Sici-E</value>
      </geocode>
    </area>
    <area>
      <areaDesc>Bacino del Fiume Simeto</areaDesc>
      <geocode>
        <valueName>Zona di Allerta</valueName>
        <value>Sici-H</value>
      </geocode>
    </area>
    <area>
      <areaDesc>Nord-Orientale, versante ionico</areaDesc>
      <geocode>
        <valueName>Zona di Allerta</valueName>
        <value>Sici-I</value>
      </geocode>
    </area>
    <area>
      <areaDesc>Nord-Orientale, versante tirrenico e isole Eolie</areaDesc>
      <geocode>
        <valueName>Zona di Allerta</valueName>
        <value>Sici-A</value>
      </geocode>
    </area>
    <area>
      <areaDesc>Centro-Settentrionale, versante tirrenico</areaDesc>
      <geocode>
        <valueName>Zona di Allerta</valueName>
        <value>Sici-B</value>
      </geocode>
    </area>
    <area>
      <areaDesc>Sud-Orientale, versante Stretto di Sicilia</areaDesc>
      <geocode>
        <valueName>Zona di Allerta</valueName>
        <value>Sici-F</value>
      </geocode>
    </area>
    <area>
      <areaDesc>Sud-Orientale, versante ionico</areaDesc>
      <geocode>
        <valueName>Zona di Allerta</valueName>
        <value>Sici-G</value>
      </geocode>
    </area>
    <area>
      <areaDesc>Romagna-Toscana</areaDesc>
      <geocode>
        <valueName>Zona di Allerta</valueName>
        <value>Tosc-R2</value>
      </geocode>
    </area>
    <area>
      <areaDesc>Mugello-Val di Sieve</areaDesc>
      <geocode>
        <valueName>Zona di Allerta</valueName>
        <value>Tosc-M</value>
      </geocode>
    </area>
    <area>
      <areaDesc>Serchio-Garfagnana-Lima</areaDesc>
      <geocode>
        <valueName>Zona di Allerta</valueName>
        <value>Tosc-S1</value>
      </geocode>
    </area>
    <area>
      <areaDesc>Arno-Casentino</areaDesc>
      <geocode>
        <valueName>Zona di Allerta</valueName>
        <value>Tosc-A1</value>
      </geocode>
    </area>
    <area>
      <areaDesc>Valtiberina</areaDesc>
      <geocode>
        <valueName>Zona di Allerta</valueName>
        <value>Tosc-T</value>
      </geocode>
    </area>
    <area>
      <areaDesc>Reno</areaDesc>
      <geocode>
        <valueName>Zona di Allerta</valueName>
        <value>Tosc-R1</value>
      </geocode>
    </area>
    <area>
      <areaDesc>Chiascio - Topino</areaDesc>
      <geocode>
        <valueName>Zona di Allerta</valueName>
        <value>Umbr-C</value>
      </geocode>
    </area>
    <area>
      <areaDesc>Nera - Corno</areaDesc>
      <geocode>
        <valueName>Zona di Allerta</valueName>
        <value>Umbr-D</value>
      </geocode>
    </area>
    <area>
      <areaDesc>Alto Tevere</areaDesc>
      <geocode>
        <valueName>Zona di Allerta</valueName>
        <value>Umbr-A</value>
      </geocode>
    </area>
  </info>
  <info>
    <category>Met</category>
    <event>ELEVATA CRITICITA' PER RISCHIO IDRAULICO / ALLERTA ROSSA:</event>
    <responseType>Prepare</responseType>
    <urgency>Expected</urgency>
    <severity>Extreme</severity>
    <certainty>Likely</certainty>
    <onset>2019-05-14T00:00:00+02:00</onset>
    <expires>2019-05-14T23:59:59+02:00</expires>
    <senderName>DIPARTIMENTO DI PROTEZIONE CIVILE</senderName>
    <description>all_ROSSA PER DOMANI SU:</description>
    <area>
      <areaDesc>Pianura emiliana orientale e costa Ferrarese</areaDesc>
      <geocode>
        <valueName>Zona di Allerta</valueName>
        <value>Emil-D</value>
      </geocode>
    </area>
    <area>
      <areaDesc>Pianura emiliana centrale</areaDesc>
      <geocode>
        <valueName>Zona di Allerta</valueName>
        <value>Emil-F</value>
      </geocode>
    </area>
    <area>
      <areaDesc>Pianura e costa romagnola</areaDesc>
      <geocode>
        <valueName>Zona di Allerta</valueName>
        <value>Emil-B</value>
      </geocode>
    </area>
  </info>
  <info>
    <category>Met</category>
    <event>MODERATA CRITICITA' PER RISCHIO IDRAULICO / ALLERTA ARANCIONE:</event>
    <responseType>Prepare</responseType>
    <urgency>Expected</urgency>
    <severity>Severe</severity>
    <certainty>Likely</certainty>
    <onset>2019-05-14T00:00:00+02:00</onset>
    <expires>2019-05-14T23:59:59+02:00</expires>
    <senderName>DIPARTIMENTO DI PROTEZIONE CIVILE</senderName>
    <description>all_ARANCIONE PER DOMANI SU:</description>
    <area>
      <areaDesc>Bacino Alto del Sangro</areaDesc>
      <geocode>
        <valueName>Zona di Allerta</valueName>
        <value>Abru-D1</value>
      </geocode>
    </area>
    <area>
      <areaDesc>Bacino Basso del Sangro</areaDesc>
      <geocode>
        <valueName>Zona di Allerta</valueName>
        <value>Abru-D2</value>
      </geocode>
    </area>
    <area>
      <areaDesc>Bacini Tordino Vomano</areaDesc>
      <geocode>
        <valueName>Zona di Allerta</valueName>
        <value>Abru-A</value>
      </geocode>
    </area>
    <area>
      <areaDesc>Bacino del Pescara</areaDesc>
      <geocode>
        <valueName>Zona di Allerta</valueName>
        <value>Abru-C</value>
      </geocode>
    </area>
    <area>
      <areaDesc>Bacini romagnoli</areaDesc>
      <geocode>
        <valueName>Zona di Allerta</valueName>
        <value>Emil-A</value>
      </geocode>
    </area>
    <area>
      <areaDesc>Marc-3</areaDesc>
      <geocode>
        <valueName>Zona di Allerta</valueName>
        <value>Marc-3</value>
      </geocode>
    </area>
    <area>
      <areaDesc>Marc-2</areaDesc>
      <geocode>
        <valueName>Zona di Allerta</valueName>
        <value>Marc-2</value>
      </geocode>
    </area>
    <area>
      <areaDesc>Marc-1</areaDesc>
      <geocode>
        <valueName>Zona di Allerta</valueName>
        <value>Marc-1</value>
      </geocode>
    </area>
    <area>
      <areaDesc>Marc-4</areaDesc>
      <geocode>
        <valueName>Zona di Allerta</valueName>
        <value>Marc-4</value>
      </geocode>
    </area>
  </info>
  <info>
    <category>Met</category>
    <event>MODERATA CRITICITA' PER RISCHIO IDROGEOLOGICO / ALLERTA ARANCIONE:</event>
    <responseType>Prepare</responseType>
    <urgency>Expected</urgency>
    <severity>Severe</severity>
    <certainty>Likely</certainty>
    <onset>2019-05-14T00:00:00+02:00</onset>
    <expires>2019-05-14T23:59:59+02:00</expires>
    <senderName>DIPARTIMENTO DI PROTEZIONE CIVILE</senderName>
    <description>all_ARANCIONE PER DOMANI SU:</description>
    <area>
      <areaDesc>Bacino Alto del Sangro</areaDesc>
      <geocode>
        <valueName>Zona di Allerta</valueName>
        <value>Abru-D1</value>
      </geocode>
    </area>
    <area>
      <areaDesc>Bacino Basso del Sangro</areaDesc>
      <geocode>
        <valueName>Zona di Allerta</valueName>
        <value>Abru-D2</value>
      </geocode>
    </area>
    <area>
      <areaDesc>Bacini Tordino Vomano</areaDesc>
      <geocode>
        <valueName>Zona di Allerta</valueName>
        <value>Abru-A</value>
      </geocode>
    </area>
    <area>
      <areaDesc>Bacino del Pescara</areaDesc>
      <geocode>
        <valueName>Zona di Allerta</valueName>
        <value>Abru-C</value>
      </geocode>
    </area>
    <area>
      <areaDesc>Bacini romagnoli</areaDesc>
      <geocode>
        <valueName>Zona di Allerta</valueName>
        <value>Emil-A</value>
      </geocode>
    </area>
    <area>
      <areaDesc>Pianura e costa romagnola</areaDesc>
      <geocode>
        <valueName>Zona di Allerta</valueName>
        <value>Emil-B</value>
      </geocode>
    </area>
    <area>
      <areaDesc>Marc-3</areaDesc>
      <geocode>
        <valueName>Zona di Allerta</valueName>
        <value>Marc-3</value>
      </geocode>
    </area>
    <area>
      <areaDesc>Marc-2</areaDesc>
      <geocode>
        <valueName>Zona di Allerta</valueName>
        <value>Marc-2</value>
      </geocode>
    </area>
    <area>
      <areaDesc>Marc-1</areaDesc>
      <geocode>
        <valueName>Zona di Allerta</valueName>
        <value>Marc-1</value>
      </geocode>
    </area>
    <area>
      <areaDesc>Marc-4</areaDesc>
      <geocode>
        <valueName>Zona di Allerta</valueName>
        <value>Marc-4</value>
      </geocode>
    </area>
    <area>
      <areaDesc>Frentani - Sannio - Matese</areaDesc>
      <geocode>
        <valueName>Zona di Allerta</valueName>
        <value>Moli-B</value>
      </geocode>
    </area>
    <area>
      <areaDesc>Litoranea</areaDesc>
      <geocode>
        <valueName>Zona di Allerta</valueName>
        <value>Moli-C</value>
      </geocode>
    </area>
  </info>
  <info>
    <category>Met</category>
    <event>ORDINARIA CRITICITA' PER RISCHIO IDRAULICO / ALLERTA GIALLA:</event>
    <responseType>Prepare</responseType>
    <urgency>Expected</urgency>
    <severity>Moderate</severity>
    <certainty>Likely</certainty>
    <onset>2019-05-14T00:00:00+02:00</onset>
    <expires>2019-05-14T23:59:59+02:00</expires>
    <senderName>DIPARTIMENTO DI PROTEZIONE CIVILE</senderName>
    <description>all_GIALLA PER DOMANI SU:</description>
    <area>
      <areaDesc>Bacini emiliani orientali</areaDesc>
      <geocode>
        <valueName>Zona di Allerta</valueName>
        <value>Emil-C</value>
      </geocode>
    </area>
    <area>
      <areaDesc>Bacini emiliani centrali</areaDesc>
      <geocode>
        <valueName>Zona di Allerta</valueName>
        <value>Emil-E</value>
      </geocode>
    </area>
    <area>
      <areaDesc>Marc-6</areaDesc>
      <geocode>
        <valueName>Zona di Allerta</valueName>
        <value>Marc-6</value>
      </geocode>
    </area>
    <area>
      <areaDesc>Marc-5</areaDesc>
      <geocode>
        <valueName>Zona di Allerta</valueName>
        <value>Marc-5</value>
      </geocode>
    </area>
    <area>
      <areaDesc>Frentani - Sannio - Matese</areaDesc>
      <geocode>
        <valueName>Zona di Allerta</valueName>
        <value>Moli-B</value>
      </geocode>
    </area>
    <area>
      <areaDesc>Litoranea</areaDesc>
      <geocode>
        <valueName>Zona di Allerta</valueName>
        <value>Moli-C</value>
      </geocode>
    </area>
  </info>
  <info>
    <category>Met</category>
    <event>ORDINARIA CRITICITA' PER RISCHIO TEMPORALI / ALLERTA GIALLA:</event>
    <responseType>Prepare</responseType>
    <urgency>Expected</urgency>
    <severity>Moderate</severity>
    <certainty>Likely</certainty>
    <onset>2019-05-14T00:00:00+02:00</onset>
    <expires>2019-05-14T23:59:59+02:00</expires>
    <senderName>DIPARTIMENTO DI PROTEZIONE CIVILE</senderName>
    <description>all_GIALLA PER DOMANI SU:</description>
    <area>
      <areaDesc>Bacino Alto del Sangro</areaDesc>
      <geocode>
        <valueName>Zona di Allerta</valueName>
        <value>Abru-D1</value>
      </geocode>
    </area>
    <area>
      <areaDesc>Bacino Basso del Sangro</areaDesc>
      <geocode>
        <valueName>Zona di Allerta</valueName>
        <value>Abru-D2</value>
      </geocode>
    </area>
    <area>
      <areaDesc>Bacini Tordino Vomano</areaDesc>
      <geocode>
        <valueName>Zona di Allerta</valueName>
        <value>Abru-A</value>
      </geocode>
    </area>
    <area>
      <areaDesc>Bacino del Pescara</areaDesc>
      <geocode>
        <valueName>Zona di Allerta</valueName>
        <value>Abru-C</value>
      </geocode>
    </area>
    <area>
      <areaDesc>Bacino dell'Aterno</areaDesc>
      <geocode>
        <valueName>Zona di Allerta</valueName>
        <value>Abru-B</value>
      </geocode>
    </area>
    <area>
      <areaDesc>Marsica</areaDesc>
      <geocode>
        <valueName>Zona di Allerta</valueName>
        <value>Abru-E</value>
      </geocode>
    </area>
    <area>
      <areaDesc>Basi-B</areaDesc>
      <geocode>
        <valueName>Zona di Allerta</valueName>
        <value>Basi-B</value>
      </geocode>
    </area>
    <area>
      <areaDesc>Basi-C</areaDesc>
      <geocode>
        <valueName>Zona di Allerta</valueName>
        <value>Basi-C</value>
      </geocode>
    </area>
    <area>
      <areaDesc>Basi-D</areaDesc>
      <geocode>
        <valueName>Zona di Allerta</valueName>
        <value>Basi-D</value>
      </geocode>
    </area>
    <area>
      <areaDesc>Basi-A1</areaDesc>
      <geocode>
        <valueName>Zona di Allerta</valueName>
        <value>Basi-A1</value>
      </geocode>
    </area>
    <area>
      <areaDesc>Basi-A2</areaDesc>
      <geocode>
        <valueName>Zona di Allerta</valueName>
        <value>Basi-A2</value>
      </geocode>
    </area>
    <area>
      <areaDesc>Basi-E2</areaDesc>
      <geocode>
        <valueName>Zona di Allerta</valueName>
        <value>Basi-E2</value>
      </geocode>
    </area>
    <area>
      <areaDesc>Basi-E1</areaDesc>
      <geocode>
        <valueName>Zona di Allerta</valueName>
        <value>Basi-E1</value>
      </geocode>
    </area>
    <area>
      <areaDesc>Versante Jonico Centro-settentrionale</areaDesc>
      <geocode>
        <valueName>Zona di Allerta</valueName>
        <value>Cala-6</value>
      </geocode>
    </area>
    <area>
      <areaDesc>Versante Tirrenico Centro-settentrionale</areaDesc>
      <geocode>
        <valueName>Zona di Allerta</valueName>
        <value>Cala-2</value>
      </geocode>
    </area>
    <area>
      <areaDesc>Versante Jonico Settentrionale</areaDesc>
      <geocode>
        <valueName>Zona di Allerta</valueName>
        <value>Cala-5</value>
      </geocode>
    </area>
    <area>
      <areaDesc>Versante Tirrenico Settentrionale</areaDesc>
      <geocode>
        <valueName>Zona di Allerta</valueName>
        <value>Cala-1</value>
      </geocode>
    </area>
    <area>
      <areaDesc>Versante Jonico Meridionale</areaDesc>
      <geocode>
        <valueName>Zona di Allerta</valueName>
        <value>Cala-8</value>
      </geocode>
    </area>
    <area>
      <areaDesc>Versante Tirrenico Meridionale</areaDesc>
      <geocode>
        <valueName>Zona di Allerta</valueName>
        <value>Cala-4</value>
      </geocode>
    </area>
    <area>
      <areaDesc>Versante Tirrenico Centro-meridionale</areaDesc>
      <geocode>
        <valueName>Zona di Allerta</valueName>
        <value>Cala-3</value>
      </geocode>
    </area>
    <area>
      <areaDesc>Versante Jionico Centro-meridionale</areaDesc>
      <geocode>
        <valueName>Zona di Allerta</valueName>
        <value>Cala-7</value>
      </geocode>
    </area>
    <area>
      <areaDesc>Frentani - Sannio - Matese</areaDesc>
      <geocode>
        <valueName>Zona di Allerta</valueName>
        <value>Moli-B</value>
      </geocode>
    </area>
    <area>
      <areaDesc>Alto Volturno - Medio Sangro</areaDesc>
      <geocode>
        <valueName>Zona di Allerta</valueName>
        <value>Moli-A</value>
      </geocode>
    </area>
    <area>
      <areaDesc>Litoranea</areaDesc>
      <geocode>
        <valueName>Zona di Allerta</valueName>
        <value>Moli-C</value>
      </geocode>
    </area>
    <area>
      <areaDesc>Salento</areaDesc>
      <geocode>
        <valueName>Zona di Allerta</valueName>
        <value>Pugl-D</value>
      </geocode>
    </area>
    <area>
      <areaDesc>Sub-Appennino Dauno</areaDesc>
      <geocode>
        <valueName>Zona di Allerta</valueName>
        <value>Pugl-H</value>
      </geocode>
    </area>
    <area>
      <areaDesc>Tavoliere - bassi bacini del Candelaro, Cervaro e Carapelle</areaDesc>
      <geocode>
        <valueName>Zona di Allerta</valueName>
        <value>Pugl-B</value>
      </geocode>
    </area>
    <area>
      <areaDesc>Basso Ofanto</areaDesc>
      <geocode>
        <valueName>Zona di Allerta</valueName>
        <value>Pugl-G</value>
      </geocode>
    </area>
    <area>
      <areaDesc>Puglia Centrale Adriatica</areaDesc>
      <geocode>
        <valueName>Zona di Allerta</valueName>
        <value>Pugl-C</value>
      </geocode>
    </area>
    <area>
      <areaDesc>Puglia Centrale Bradanica</areaDesc>
      <geocode>
        <valueName>Zona di Allerta</valueName>
        <value>Pugl-F</value>
      </geocode>
    </area>
    <area>
      <areaDesc>Basso Fortore</areaDesc>
      <geocode>
        <valueName>Zona di Allerta</valueName>
        <value>Pugl-I</value>
      </geocode>
    </area>
    <area>
      <areaDesc>Gargano e Tremiti</areaDesc>
      <geocode>
        <valueName>Zona di Allerta</valueName>
        <value>Pugl-A</value>
      </geocode>
    </area>
    <area>
      <areaDesc>Bacini del Lato e del Lenne</areaDesc>
      <geocode>
        <valueName>Zona di Allerta</valueName>
        <value>Pugl-E</value>
      </geocode>
    </area>
    <area>
      <areaDesc>Nord-Orientale, versante tirrenico e isole Eolie</areaDesc>
      <geocode>
        <valueName>Zona di Allerta</valueName>
        <value>Sici-A</value>
      </geocode>
    </area>
    <area>
      <areaDesc>Nord-Occidentale e isole Egadi e Ustica</areaDesc>
      <geocode>
        <valueName>Zona di Allerta</valueName>
        <value>Sici-C</value>
      </geocode>
    </area>
    <area>
      <areaDesc>Sud-Occidentale e isola di Pantelleria</areaDesc>
      <geocode>
        <valueName>Zona di Allerta</valueName>
        <value>Sici-D</value>
      </geocode>
    </area>
    <area>
      <areaDesc>Centro-Meridionale e isole Pelagie</areaDesc>
      <geocode>
        <valueName>Zona di Allerta</valueName>
        <value>Sici-E</value>
      </geocode>
    </area>
    <area>
      <areaDesc>Sud-Orientale, versante Stretto di Sicilia</areaDesc>
      <geocode>
        <valueName>Zona di Allerta</valueName>
        <value>Sici-F</value>
      </geocode>
    </area>
    <area>
      <areaDesc>Sud-Orientale, versante ionico</areaDesc>
      <geocode>
        <valueName>Zona di Allerta</valueName>
        <value>Sici-G</value>
      </geocode>
    </area>
    <area>
      <areaDesc>Bacino del Fiume Simeto</areaDesc>
      <geocode>
        <valueName>Zona di Allerta</valueName>
        <value>Sici-H</value>
      </geocode>
    </area>
    <area>
      <areaDesc>Nord-Orientale, versante ionico</areaDesc>
      <geocode>
        <valueName>Zona di Allerta</valueName>
        <value>Sici-I</value>
      </geocode>
    </area>
    <area>
      <areaDesc>Centro-Settentrionale, versante tirrenico</areaDesc>
      <geocode>
        <valueName>Zona di Allerta</valueName>
        <value>Sici-B</value>
      </geocode>
    </area>
  </info>
  <info>
    <category>Met</category>
    <event>ORDINARIA CRITICITA' PER RISCHIO IDROGEOLOGICO / ALLERTA GIALLA:</event>
    <responseType>Prepare</responseType>
    <urgency>Expected</urgency>
    <severity>Moderate</severity>
    <certainty>Likely</certainty>
    <onset>2019-05-14T00:00:00+02:00</onset>
    <expires>2019-05-14T23:59:59+02:00</expires>
    <senderName>DIPARTIMENTO DI PROTEZIONE CIVILE</senderName>
    <description>all_GIALLA PER DOMANI SU:</description>
    <area>
      <areaDesc>Bacino dell'Aterno</areaDesc>
      <geocode>
        <valueName>Zona di Allerta</valueName>
        <value>Abru-B</value>
      </geocode>
    </area>
    <area>
      <areaDesc>Marsica</areaDesc>
      <geocode>
        <valueName>Zona di Allerta</valueName>
        <value>Abru-E</value>
      </geocode>
    </area>
    <area>
      <areaDesc>Versante Jonico Centro-settentrionale</areaDesc>
      <geocode>
        <valueName>Zona di Allerta</valueName>
        <value>Cala-6</value>
      </geocode>
    </area>
    <area>
      <areaDesc>Versante Tirrenico Centro-settentrionale</areaDesc>
      <geocode>
        <valueName>Zona di Allerta</valueName>
        <value>Cala-2</value>
      </geocode>
    </area>
    <area>
      <areaDesc>Versante Jonico Settentrionale</areaDesc>
      <geocode>
        <valueName>Zona di Allerta</valueName>
        <value>Cala-5</value>
      </geocode>
    </area>
    <area>
      <areaDesc>Versante Tirrenico Settentrionale</areaDesc>
      <geocode>
        <valueName>Zona di Allerta</valueName>
        <value>Cala-1</value>
      </geocode>
    </area>
    <area>
      <areaDesc>Versante Jonico Meridionale</areaDesc>
      <geocode>
        <valueName>Zona di Allerta</valueName>
        <value>Cala-8</value>
      </geocode>
    </area>
    <area>
      <areaDesc>Versante Tirrenico Meridionale</areaDesc>
      <geocode>
        <valueName>Zona di Allerta</valueName>
        <value>Cala-4</value>
      </geocode>
    </area>
    <area>
      <areaDesc>Versante Tirrenico Centro-meridionale</areaDesc>
      <geocode>
        <valueName>Zona di Allerta</valueName>
        <value>Cala-3</value>
      </geocode>
    </area>
    <area>
      <areaDesc>Versante Jionico Centro-meridionale</areaDesc>
      <geocode>
        <valueName>Zona di Allerta</valueName>
        <value>Cala-7</value>
      </geocode>
    </area>
    <area>
      <areaDesc>Bacini emiliani orientali</areaDesc>
      <geocode>
        <valueName>Zona di Allerta</valueName>
        <value>Emil-C</value>
      </geocode>
    </area>
    <area>
      <areaDesc>Marc-6</areaDesc>
      <geocode>
        <valueName>Zona di Allerta</valueName>
        <value>Marc-6</value>
      </geocode>
    </area>
    <area>
      <areaDesc>Marc-5</areaDesc>
      <geocode>
        <valueName>Zona di Allerta</valueName>
        <value>Marc-5</value>
      </geocode>
    </area>
    <area>
      <areaDesc>Salento</areaDesc>
      <geocode>
        <valueName>Zona di Allerta</valueName>
        <value>Pugl-D</value>
      </geocode>
    </area>
    <area>
      <areaDesc>Sub-Appennino Dauno</areaDesc>
      <geocode>
        <valueName>Zona di Allerta</valueName>
        <value>Pugl-H</value>
      </geocode>
    </area>
    <area>
      <areaDesc>Tavoliere - bassi bacini del Candelaro, Cervaro e Carapelle</areaDesc>
      <geocode>
        <valueName>Zona di Allerta</valueName>
        <value>Pugl-B</value>
      </geocode>
    </area>
    <area>
      <areaDesc>Basso Ofanto</areaDesc>
      <geocode>
        <valueName>Zona di Allerta</valueName>
        <value>Pugl-G</value>
      </geocode>
    </area>
    <area>
      <areaDesc>Puglia Centrale Adriatica</areaDesc>
      <geocode>
        <valueName>Zona di Allerta</valueName>
        <value>Pugl-C</value>
      </geocode>
    </area>
    <area>
      <areaDesc>Puglia Centrale Bradanica</areaDesc>
      <geocode>
        <valueName>Zona di Allerta</valueName>
        <value>Pugl-F</value>
      </geocode>
    </area>
    <area>
      <areaDesc>Basso Fortore</areaDesc>
      <geocode>
        <valueName>Zona di Allerta</valueName>
        <value>Pugl-I</value>
      </geocode>
    </area>
    <area>
      <areaDesc>Gargano e Tremiti</areaDesc>
      <geocode>
        <valueName>Zona di Allerta</valueName>
        <value>Pugl-A</value>
      </geocode>
    </area>
    <area>
      <areaDesc>Bacini del Lato e del Lenne</areaDesc>
      <geocode>
        <valueName>Zona di Allerta</valueName>
        <value>Pugl-E</value>
      </geocode>
    </area>
    <area>
      <areaDesc>Nord-Orientale, versante tirrenico e isole Eolie</areaDesc>
      <geocode>
        <valueName>Zona di Allerta</valueName>
        <value>Sici-A</value>
      </geocode>
    </area>
    <area>
      <areaDesc>Nord-Occidentale e isole Egadi e Ustica</areaDesc>
      <geocode>
        <valueName>Zona di Allerta</valueName>
        <value>Sici-C</value>
      </geocode>
    </area>
    <area>
      <areaDesc>Sud-Occidentale e isola di Pantelleria</areaDesc>
      <geocode>
        <valueName>Zona di Allerta</valueName>
        <value>Sici-D</value>
      </geocode>
    </area>
    <area>
      <areaDesc>Centro-Meridionale e isole Pelagie</areaDesc>
      <geocode>
        <valueName>Zona di Allerta</valueName>
        <value>Sici-E</value>
      </geocode>
    </area>
    <area>
      <areaDesc>Sud-Orientale, versante Stretto di Sicilia</areaDesc>
      <geocode>
        <valueName>Zona di Allerta</valueName>
        <value>Sici-F</value>
      </geocode>
    </area>
    <area>
      <areaDesc>Sud-Orientale, versante ionico</areaDesc>
      <geocode>
        <valueName>Zona di Allerta</valueName>
        <value>Sici-G</value>
      </geocode>
    </area>
    <area>
      <areaDesc>Bacino del Fiume Simeto</areaDesc>
      <geocode>
        <valueName>Zona di Allerta</valueName>
        <value>Sici-H</value>
      </geocode>
    </area>
    <area>
      <areaDesc>Nord-Orientale, versante ionico</areaDesc>
      <geocode>
        <valueName>Zona di Allerta</valueName>
        <value>Sici-I</value>
      </geocode>
    </area>
    <area>
      <areaDesc>Centro-Settentrionale, versante tirrenico</areaDesc>
      <geocode>
        <valueName>Zona di Allerta</valueName>
        <value>Sici-B</value>
      </geocode>
    </area>
    <area>
      <areaDesc>Alto Tevere</areaDesc>
      <geocode>
        <valueName>Zona di Allerta</valueName>
        <value>Umbr-A</value>
      </geocode>
    </area>
    <area>
      <areaDesc>Chiascio - Topino</areaDesc>
      <geocode>
        <valueName>Zona di Allerta</valueName>
        <value>Umbr-C</value>
      </geocode>
    </area>
    <area>
      <areaDesc>Nera - Corno</areaDesc>
      <geocode>
        <valueName>Zona di Allerta</valueName>
        <value>Umbr-D</value>
      </geocode>
    </area>
  </info>
</alert>
