<?xml version="1.0" encoding="UTF-8" standalone="no"?><alert xmlns="urn:oasis:names:tc:emergency:cap:1.2">
  <identifier>DPC_BULLETIN_2023_04_27_79047</identifier>
  <sender>2.49.0.0.380.1</sender>
  <sent>2023-04-27T15:29:00+02:00</sent>
  <status>Actual</status>
  <msgType>Alert</msgType>
  <scope>Public</scope>
  <note>Per la giornata di oggi: Regione Basilicata: - Ordinaria con livello di allerta giallo, per i comuni a valle della diga di Monte Cotugno, previsti dal relativo Documento di Protezione Civile (Comuni interessati: Noepoli, Senise, Colobraro, Rotondella, Tursi, Valsinni); -Ordinaria con livello di allerta giallo, per i comuni a valle della diga di Acerenza previsti dal relativo Documento di Protezione Civile (Comuni interessati: Acerenza, Genzano di Lucania, Oppido Lucano, Irsina).
Per la giornata di domani: Regione Basilicata: - Ordinaria con livello di allerta giallo, per i comuni a valle della diga di Monte Cotugno, previsti dal relativo Documento di Protezione Civile (Comuni interessati: Noepoli, Senise, Colobraro, Rotondella, Tursi, Valsinni); -Ordinaria con livello di allerta giallo, per i comuni a valle della diga di Acerenza previsti dal relativo Documento di Protezione Civile (Comuni interessati: Acerenza, Genzano di Lucania, Oppido Lucano, Irsina).</note>
<ds:Signature xmlns:ds="http://www.w3.org/2000/09/xmldsig#" Id="Signer-T-1682604652672"><ds:SignedInfo><ds:CanonicalizationMethod Algorithm="http://www.w3.org/2006/12/xml-c14n11#WithComments"/><ds:SignatureMethod Algorithm="http://www.w3.org/2001/04/xmldsig-more#rsa-sha256"/><ds:Reference Id="r-doc-Signer-T-1682604652672" URI=""><ds:Transforms><ds:Transform Algorithm="http://www.w3.org/2002/06/xmldsig-filter2"><XPath xmlns="http://www.w3.org/2002/06/xmldsig-filter2" Filter="subtract">/descendant::ds:Signature</XPath></ds:Transform></ds:Transforms><ds:DigestMethod Algorithm="http://www.w3.org/2001/04/xmlenc#sha256"/><ds:DigestValue>Ddj1jObRRHyrHym7j3c+aSPyXMWXVrkNypxuJmNBcnA=</ds:DigestValue></ds:Reference><ds:Reference Type="http://uri.etsi.org/01903#SignedProperties" URI="#SignedProperties-Signer-T-1682604652672"><ds:DigestMethod Algorithm="http://www.w3.org/2001/04/xmlenc#sha256"/><ds:DigestValue>HH+/ExwZda8OqHMVaJraSRvtV6kkpFdCL3fQqjiJAeU=</ds:DigestValue></ds:Reference><ds:Reference Id="r-keyinfo-Signer-T-1682604652672" URI="#KeyInfo-Signer-T-1682604652672"><ds:DigestMethod Algorithm="http://www.w3.org/2001/04/xmlenc#sha256"/><ds:DigestValue>39htyiaSpEg00cCCMV/vvfrFhfr3vOuemZzN0ZufCpY=</ds:DigestValue></ds:Reference></ds:SignedInfo><ds:SignatureValue Id="SignatureValue-Signer-T-1682604652672">RUv1/BON5zwunf5ZL+AqlrjD/ZfJAiDUVJpH/KOSLsxupvBrajtGSFx50kF8pEbVgdY9j9lUsAqQ&#13;
Oh7kPjivbwxaMdA6pw9kfTlWvuH1A+KWjFBqDQT5Fl4GuGLw/9UOaJqwqEsF+Y80dtx25yOh23I6&#13;
NxaBPIr5Xwn6PfD45KSv7V9FingWFtLo4wGy0BoBpLcP4whJiQSseVo7kERon0+R3XdDVS8rIA1F&#13;
XTMmXlejuxbYM6mdEg6qpAPdnZHLl+wHpoa1tsmtkxVh9myHehO7l0K1NVGO/CayoNeWCZBvRL/E&#13;
Y72u7c3U3r9fMSloyQRkW9ZNxVQ6KzFRrf3YEQ==</ds:SignatureValue><ds:KeyInfo Id="KeyInfo-Signer-T-1682604652672"><ds:X509Data><ds:X509Certificate>MIIHKDCCBRCgAwIBAgIIc3kmYSRpmowwDQYJKoZIhvcNAQELBQAwgbIxCzAJBgNVBAYTAklUMQ8w&#13;
DQYDVQQHDAZBcmV6em8xGDAWBgNVBAoMD0FydWJhUEVDIFMucC5BLjEaMBgGA1UEYQwRVkFUSVQt&#13;
MDE4NzkwMjA1MTcxKTAnBgNVBAsMIFF1YWxpZmllZCBUcnVzdCBTZXJ2aWNlIFByb3ZpZGVyMTEw&#13;
LwYDVQQDDChBcnViYVBFQyBFVSBRdWFsaWZpZWQgQ2VydGlmaWNhdGVzIENBIEcxMB4XDTIyMTAz&#13;
MTEwMDAyN1oXDTI1MTAzMTEwMDAyN1owgYsxCzAJBgNVBAYTAklUMRIwEAYDVQQEDAlOSUNPTEVU&#13;
VEkxDjAMBgNVBCoMBU1BUklPMR8wHQYDVQQFExZUSU5JVC1OQ0xNUkE1Nk0zMEg1MDFEMRgwFgYD&#13;
VQQDDA9NQVJJTyBOSUNPTEVUVEkxHTAbBgNVBC4TFFdTUkVGLTQxMjIyMDA5NjkwMzYxMIIBIjAN&#13;
BgkqhkiG9w0BAQEFAAOCAQ8AMIIBCgKCAQEArM3uoNvRTkJVYbHJ5+h2EDkpo979vbvN+DC/szGw&#13;
uTuLzTEhcAdYGE53dEpr1uoqXtXUUIWFISefynBPCB7uTb62cBUEDUfemn9FRuD4JemaL98WZBAP&#13;
XcwwBwJFn/NGgK8QawCuDhRFt1CWpv3R5pQAGyJKp0AYGOH7v9vMxFobbm8QdcXa7zjoKN/vcy77&#13;
IwuJbjNcsIIXqe2vYaDGjx7cS4tS3q31Xx77SdsY11qtKuEyG8LMSFqv0+4sE/CkrxfQYyu7ZyVK&#13;
M+31kJimReVMRdLfVC4hZgJnMie4gHQ057AhloAjASql990QkG4GJ28gypebbMlOYQhnMXXKuQID&#13;
AQABo4ICZTCCAmEwfwYIKwYBBQUHAQEEczBxMDgGCCsGAQUFBzAChixodHRwOi8vY2FjZXJ0LnBl&#13;
Yy5pdC9jZXJ0cy9hcnViYXBlYy1laWRhcy1nMTA1BggrBgEFBQcwAYYpaHR0cDovL29jc3AwMS5w&#13;
ZWMuaXQvdmEvYXJ1YmFwZWMtZWlkYXMtZzEwHQYDVR0OBBYEFEDHfmrLMQpSLCt22KOpwbLsuJLm&#13;
MB8GA1UdIwQYMBaAFMZvO4V70SaxeJpCpCVpDPb/eqBnMBsGA1UdEgQUMBKBEGluZm9AYXJ1YmFw&#13;
ZWMuaXQwgb8GCCsGAQUFBwEDBIGyMIGvMAgGBgQAjkYBATALBgYEAI5GAQMCARQwCAYGBACORgEE&#13;
MIGLBgYEAI5GAQUwgYAwPhY4aHR0cHM6Ly93d3cucGVjLml0L3JlcG9zaXRvcnkvYXJ1YmFwZWMt&#13;
cXVhbGlmLXBkcy1pdC5wZGYTAml0MD4WOGh0dHBzOi8vd3d3LnBlYy5pdC9yZXBvc2l0b3J5L2Fy&#13;
dWJhcGVjLXF1YWxpZi1wZHMtZW4ucGRmEwJlbjBwBgNVHSAEaTBnMAkGBwQAi+xAAQIwUgYLKwYB&#13;
BAGB6C0BBwIwQzBBBggrBgEFBQcCARY1aHR0cHM6Ly93d3cucGVjLml0L3JlcG9zaXRvcnkvYXJ1&#13;
YmFwZWMtcXVhbGlmLWNwcy5wZGYwBgYEK0wQBjA9BgNVHR8ENjA0MDKgMKAuhixodHRwOi8vY3Js&#13;
MDEucGVjLml0L3ZhL2FydWJhcGVjLWVpZGFzLWcxL2NybDAOBgNVHQ8BAf8EBAMCBkAwDQYJKoZI&#13;
hvcNAQELBQADggIBAC9FE08Ne5rzpf91kmEglNPWiaHM9r/+fON+dH5NCTw21nYsjxdFua24wYob&#13;
fJQq/Ll4sCM2bmX2HDv2WVdlhQZ9hYlgXsLbBWAp8xzD6qroQfFNX4CoAKwRc2ica5LfZnOfTNcS&#13;
VJIBQe1P/6VYnt7YaKqLeFA8N+6qTa2RNDg6gvEKL6Zs5ihNIQr6ZrrBxF/9QMGvu1tR4lzkCUWC&#13;
/pPqSca/GioJ0+QjKW2rZW5jlTcf0wbYivkn8K/vMJu9AGTPPsyHtvRmit+0rWfarG6yMnaaWbfS&#13;
x+RZr1e6Ul7BA6Sz/vkdCkkivYtu6U88U3s4vN+M3+zmGLlUzcTPEruY3zjKRIhKo31gZb9IFjTV&#13;
W3yUvtzas44Rf9pXGm4dm1M8Nm1VhCSIuv7vcoabOL50Rwv+z2LTbj+/Yn9FHlJ/kaZsNiCT2VkP&#13;
ztvJSn+0agQtqeUssrn4HbtPmiPAVWQmUdRCT803UKfeY7FCzdvtvxI9FK9xHadBEcXDFjNoz27e&#13;
iCRXrgmTTXX/HCKLdckn47utimycDSfXE0s//WeYY26mTwGtWp71TXnEXg/NBE8Lf6Cpt+kkfqKP&#13;
gTif+nTKnYFUYmLnIS1nMJbBDyhtqYK9jbvg5LeU8E+TdQAdPEg2E0Kiz013m+NHLhemz+BIuNBn&#13;
/Q4HBRGg5IkKTL1A</ds:X509Certificate></ds:X509Data></ds:KeyInfo><ds:Object><xades:QualifyingProperties xmlns:xades="http://uri.etsi.org/01903/v1.3.2#" Target="#Signer-T-1682604652672">
		<xades:SignedProperties Id="SignedProperties-Signer-T-1682604652672">
			<xades:SignedSignatureProperties>
				<xades:SigningTime>2023-04-27T16:10:52+02:00</xades:SigningTime>
				<xades:SigningCertificate>
					<xades:Cert>
						<xades:CertDigest>
							<ds:DigestMethod Algorithm="http://www.w3.org/2001/04/xmlenc#sha256"/>
							<ds:DigestValue>9Wp9JNRkxR2KnLfBhD3MntZWRTZqJTGb7NzGIl6drh4=</ds:DigestValue>
						</xades:CertDigest>
						<xades:IssuerSerial><ds:X509IssuerName>CN=ArubaPEC EU Qualified Certificates CA G1,OU=Qualified Trust Service Provider,2.5.4.97=#0c1156415449542d3031383739303230353137,O=ArubaPEC S.p.A.,L=Arezzo,C=IT</ds:X509IssuerName><ds:X509SerialNumber>8320723985208285836</ds:X509SerialNumber></xades:IssuerSerial>
					</xades:Cert>
				</xades:SigningCertificate>
			</xades:SignedSignatureProperties>
		
			<xades:SignedDataObjectProperties>
				<xades:DataObjectFormat ObjectReference="#r-doc-Signer-T-1682604652672">
					<xades:MimeType>text/xml</xades:MimeType>
				</xades:DataObjectFormat>
			
				<xades:DataObjectFormat ObjectReference="#r-keyinfo-Signer-T-1682604652672">
					<xades:MimeType>text/xml</xades:MimeType>
				</xades:DataObjectFormat>
			</xades:SignedDataObjectProperties>
		</xades:SignedProperties>
	</xades:QualifyingProperties></ds:Object></ds:Signature></alert>