<?xml version="1.0" encoding="UTF-8" standalone="no"?><alert xmlns="urn:oasis:names:tc:emergency:cap:1.2">
  <identifier>DPC_BULLETIN_2023_10_17_85707</identifier>
  <sender>2.49.0.0.380.1</sender>
  <sent>2023-10-17T14:41:00+02:00</sent>
  <status>Actual</status>
  <msgType>Alert</msgType>
  <scope>Public</scope>
  <note>Per la giornata di oggi: Regione Toscana: per la validità temporale delle criticità si rimanda la bollettino regionale.
Per la giornata di domani: Regione Toscana: per la validità temporale delle criticità si rimanda la bollettino regionale.</note>
  <info>
    <category>Met</category>
    <event>ORDINARIA CRITICITA' PER RISCHIO IDRAULICO / ALLERTA GIALLA:</event>
    <responseType>Prepare</responseType>
    <urgency>Expected</urgency>
    <severity>Moderate</severity>
    <certainty>Likely</certainty>
    <onset>2023-10-17T12:00:00+02:00</onset>
    <expires>2023-10-17T23:59:59+02:00</expires>
    <senderName>DIPARTIMENTO DI PROTEZIONE CIVILE</senderName>
    <description>all_GIALLA PER OGGI SU:</description>
    <area>
      <areaDesc>Versante Jonico Centro-settentrionale</areaDesc>
      <geocode>
        <valueName>Zona di Allerta</valueName>
        <value>Cala-6</value>
      </geocode>
    </area>
    <area>
      <areaDesc>Versante Tirrenico Settentrionale</areaDesc>
      <geocode>
        <valueName>Zona di Allerta</valueName>
        <value>Cala-1</value>
      </geocode>
    </area>
    <area>
      <areaDesc>Versante Jonico Settentrionale</areaDesc>
      <geocode>
        <valueName>Zona di Allerta</valueName>
        <value>Cala-5</value>
      </geocode>
    </area>
    <area>
      <areaDesc>Versante Tirrenico Centro-settentrionale</areaDesc>
      <geocode>
        <valueName>Zona di Allerta</valueName>
        <value>Cala-2</value>
      </geocode>
    </area>
  </info>
  <info>
    <category>Met</category>
    <event>ORDINARIA CRITICITA' PER RISCHIO TEMPORALI / ALLERTA GIALLA:</event>
    <responseType>Prepare</responseType>
    <urgency>Expected</urgency>
    <severity>Moderate</severity>
    <certainty>Likely</certainty>
    <onset>2023-10-17T12:00:00+02:00</onset>
    <expires>2023-10-17T23:59:59+02:00</expires>
    <senderName>DIPARTIMENTO DI PROTEZIONE CIVILE</senderName>
    <description>all_GIALLA PER OGGI SU:</description>
    <area>
      <areaDesc>Versante Jonico Centro-settentrionale</areaDesc>
      <geocode>
        <valueName>Zona di Allerta</valueName>
        <value>Cala-6</value>
      </geocode>
    </area>
    <area>
      <areaDesc>Versante Tirrenico Settentrionale</areaDesc>
      <geocode>
        <valueName>Zona di Allerta</valueName>
        <value>Cala-1</value>
      </geocode>
    </area>
    <area>
      <areaDesc>Versante Jonico Settentrionale</areaDesc>
      <geocode>
        <valueName>Zona di Allerta</valueName>
        <value>Cala-5</value>
      </geocode>
    </area>
    <area>
      <areaDesc>Versante Tirrenico Centro-settentrionale</areaDesc>
      <geocode>
        <valueName>Zona di Allerta</valueName>
        <value>Cala-2</value>
      </geocode>
    </area>
    <area>
      <areaDesc>Salento</areaDesc>
      <geocode>
        <valueName>Zona di Allerta</valueName>
        <value>Pugl-D</value>
      </geocode>
    </area>
  </info>
  <info>
    <category>Met</category>
    <event>ORDINARIA CRITICITA' PER RISCHIO IDROGEOLOGICO / ALLERTA GIALLA:</event>
    <responseType>Prepare</responseType>
    <urgency>Expected</urgency>
    <severity>Moderate</severity>
    <certainty>Likely</certainty>
    <onset>2023-10-17T12:00:00+02:00</onset>
    <expires>2023-10-17T23:59:59+02:00</expires>
    <senderName>DIPARTIMENTO DI PROTEZIONE CIVILE</senderName>
    <description>all_GIALLA PER OGGI SU:</description>
    <area>
      <areaDesc>Versante Jonico Centro-settentrionale</areaDesc>
      <geocode>
        <valueName>Zona di Allerta</valueName>
        <value>Cala-6</value>
      </geocode>
    </area>
    <area>
      <areaDesc>Versante Tirrenico Settentrionale</areaDesc>
      <geocode>
        <valueName>Zona di Allerta</valueName>
        <value>Cala-1</value>
      </geocode>
    </area>
    <area>
      <areaDesc>Versante Jonico Settentrionale</areaDesc>
      <geocode>
        <valueName>Zona di Allerta</valueName>
        <value>Cala-5</value>
      </geocode>
    </area>
    <area>
      <areaDesc>Versante Tirrenico Centro-settentrionale</areaDesc>
      <geocode>
        <valueName>Zona di Allerta</valueName>
        <value>Cala-2</value>
      </geocode>
    </area>
    <area>
      <areaDesc>Salento</areaDesc>
      <geocode>
        <valueName>Zona di Allerta</valueName>
        <value>Pugl-D</value>
      </geocode>
    </area>
  </info>
  <info>
    <category>Met</category>
    <event>ORDINARIA CRITICITA' PER RISCHIO TEMPORALI / ALLERTA GIALLA:</event>
    <responseType>Prepare</responseType>
    <urgency>Expected</urgency>
    <severity>Moderate</severity>
    <certainty>Likely</certainty>
    <onset>2023-10-18T00:00:00+02:00</onset>
    <expires>2023-10-18T23:59:59+02:00</expires>
    <senderName>DIPARTIMENTO DI PROTEZIONE CIVILE</senderName>
    <description>all_GIALLA PER DOMANI SU:</description>
    <area>
      <areaDesc>Pianura bolognese</areaDesc>
      <geocode>
        <valueName>Zona di Allerta</valueName>
        <value>Emil-D1</value>
      </geocode>
    </area>
    <area>
      <areaDesc>Pianura reggiana</areaDesc>
      <geocode>
        <valueName>Zona di Allerta</valueName>
        <value>Emil-F2</value>
      </geocode>
    </area>
    <area>
      <areaDesc>Montagna bolognese</areaDesc>
      <geocode>
        <valueName>Zona di Allerta</valueName>
        <value>Emil-C1</value>
      </geocode>
    </area>
    <area>
      <areaDesc>Montagna emiliana centrale</areaDesc>
      <geocode>
        <valueName>Zona di Allerta</valueName>
        <value>Emil-E1</value>
      </geocode>
    </area>
    <area>
      <areaDesc>Pianura modenese</areaDesc>
      <geocode>
        <valueName>Zona di Allerta</valueName>
        <value>Emil-F1</value>
      </geocode>
    </area>
    <area>
      <areaDesc>Montagna piacentino-parmense</areaDesc>
      <geocode>
        <valueName>Zona di Allerta</valueName>
        <value>Emil-G2</value>
      </geocode>
    </area>
    <area>
      <areaDesc>Pianura piacentino-parmense</areaDesc>
      <geocode>
        <valueName>Zona di Allerta</valueName>
        <value>Emil-H2</value>
      </geocode>
    </area>
    <area>
      <areaDesc>Bassa collina piacentino-parmense</areaDesc>
      <geocode>
        <valueName>Zona di Allerta</valueName>
        <value>Emil-H1</value>
      </geocode>
    </area>
    <area>
      <areaDesc>Pianura ferrarese</areaDesc>
      <geocode>
        <valueName>Zona di Allerta</valueName>
        <value>Emil-D3</value>
      </geocode>
    </area>
    <area>
      <areaDesc>Costa ferrarese</areaDesc>
      <geocode>
        <valueName>Zona di Allerta</valueName>
        <value>Emil-D2</value>
      </geocode>
    </area>
    <area>
      <areaDesc>Collina bolognese</areaDesc>
      <geocode>
        <valueName>Zona di Allerta</valueName>
        <value>Emil-C2</value>
      </geocode>
    </area>
    <area>
      <areaDesc>Collina emiliana centrale</areaDesc>
      <geocode>
        <valueName>Zona di Allerta</valueName>
        <value>Emil-E2</value>
      </geocode>
    </area>
    <area>
      <areaDesc>Pianura reggiana di Po</areaDesc>
      <geocode>
        <valueName>Zona di Allerta</valueName>
        <value>Emil-F3</value>
      </geocode>
    </area>
    <area>
      <areaDesc>Alta collina piacentino-parmense</areaDesc>
      <geocode>
        <valueName>Zona di Allerta</valueName>
        <value>Emil-G1</value>
      </geocode>
    </area>
    <area>
      <areaDesc>Bacini Liguri Marittimi di Centro</areaDesc>
      <geocode>
        <valueName>Zona di Allerta</valueName>
        <value>Ligu-B</value>
      </geocode>
    </area>
    <area>
      <areaDesc>Bacini Liguri Marittimi di Levante</areaDesc>
      <geocode>
        <valueName>Zona di Allerta</valueName>
        <value>Ligu-C</value>
      </geocode>
    </area>
    <area>
      <areaDesc>Bacini Liguri Padani di Levante</areaDesc>
      <geocode>
        <valueName>Zona di Allerta</valueName>
        <value>Ligu-E</value>
      </geocode>
    </area>
    <area>
      <areaDesc>Isole</areaDesc>
      <geocode>
        <valueName>Zona di Allerta</valueName>
        <value>Tosc-I</value>
      </geocode>
    </area>
    <area>
      <areaDesc>Etruria-Costa Nord</areaDesc>
      <geocode>
        <valueName>Zona di Allerta</valueName>
        <value>Tosc-E2</value>
      </geocode>
    </area>
    <area>
      <areaDesc>Etruria-Costa Sud</areaDesc>
      <geocode>
        <valueName>Zona di Allerta</valueName>
        <value>Tosc-E3</value>
      </geocode>
    </area>
    <area>
      <areaDesc>Ombrone Gr-Costa</areaDesc>
      <geocode>
        <valueName>Zona di Allerta</valueName>
        <value>Tosc-O3</value>
      </geocode>
    </area>
    <area>
      <areaDesc>Versilia</areaDesc>
      <geocode>
        <valueName>Zona di Allerta</valueName>
        <value>Tosc-V</value>
      </geocode>
    </area>
    <area>
      <areaDesc>Etruria</areaDesc>
      <geocode>
        <valueName>Zona di Allerta</valueName>
        <value>Tosc-E1</value>
      </geocode>
    </area>
    <area>
      <areaDesc>Fiora e Albegna-Costa e Giglio</areaDesc>
      <geocode>
        <valueName>Zona di Allerta</valueName>
        <value>Tosc-F2</value>
      </geocode>
    </area>
    <area>
      <areaDesc>Lunigiana</areaDesc>
      <geocode>
        <valueName>Zona di Allerta</valueName>
        <value>Tosc-L</value>
      </geocode>
    </area>
    <area>
      <areaDesc>Serchio-Garfagnana-Lima</areaDesc>
      <geocode>
        <valueName>Zona di Allerta</valueName>
        <value>Tosc-S1</value>
      </geocode>
    </area>
    <area>
      <areaDesc>Serchio-Lucca</areaDesc>
      <geocode>
        <valueName>Zona di Allerta</valueName>
        <value>Tosc-S2</value>
      </geocode>
    </area>
    <area>
      <areaDesc>Serchio-Costa</areaDesc>
      <geocode>
        <valueName>Zona di Allerta</valueName>
        <value>Tosc-S3</value>
      </geocode>
    </area>
  </info>
  <info>
    <category>Met</category>
    <event>ORDINARIA CRITICITA' PER RISCHIO IDROGEOLOGICO / ALLERTA GIALLA:</event>
    <responseType>Prepare</responseType>
    <urgency>Expected</urgency>
    <severity>Moderate</severity>
    <certainty>Likely</certainty>
    <onset>2023-10-18T00:00:00+02:00</onset>
    <expires>2023-10-18T23:59:59+02:00</expires>
    <senderName>DIPARTIMENTO DI PROTEZIONE CIVILE</senderName>
    <description>all_GIALLA PER DOMANI SU:</description>
    <area>
      <areaDesc>Isole</areaDesc>
      <geocode>
        <valueName>Zona di Allerta</valueName>
        <value>Tosc-I</value>
      </geocode>
    </area>
    <area>
      <areaDesc>Etruria-Costa Nord</areaDesc>
      <geocode>
        <valueName>Zona di Allerta</valueName>
        <value>Tosc-E2</value>
      </geocode>
    </area>
    <area>
      <areaDesc>Etruria-Costa Sud</areaDesc>
      <geocode>
        <valueName>Zona di Allerta</valueName>
        <value>Tosc-E3</value>
      </geocode>
    </area>
    <area>
      <areaDesc>Ombrone Gr-Costa</areaDesc>
      <geocode>
        <valueName>Zona di Allerta</valueName>
        <value>Tosc-O3</value>
      </geocode>
    </area>
    <area>
      <areaDesc>Versilia</areaDesc>
      <geocode>
        <valueName>Zona di Allerta</valueName>
        <value>Tosc-V</value>
      </geocode>
    </area>
    <area>
      <areaDesc>Etruria</areaDesc>
      <geocode>
        <valueName>Zona di Allerta</valueName>
        <value>Tosc-E1</value>
      </geocode>
    </area>
    <area>
      <areaDesc>Fiora e Albegna-Costa e Giglio</areaDesc>
      <geocode>
        <valueName>Zona di Allerta</valueName>
        <value>Tosc-F2</value>
      </geocode>
    </area>
    <area>
      <areaDesc>Lunigiana</areaDesc>
      <geocode>
        <valueName>Zona di Allerta</valueName>
        <value>Tosc-L</value>
      </geocode>
    </area>
    <area>
      <areaDesc>Serchio-Garfagnana-Lima</areaDesc>
      <geocode>
        <valueName>Zona di Allerta</valueName>
        <value>Tosc-S1</value>
      </geocode>
    </area>
    <area>
      <areaDesc>Serchio-Lucca</areaDesc>
      <geocode>
        <valueName>Zona di Allerta</valueName>
        <value>Tosc-S2</value>
      </geocode>
    </area>
    <area>
      <areaDesc>Serchio-Costa</areaDesc>
      <geocode>
        <valueName>Zona di Allerta</valueName>
        <value>Tosc-S3</value>
      </geocode>
    </area>
  </info>
<ds:Signature xmlns:ds="http://www.w3.org/2000/09/xmldsig#" Id="Signer-T-1697549849130"><ds:SignedInfo><ds:CanonicalizationMethod Algorithm="http://www.w3.org/2006/12/xml-c14n11#WithComments"/><ds:SignatureMethod Algorithm="http://www.w3.org/2001/04/xmldsig-more#rsa-sha256"/><ds:Reference Id="r-doc-Signer-T-1697549849130" URI=""><ds:Transforms><ds:Transform Algorithm="http://www.w3.org/2002/06/xmldsig-filter2"><XPath xmlns="http://www.w3.org/2002/06/xmldsig-filter2" Filter="subtract">/descendant::ds:Signature</XPath></ds:Transform></ds:Transforms><ds:DigestMethod Algorithm="http://www.w3.org/2001/04/xmlenc#sha256"/><ds:DigestValue>8Ie/LJ6J5gaC97+Zst4HV2aFPTE2YsuqOsCL+9EFaF8=</ds:DigestValue></ds:Reference><ds:Reference Type="http://uri.etsi.org/01903#SignedProperties" URI="#SignedProperties-Signer-T-1697549849130"><ds:DigestMethod Algorithm="http://www.w3.org/2001/04/xmlenc#sha256"/><ds:DigestValue>QeOiYruFOltiZUf/39QITQV148nj8rCy7cYy9JqlThE=</ds:DigestValue></ds:Reference><ds:Reference Id="r-keyinfo-Signer-T-1697549849130" URI="#KeyInfo-Signer-T-1697549849130"><ds:DigestMethod Algorithm="http://www.w3.org/2001/04/xmlenc#sha256"/><ds:DigestValue>eRMkfjMsZjgiCntp/0dv9BlkOwm2Eh2szLYjdexvbSk=</ds:DigestValue></ds:Reference></ds:SignedInfo><ds:SignatureValue Id="SignatureValue-Signer-T-1697549849130">nSQjg7S1PHnz7oFgaApuruSruTN4oiMFb9KSOwyP6YmBCUYBBdJAE7hPYXYVrRHl0M0V/ukxheRS&#13;
vjobQO15tZs3jgbbjDBZVKYqoZRXSqrEi7raQownWY5QNJ46Brzy6V5S01Em80oz7c1IoA6TwLlc&#13;
Kfq3vjeLZkO6/HKH047or8H8yRhMawXpbRmlgDuM5YckvehuskrdY/+wNC8RxKzf63Z40FG9gN2g&#13;
h+xoDs794/38SqWqIjyAAffR5sZ/4GNcaNy8foSkUXmPbtVd6bK6nK0Ing07/gqkLmm2whzKpIs0&#13;
bd2bgXdvuE+IsMztDKd7PZmdfjp8aKODDmHajg==</ds:SignatureValue><ds:KeyInfo Id="KeyInfo-Signer-T-1697549849130"><ds:X509Data><ds:X509Certificate>MIIHNjCCBR6gAwIBAgIIYZfCRrwLKqcwDQYJKoZIhvcNAQELBQAwgbIxCzAJBgNVBAYTAklUMQ8w&#13;
DQYDVQQHDAZBcmV6em8xGDAWBgNVBAoMD0FydWJhUEVDIFMucC5BLjEaMBgGA1UEYQwRVkFUSVQt&#13;
MDE4NzkwMjA1MTcxKTAnBgNVBAsMIFF1YWxpZmllZCBUcnVzdCBTZXJ2aWNlIFByb3ZpZGVyMTEw&#13;
LwYDVQQDDChBcnViYVBFQyBFVSBRdWFsaWZpZWQgQ2VydGlmaWNhdGVzIENBIEcxMB4XDTIyMDIy&#13;
NDAxMDMyM1oXDTI0MDUxMDE2NTYyM1owgZkxCzAJBgNVBAYTAklUMREwDwYDVQQEDAhQYWdsaWFy&#13;
YTEWMBQGA1UEKgwNUGFvbGEgQ2FybWVsYTEfMB0GA1UEBRMWVElOSVQtUEdMUENSNTlMNjRENjQz&#13;
UTEfMB0GA1UEAwwWUGFvbGEgQ2FybWVsYSBQYWdsaWFyYTEdMBsGA1UELhMUV1NSRUYtOTA3MjAw&#13;
MDE3OTk2NjcwggEiMA0GCSqGSIb3DQEBAQUAA4IBDwAwggEKAoIBAQDRVoPhr2taxdJJEkr7D/eF&#13;
2wWFKA12BYPnbotmyUx8KIj+HOR0LfTsxRkZ6vshVIvNB7V7j6vcEq0zlPY1jzJz3+V7h0ozIaMY&#13;
qMXy8ovUv25kjUSaRymZXAoLBE18svjvVoxGvd3YLLzG9m+ck3QbuX520scv90ZuDFiPZ/9adZ+H&#13;
qEf1IEPWOE/KPrd9HkD6GKtmlCYtg5tW7NGehP8wnYq6n0RO4om1p8GkWD6C3Lo7viY3DoNLWcQx&#13;
xfE9UTPRsVmT6z1pAI7DAnTVkxXNSMcYZE2J7gbC6PMTtzPp30NRnhkeafBQr8QdVjDUIjpOe/A0&#13;
4xjy45yEmL05fgm5AgMBAAGjggJlMIICYTB/BggrBgEFBQcBAQRzMHEwOAYIKwYBBQUHMAKGLGh0&#13;
dHA6Ly9jYWNlcnQucGVjLml0L2NlcnRzL2FydWJhcGVjLWVpZGFzLWcxMDUGCCsGAQUFBzABhilo&#13;
dHRwOi8vb2NzcDAxLnBlYy5pdC92YS9hcnViYXBlYy1laWRhcy1nMTAdBgNVHQ4EFgQU/6aewR/A&#13;
0X0F6kEd8/NHMI+NaLgwHwYDVR0jBBgwFoAUxm87hXvRJrF4mkKkJWkM9v96oGcwGwYDVR0SBBQw&#13;
EoEQaW5mb0BhcnViYXBlYy5pdDCBvwYIKwYBBQUHAQMEgbIwga8wCAYGBACORgEBMAsGBgQAjkYB&#13;
AwIBFDAIBgYEAI5GAQQwgYsGBgQAjkYBBTCBgDA+FjhodHRwczovL3d3dy5wZWMuaXQvcmVwb3Np&#13;
dG9yeS9hcnViYXBlYy1xdWFsaWYtcGRzLWl0LnBkZhMCaXQwPhY4aHR0cHM6Ly93d3cucGVjLml0&#13;
L3JlcG9zaXRvcnkvYXJ1YmFwZWMtcXVhbGlmLXBkcy1lbi5wZGYTAmVuMHAGA1UdIARpMGcwCQYH&#13;
BACL7EABAjBSBgsrBgEEAYHoLQEHAjBDMEEGCCsGAQUFBwIBFjVodHRwczovL3d3dy5wZWMuaXQv&#13;
cmVwb3NpdG9yeS9hcnViYXBlYy1xdWFsaWYtY3BzLnBkZjAGBgQrTBAGMD0GA1UdHwQ2MDQwMqAw&#13;
oC6GLGh0dHA6Ly9jcmwwMS5wZWMuaXQvdmEvYXJ1YmFwZWMtZWlkYXMtZzEvY3JsMA4GA1UdDwEB&#13;
/wQEAwIGQDANBgkqhkiG9w0BAQsFAAOCAgEAZgH9AQkGJQETjz+GC7CWTOIJ8/j162bdh/CEU+y+&#13;
9eQabs6N/xdxFWp/MVHbceUhpA26XvfLOqEKl8D8lfAk39KMSoIgXSicut2WDoFubm0N8it13Dct&#13;
rBrYPXVXIYcT7KENyHnhTyfYDL/bnDMpjk90PhdjohKl/BXoCRI7nWh3bzrG1pz7CKxg1BdzswnF&#13;
akghTygUNUCzmMpeNKaTMoucAmPfqxUDaPFEiZX1/gzcOEsh87hQfDKHLHUqnr4dF08mvONMWeHe&#13;
sEzE1amSZyiT3G9KeIxXx+H4ZdzANtEWdXfK7mdeXg2dqm1ZuY6znlSk7S7M+3/B1FuVfWMJuASc&#13;
JnJspX7Uw5dgyTNt5X7bh3eGaGIeoQeWVgZXHcWBv/I5Vg6Rf0DsPHYzecmeMVNZu6BDkESYDirb&#13;
9cOt9rYE9JJA97ijYoyJjxQeaa1NSUXOS+Dhd9X48VZlgUgXY1KWmOeIwLMfB+zh9aa0sAbC+hE9&#13;
B3xVGHFH+2PPXD8kguefdnEAwQT1F1NRpjlcQEOdUbi1k6hiAUEsDnPVJWeYkdwl5dX6hugqS0kI&#13;
GiAIzrrdX90DRN0oq8S+JHXIYYajt6BM9kgwUmSs4LWj22mIlD+A6LNGH8YTcKXWrzWhmGIbCPxR&#13;
IPCCrhCQ6Td+DHaRkVXe4HSjRlYI/xFekFs=</ds:X509Certificate></ds:X509Data></ds:KeyInfo><ds:Object><xades:QualifyingProperties xmlns:xades="http://uri.etsi.org/01903/v1.3.2#" Target="#Signer-T-1697549849130">
		<xades:SignedProperties Id="SignedProperties-Signer-T-1697549849130">
			<xades:SignedSignatureProperties>
				<xades:SigningTime>2023-10-17T15:37:29+02:00</xades:SigningTime>
				<xades:SigningCertificate>
					<xades:Cert>
						<xades:CertDigest>
							<ds:DigestMethod Algorithm="http://www.w3.org/2001/04/xmlenc#sha256"/>
							<ds:DigestValue>zWWxr0kf/D3zdicNEDBWjldEbLuc3Ay+3zbo2BCsnoE=</ds:DigestValue>
						</xades:CertDigest>
						<xades:IssuerSerial><ds:X509IssuerName>CN=ArubaPEC EU Qualified Certificates CA G1,OU=Qualified Trust Service Provider,2.5.4.97=#0c1156415449542d3031383739303230353137,O=ArubaPEC S.p.A.,L=Arezzo,C=IT</ds:X509IssuerName><ds:X509SerialNumber>7032302952220666535</ds:X509SerialNumber></xades:IssuerSerial>
					</xades:Cert>
				</xades:SigningCertificate>
			</xades:SignedSignatureProperties>
		
			<xades:SignedDataObjectProperties>
				<xades:DataObjectFormat ObjectReference="#r-doc-Signer-T-1697549849130">
					<xades:MimeType>text/xml</xades:MimeType>
				</xades:DataObjectFormat>
			
				<xades:DataObjectFormat ObjectReference="#r-keyinfo-Signer-T-1697549849130">
					<xades:MimeType>text/xml</xades:MimeType>
				</xades:DataObjectFormat>
			</xades:SignedDataObjectProperties>
		</xades:SignedProperties>
	</xades:QualifyingProperties></ds:Object></ds:Signature></alert>