<?xml version="1.0" encoding="UTF-8" standalone="no"?><alert xmlns="urn:oasis:names:tc:emergency:cap:1.2">
  <identifier>DPC_BULLETIN_2023_08_23_83660</identifier>
  <sender>2.49.0.0.380.1</sender>
  <sent>2023-08-23T14:23:00+02:00</sent>
  <status>Actual</status>
  <msgType>Alert</msgType>
  <scope>Public</scope>
  <note>Per la giornata di oggi: nessuna
Per la giornata di domani: nessuna</note>
  <info>
    <category>Met</category>
    <event>ORDINARIA CRITICITA' PER RISCHIO IDRAULICO / ALLERTA GIALLA:</event>
    <responseType>Prepare</responseType>
    <urgency>Expected</urgency>
    <severity>Moderate</severity>
    <certainty>Likely</certainty>
    <onset>2023-08-24T00:00:00+02:00</onset>
    <expires>2023-08-24T23:59:59+02:00</expires>
    <senderName>DIPARTIMENTO DI PROTEZIONE CIVILE</senderName>
    <description>all_GIALLA PER DOMANI SU:</description>
    <area>
      <areaDesc>Versante Tirrenico Settentrionale</areaDesc>
      <geocode>
        <valueName>Zona di Allerta</valueName>
        <value>Cala-1</value>
      </geocode>
    </area>
    <area>
      <areaDesc>Versante Tirrenico Centro-settentrionale</areaDesc>
      <geocode>
        <valueName>Zona di Allerta</valueName>
        <value>Cala-2</value>
      </geocode>
    </area>
    <area>
      <areaDesc>Versante Jonico Centro-settentrionale</areaDesc>
      <geocode>
        <valueName>Zona di Allerta</valueName>
        <value>Cala-6</value>
      </geocode>
    </area>
    <area>
      <areaDesc>Versante Jionico Centro-meridionale</areaDesc>
      <geocode>
        <valueName>Zona di Allerta</valueName>
        <value>Cala-7</value>
      </geocode>
    </area>
    <area>
      <areaDesc>Versante Tirrenico Centro-meridionale</areaDesc>
      <geocode>
        <valueName>Zona di Allerta</valueName>
        <value>Cala-3</value>
      </geocode>
    </area>
    <area>
      <areaDesc>Versante Jonico Settentrionale</areaDesc>
      <geocode>
        <valueName>Zona di Allerta</valueName>
        <value>Cala-5</value>
      </geocode>
    </area>
    <area>
      <areaDesc>Versante Tirrenico Meridionale</areaDesc>
      <geocode>
        <valueName>Zona di Allerta</valueName>
        <value>Cala-4</value>
      </geocode>
    </area>
    <area>
      <areaDesc>Versante Jonico Meridionale</areaDesc>
      <geocode>
        <valueName>Zona di Allerta</valueName>
        <value>Cala-8</value>
      </geocode>
    </area>
  </info>
  <info>
    <category>Met</category>
    <event>ORDINARIA CRITICITA' PER RISCHIO TEMPORALI / ALLERTA GIALLA:</event>
    <responseType>Prepare</responseType>
    <urgency>Expected</urgency>
    <severity>Moderate</severity>
    <certainty>Likely</certainty>
    <onset>2023-08-24T00:00:00+02:00</onset>
    <expires>2023-08-24T23:59:59+02:00</expires>
    <senderName>DIPARTIMENTO DI PROTEZIONE CIVILE</senderName>
    <description>all_GIALLA PER DOMANI SU:</description>
    <area>
      <areaDesc>Basi-A2</areaDesc>
      <geocode>
        <valueName>Zona di Allerta</valueName>
        <value>Basi-A2</value>
      </geocode>
    </area>
    <area>
      <areaDesc>Basi-C</areaDesc>
      <geocode>
        <valueName>Zona di Allerta</valueName>
        <value>Basi-C</value>
      </geocode>
    </area>
    <area>
      <areaDesc>Basi-D</areaDesc>
      <geocode>
        <valueName>Zona di Allerta</valueName>
        <value>Basi-D</value>
      </geocode>
    </area>
    <area>
      <areaDesc>Versante Tirrenico Settentrionale</areaDesc>
      <geocode>
        <valueName>Zona di Allerta</valueName>
        <value>Cala-1</value>
      </geocode>
    </area>
    <area>
      <areaDesc>Versante Tirrenico Centro-settentrionale</areaDesc>
      <geocode>
        <valueName>Zona di Allerta</valueName>
        <value>Cala-2</value>
      </geocode>
    </area>
    <area>
      <areaDesc>Versante Jonico Centro-settentrionale</areaDesc>
      <geocode>
        <valueName>Zona di Allerta</valueName>
        <value>Cala-6</value>
      </geocode>
    </area>
    <area>
      <areaDesc>Versante Jionico Centro-meridionale</areaDesc>
      <geocode>
        <valueName>Zona di Allerta</valueName>
        <value>Cala-7</value>
      </geocode>
    </area>
    <area>
      <areaDesc>Versante Tirrenico Centro-meridionale</areaDesc>
      <geocode>
        <valueName>Zona di Allerta</valueName>
        <value>Cala-3</value>
      </geocode>
    </area>
    <area>
      <areaDesc>Versante Jonico Settentrionale</areaDesc>
      <geocode>
        <valueName>Zona di Allerta</valueName>
        <value>Cala-5</value>
      </geocode>
    </area>
    <area>
      <areaDesc>Versante Tirrenico Meridionale</areaDesc>
      <geocode>
        <valueName>Zona di Allerta</valueName>
        <value>Cala-4</value>
      </geocode>
    </area>
    <area>
      <areaDesc>Versante Jonico Meridionale</areaDesc>
      <geocode>
        <valueName>Zona di Allerta</valueName>
        <value>Cala-8</value>
      </geocode>
    </area>
    <area>
      <areaDesc>Nord-Orientale, versante ionico</areaDesc>
      <geocode>
        <valueName>Zona di Allerta</valueName>
        <value>Sici-I</value>
      </geocode>
    </area>
    <area>
      <areaDesc>Centro-Meridionale e isole Pelagie</areaDesc>
      <geocode>
        <valueName>Zona di Allerta</valueName>
        <value>Sici-E</value>
      </geocode>
    </area>
    <area>
      <areaDesc>Centro-Settentrionale, versante tirrenico</areaDesc>
      <geocode>
        <valueName>Zona di Allerta</valueName>
        <value>Sici-B</value>
      </geocode>
    </area>
    <area>
      <areaDesc>Bacino del Fiume Simeto</areaDesc>
      <geocode>
        <valueName>Zona di Allerta</valueName>
        <value>Sici-H</value>
      </geocode>
    </area>
    <area>
      <areaDesc>Nord-Orientale, versante tirrenico e isole Eolie</areaDesc>
      <geocode>
        <valueName>Zona di Allerta</valueName>
        <value>Sici-A</value>
      </geocode>
    </area>
  </info>
  <info>
    <category>Met</category>
    <event>ORDINARIA CRITICITA' PER RISCHIO IDROGEOLOGICO / ALLERTA GIALLA:</event>
    <responseType>Prepare</responseType>
    <urgency>Expected</urgency>
    <severity>Moderate</severity>
    <certainty>Likely</certainty>
    <onset>2023-08-24T00:00:00+02:00</onset>
    <expires>2023-08-24T23:59:59+02:00</expires>
    <senderName>DIPARTIMENTO DI PROTEZIONE CIVILE</senderName>
    <description>all_GIALLA PER DOMANI SU:</description>
    <area>
      <areaDesc>Versante Tirrenico Settentrionale</areaDesc>
      <geocode>
        <valueName>Zona di Allerta</valueName>
        <value>Cala-1</value>
      </geocode>
    </area>
    <area>
      <areaDesc>Versante Tirrenico Centro-settentrionale</areaDesc>
      <geocode>
        <valueName>Zona di Allerta</valueName>
        <value>Cala-2</value>
      </geocode>
    </area>
    <area>
      <areaDesc>Versante Jonico Centro-settentrionale</areaDesc>
      <geocode>
        <valueName>Zona di Allerta</valueName>
        <value>Cala-6</value>
      </geocode>
    </area>
    <area>
      <areaDesc>Versante Jionico Centro-meridionale</areaDesc>
      <geocode>
        <valueName>Zona di Allerta</valueName>
        <value>Cala-7</value>
      </geocode>
    </area>
    <area>
      <areaDesc>Versante Tirrenico Centro-meridionale</areaDesc>
      <geocode>
        <valueName>Zona di Allerta</valueName>
        <value>Cala-3</value>
      </geocode>
    </area>
    <area>
      <areaDesc>Versante Jonico Settentrionale</areaDesc>
      <geocode>
        <valueName>Zona di Allerta</valueName>
        <value>Cala-5</value>
      </geocode>
    </area>
    <area>
      <areaDesc>Versante Tirrenico Meridionale</areaDesc>
      <geocode>
        <valueName>Zona di Allerta</valueName>
        <value>Cala-4</value>
      </geocode>
    </area>
    <area>
      <areaDesc>Versante Jonico Meridionale</areaDesc>
      <geocode>
        <valueName>Zona di Allerta</valueName>
        <value>Cala-8</value>
      </geocode>
    </area>
    <area>
      <areaDesc>Nord-Orientale, versante ionico</areaDesc>
      <geocode>
        <valueName>Zona di Allerta</valueName>
        <value>Sici-I</value>
      </geocode>
    </area>
    <area>
      <areaDesc>Centro-Meridionale e isole Pelagie</areaDesc>
      <geocode>
        <valueName>Zona di Allerta</valueName>
        <value>Sici-E</value>
      </geocode>
    </area>
    <area>
      <areaDesc>Centro-Settentrionale, versante tirrenico</areaDesc>
      <geocode>
        <valueName>Zona di Allerta</valueName>
        <value>Sici-B</value>
      </geocode>
    </area>
    <area>
      <areaDesc>Bacino del Fiume Simeto</areaDesc>
      <geocode>
        <valueName>Zona di Allerta</valueName>
        <value>Sici-H</value>
      </geocode>
    </area>
    <area>
      <areaDesc>Nord-Orientale, versante tirrenico e isole Eolie</areaDesc>
      <geocode>
        <valueName>Zona di Allerta</valueName>
        <value>Sici-A</value>
      </geocode>
    </area>
  </info>
<ds:Signature xmlns:ds="http://www.w3.org/2000/09/xmldsig#" Id="Signer-T-1692794902084"><ds:SignedInfo><ds:CanonicalizationMethod Algorithm="http://www.w3.org/2006/12/xml-c14n11#WithComments"/><ds:SignatureMethod Algorithm="http://www.w3.org/2001/04/xmldsig-more#rsa-sha256"/><ds:Reference Id="r-doc-Signer-T-1692794902084" URI=""><ds:Transforms><ds:Transform Algorithm="http://www.w3.org/2002/06/xmldsig-filter2"><XPath xmlns="http://www.w3.org/2002/06/xmldsig-filter2" Filter="subtract">/descendant::ds:Signature</XPath></ds:Transform></ds:Transforms><ds:DigestMethod Algorithm="http://www.w3.org/2001/04/xmlenc#sha256"/><ds:DigestValue>xUeOUpbP4eahREyw+WDPF/tVFral28whvJtv0EfIMq4=</ds:DigestValue></ds:Reference><ds:Reference Type="http://uri.etsi.org/01903#SignedProperties" URI="#SignedProperties-Signer-T-1692794902084"><ds:DigestMethod Algorithm="http://www.w3.org/2001/04/xmlenc#sha256"/><ds:DigestValue>V45jwH+Fxd3EMchC7Pb9+X6396VfArgC/TkDQqyMCsc=</ds:DigestValue></ds:Reference><ds:Reference Id="r-keyinfo-Signer-T-1692794902084" URI="#KeyInfo-Signer-T-1692794902084"><ds:DigestMethod Algorithm="http://www.w3.org/2001/04/xmlenc#sha256"/><ds:DigestValue>pSpGaRxMjQLBTwrS8len8qkoAyDDCODAn6i47shxMKE=</ds:DigestValue></ds:Reference></ds:SignedInfo><ds:SignatureValue Id="SignatureValue-Signer-T-1692794902084">nogi7dY5yNf+DaVrnjS2u2o61Xc2/KU/gNeOJRD1TMyIr7gY1zIbzCcKoyDv53EGhI+TPuMkwKEi&#13;
I36rbtaQWDiGpPpVpWcmaqQNgHvqcv9jorTxBBFL7kZm4ZVaG7NrYw0BWhMsWwX3jFLddeqnuHpV&#13;
1sk3vE3YlpwBJHCOCktRu32IKjedY1f69yMiDJurAAeD1qs/fESE9XxD9ldbbFY+g8ph6VCvho8h&#13;
uFoOEkmducQSGynPnL+Sj74i/riFP5cOD/igjmJI1CYCBqyogHuQzcIgz9dk7fXkCPAx1cFygQM4&#13;
rScABn+lNtAa6R0DtL7EJVY12sMiSeoEkS496A==</ds:SignatureValue><ds:KeyInfo Id="KeyInfo-Signer-T-1692794902084"><ds:X509Data><ds:X509Certificate>MIIHLjCCBRagAwIBAgIIPCAUIXGPfKgwDQYJKoZIhvcNAQELBQAwgbIxCzAJBgNVBAYTAklUMQ8w&#13;
DQYDVQQHDAZBcmV6em8xGDAWBgNVBAoMD0FydWJhUEVDIFMucC5BLjEaMBgGA1UEYQwRVkFUSVQt&#13;
MDE4NzkwMjA1MTcxKTAnBgNVBAsMIFF1YWxpZmllZCBUcnVzdCBTZXJ2aWNlIFByb3ZpZGVyMTEw&#13;
LwYDVQQDDChBcnViYVBFQyBFVSBRdWFsaWZpZWQgQ2VydGlmaWNhdGVzIENBIEcxMB4XDTIyMDYz&#13;
MDE1MTcwM1oXDTI1MDYzMDE1MTcwM1owgZExCzAJBgNVBAYTAklUMREwDwYDVQQEDAhTQU5USUxM&#13;
STESMBAGA1UEKgwJTkFaWkFSRU5PMR8wHQYDVQQFExZUSU5JVC1TTlROWlI2MFQyNUg1MDFBMRsw&#13;
GQYDVQQDDBJOQVpaQVJFTk8gU0FOVElMTEkxHTAbBgNVBC4TFFdTUkVGLTMxNzA0OTgxOTA5MjAy&#13;
MIIBIjANBgkqhkiG9w0BAQEFAAOCAQ8AMIIBCgKCAQEAtxf3b2EF5R7QQTYnj2LeqT2rxaWJ0LrO&#13;
JgT/7nOIxNhgq++QJG5UZVcB0W4w22On9jf0xka0AouNHE8XjsBWiNtAqu2g7J+H5i7cskPhoXX7&#13;
ypiRMmgQA8TbwbHiARz8wWilg4EkXClWBa7hZEUuNZdIKSlwNCOaPMIsmmgTOx3CVVvcNcrCoRaq&#13;
C0iwhCYT11vub4ELMtL/ucZwfdWBW2wNSQfBwzubOEzIaxpPWDqZ27d61ygv2lYRuaDGQNAKQMKg&#13;
6EWGbWVuS/Zo1E2vmCHlHbsWknHLME/7eUyEFSAGfejaDweq9vacD1MjnUcL5TjLvSd8Jt+H9Gm9&#13;
PL/LtQIDAQABo4ICZTCCAmEwfwYIKwYBBQUHAQEEczBxMDgGCCsGAQUFBzAChixodHRwOi8vY2Fj&#13;
ZXJ0LnBlYy5pdC9jZXJ0cy9hcnViYXBlYy1laWRhcy1nMTA1BggrBgEFBQcwAYYpaHR0cDovL29j&#13;
c3AwMS5wZWMuaXQvdmEvYXJ1YmFwZWMtZWlkYXMtZzEwHQYDVR0OBBYEFIVeI/VTgNcw7AAPZ/bZ&#13;
qlx5TQMoMB8GA1UdIwQYMBaAFMZvO4V70SaxeJpCpCVpDPb/eqBnMBsGA1UdEgQUMBKBEGluZm9A&#13;
YXJ1YmFwZWMuaXQwgb8GCCsGAQUFBwEDBIGyMIGvMAgGBgQAjkYBATALBgYEAI5GAQMCARQwCAYG&#13;
BACORgEEMIGLBgYEAI5GAQUwgYAwPhY4aHR0cHM6Ly93d3cucGVjLml0L3JlcG9zaXRvcnkvYXJ1&#13;
YmFwZWMtcXVhbGlmLXBkcy1pdC5wZGYTAml0MD4WOGh0dHBzOi8vd3d3LnBlYy5pdC9yZXBvc2l0&#13;
b3J5L2FydWJhcGVjLXF1YWxpZi1wZHMtZW4ucGRmEwJlbjBwBgNVHSAEaTBnMAkGBwQAi+xAAQIw&#13;
UgYLKwYBBAGB6C0BBwIwQzBBBggrBgEFBQcCARY1aHR0cHM6Ly93d3cucGVjLml0L3JlcG9zaXRv&#13;
cnkvYXJ1YmFwZWMtcXVhbGlmLWNwcy5wZGYwBgYEK0wQBjA9BgNVHR8ENjA0MDKgMKAuhixodHRw&#13;
Oi8vY3JsMDEucGVjLml0L3ZhL2FydWJhcGVjLWVpZGFzLWcxL2NybDAOBgNVHQ8BAf8EBAMCBkAw&#13;
DQYJKoZIhvcNAQELBQADggIBABACJG8p9T83M1aK4D39NeY0uR1NSN+h3VYq0JZvAzo8jFv6bsqt&#13;
i6ZEOOJGuqOqVlPqvGEbd5JDC/lqlW3xUXuXx30R4EpycTsDQRe+RDXIBygIhopotrnjENnUu8Ln&#13;
P3EBO1LVMZPPltuBF5lUzpu8lBo5B5WdrBr5BZ6tuPDryHy2KB3vIXi/ciJzPtGVvLbv3w7wkQo3&#13;
nlaSIYtDnf6U4xF0IdMRU8IJsFCRJx7r6wR5tOXxHTdeoVVh1Eq3Idz31WR099j1gQOOJoMMKfSe&#13;
+6p3DVGJgEzPKmwz98rCy/O76CNqjopnzfyoZWtpfeMwG3nQ5rFWzPHXN4HB9Uj3vlWOqhwQWe/n&#13;
u/Qm1w0WxzGmH/+fqou3fvHImb3g3SEe9WeHbTBlTA1gNuHoIqI4XQgUaCmhd0BYzXQJ0wy/LWH0&#13;
vI33fyFXBpATXgKtf2DFldhv0a9iqcUURPhhhYywmT1xVerx+nwITr4A5dw7zZuiSXRvkO9CB6Xg&#13;
XVdTFB6BNO3NOayV+vZasTZkfqLGzJiT7jWhFoTGoiWtfi2BQmy6P5p3DirtfDjQIxj6rkKEdUPR&#13;
rdG7KjC5HBX/qiRX/SPmmVjxncl1ypzuMl24IadCPP/UFYH/iSZ5KPkGtKNMs4pLALsYX+EnNgaF&#13;
LvXgF+I+GgB9iDtUG9dNl3YY</ds:X509Certificate></ds:X509Data></ds:KeyInfo><ds:Object><xades:QualifyingProperties xmlns:xades="http://uri.etsi.org/01903/v1.3.2#" Target="#Signer-T-1692794902084">
		<xades:SignedProperties Id="SignedProperties-Signer-T-1692794902084">
			<xades:SignedSignatureProperties>
				<xades:SigningTime>2023-08-23T14:48:22+02:00</xades:SigningTime>
				<xades:SigningCertificate>
					<xades:Cert>
						<xades:CertDigest>
							<ds:DigestMethod Algorithm="http://www.w3.org/2001/04/xmlenc#sha256"/>
							<ds:DigestValue>RRPRZfUt6t7P8pV/XJGluNzApQhdhbwdo7i+HPjjSXs=</ds:DigestValue>
						</xades:CertDigest>
						<xades:IssuerSerial><ds:X509IssuerName>CN=ArubaPEC EU Qualified Certificates CA G1,OU=Qualified Trust Service Provider,2.5.4.97=#0c1156415449542d3031383739303230353137,O=ArubaPEC S.p.A.,L=Arezzo,C=IT</ds:X509IssuerName><ds:X509SerialNumber>4332484975402122408</ds:X509SerialNumber></xades:IssuerSerial>
					</xades:Cert>
				</xades:SigningCertificate>
			</xades:SignedSignatureProperties>
		
			<xades:SignedDataObjectProperties>
				<xades:DataObjectFormat ObjectReference="#r-doc-Signer-T-1692794902084">
					<xades:MimeType>text/xml</xades:MimeType>
				</xades:DataObjectFormat>
			
				<xades:DataObjectFormat ObjectReference="#r-keyinfo-Signer-T-1692794902084">
					<xades:MimeType>text/xml</xades:MimeType>
				</xades:DataObjectFormat>
			</xades:SignedDataObjectProperties>
		</xades:SignedProperties>
	</xades:QualifyingProperties></ds:Object></ds:Signature></alert>