<?xml version="1.0" encoding="UTF-8"?>
<gmd:MD_Metadata xmlns:gts="http://www.isotc211.org/2005/gts" xmlns:dcat="http://www.w3.org/ns/dcat#" xmlns:xsi="http://www.w3.org/2001/XMLSchema-instance" xmlns:gco="http://www.isotc211.org/2005/gco" xmlns:ogc="http://www.opengis.net/ogc" xmlns:xlink="http://www.w3.org/1999/xlink" xmlns:adms="http://www.w3.org/ns/adms#" xmlns:foaf="http://xmlns.com/foaf/0.1/" xmlns:ows="http://www.opengis.net/ows" xmlns:dct="http://purl.org/dc/terms/" xmlns:rdfs="http://www.w3.org/2000/01/rdf-schema#" xmlns:gfc="http://www.isotc211.org/2005/gfc" xmlns:owl="http://www.w3.org/2002/07/owl#" xmlns:dcatapit="http://dati.gov.it/onto/dcatapit#" xmlns:skos="http://www.w3.org/2004/02/skos/core#" xmlns:gss="http://www.isotc211.org/2005/gss" xmlns:gsr="http://www.isotc211.org/2005/gsr" xmlns:gsp="http://www.opengis.net/ont/geosparql#" xmlns:gml="http://www.opengis.net/gml/3.2" xmlns:locn="http://www.w3.org/ns/locn#" xmlns:vcard="http://www.w3.org/2006/vcard/ns#" xmlns:srv="http://www.isotc211.org/2005/srv" xmlns:dc="http://purl.org/dc/elements/1.1/" xmlns:rdf="http://www.w3.org/1999/02/22-rdf-syntax-ns#" xmlns:gmd="http://www.isotc211.org/2005/gmd" xmlns="http://www.isotc211.org/2005/gmd" xsi:schemaLocation="http://www.isotc211.org/2005/gmd http://standards.iso.org/ittf/PubliclyAvailableStandards/ISO_19139_Schemas/gmd/gmd.xsd">
    <gmd:fileIdentifier>
        <gco:CharacterString>PCM:000094b:20170606:093800</gco:CharacterString>
    </gmd:fileIdentifier>
    <gmd:language>
        <gmd:LanguageCode codeList="http://www.loc.gov/standards/iso639-2" codeListValue="ita">ita</gmd:LanguageCode>
    </gmd:language>
    <gmd:characterSet>
        <gmd:MD_CharacterSetCode codeList="http://standards.iso.org/ittf/PubliclyAvailableStandards/ISO_19139_Schemas/resources/codelist/gmxCodelists.xml#MD_CharacterSetCode" codeListValue="utf8">utf8</gmd:MD_CharacterSetCode>
    </gmd:characterSet>
    <gmd:parentIdentifier>
        <gco:CharacterString>PCM:000094b:20170606:093800</gco:CharacterString>
    </gmd:parentIdentifier>
    <gmd:hierarchyLevel>
        <gmd:MD_ScopeCode codeList="http://standards.iso.org/ittf/PubliclyAvailableStandards/ISO_19139_Schemas/resources/codelist/gmxCodelists.xml#MD_ScopeCode" codeListValue="dataset">dataset</gmd:MD_ScopeCode>
    </gmd:hierarchyLevel>
    <gmd:contact>
        <gmd:CI_ResponsibleParty>
            <gmd:organisationName>
                <gco:CharacterString>PCM . Dipartimento della Protezione Civile</gco:CharacterString>
            </gmd:organisationName>
            <gmd:contactInfo>
                <gmd:CI_Contact>
                    <gmd:address>
                        <gmd:CI_Address>
                            <gmd:electronicMailAddress>
                                <gco:CharacterString>sisterritoriale@protezionecivile.it</gco:CharacterString>
                            </gmd:electronicMailAddress>
                        </gmd:CI_Address>
                    </gmd:address>
                    <gmd:onlineResource>
                        <gmd:CI_OnlineResource>
                            <gmd:linkage>
                                <gmd:URL>http://www.protezionecivile.gov.it</gmd:URL>
                            </gmd:linkage>
                        </gmd:CI_OnlineResource>
                    </gmd:onlineResource>
                </gmd:CI_Contact>
            </gmd:contactInfo>
            <gmd:role>
                <gmd:CI_RoleCode codeList="http://standards.iso.org/ittf/PubliclyAvailableStandards/ISO_19139_Schemas/resources/codelist/gmxCodelists.xml#CI_RoleCode" codeListValue="pointOfContact">pointOfContact</gmd:CI_RoleCode>
            </gmd:role>
        </gmd:CI_ResponsibleParty>
    </gmd:contact>
    <gmd:dateStamp>
        <gco:Date>2017-06-06</gco:Date>
    </gmd:dateStamp>
    <gmd:metadataStandardName>
        <gco:CharacterString>DM - Regole tecniche RNDT</gco:CharacterString>
    </gmd:metadataStandardName>
    <gmd:metadataStandardVersion>
        <gco:CharacterString>10 novembre 2011</gco:CharacterString>
    </gmd:metadataStandardVersion>
    <gmd:referenceSystemInfo>
        <gmd:MD_ReferenceSystem>
            <gmd:referenceSystemIdentifier>
                <gmd:RS_Identifier>
                    <gmd:code>
                        <gco:CharacterString>WGS84</gco:CharacterString>
                    </gmd:code>
                </gmd:RS_Identifier>
            </gmd:referenceSystemIdentifier>
        </gmd:MD_ReferenceSystem>
    </gmd:referenceSystemInfo>
    <gmd:identificationInfo>
        <gmd:MD_DataIdentification>
            <gmd:citation>
                <gmd:CI_Citation>
                    <gmd:title>
                        <gco:CharacterString>Bollettino  di  criticità nazionale (RNDT - Dataset)</gco:CharacterString>
                    </gmd:title>
                    <gmd:date>
                        <gmd:CI_Date>
                            <gmd:date>
                                <gco:Date>2021-09-15</gco:Date>
                            </gmd:date>
                            <gmd:dateType>
                                <gmd:CI_DateTypeCode codeList="http://standards.iso.org/ittf/PubliclyAvailableStandards/ISO_19139_Schemas/resources/codelist/gmxCodelists.xml#CI_DateTypeCode" codeListValue="publication" codeSpace="domainCode">publication</gmd:CI_DateTypeCode>
                            </gmd:dateType>
                        </gmd:CI_Date>
                    </gmd:date>
                    <gmd:identifier>
                        <gmd:MD_Identifier>
                            <gmd:code>
                                <gco:CharacterString>PCM:000094b</gco:CharacterString>
                            </gmd:code>
                        </gmd:MD_Identifier>
                    </gmd:identifier>
                    <gmd:citedResponsibleParty>
                        <gmd:CI_ResponsibleParty>
                            <gmd:organisationName>
                                <gco:CharacterString>PCM - Dipartimento della Protezione Civile</gco:CharacterString>
                            </gmd:organisationName>
                            <gmd:contactInfo>
                                <gmd:CI_Contact>
                                    <gmd:address>
                                        <gmd:CI_Address>
                                            <gmd:electronicMailAddress>
                                                <gco:CharacterString>sisterritoriale@protezionecivile.it</gco:CharacterString>
                                            </gmd:electronicMailAddress>
                                        </gmd:CI_Address>
                                    </gmd:address>
                                    <gmd:onlineResource>
                                        <gmd:CI_OnlineResource>
                                            <gmd:linkage>
                                                <gmd:URL>http://www.protezionecivile.gov.it</gmd:URL>
                                            </gmd:linkage>
                                        </gmd:CI_OnlineResource>
                                    </gmd:onlineResource>
                                </gmd:CI_Contact>
                            </gmd:contactInfo>
                            <gmd:role>
                                <gmd:CI_RoleCode codeList="http://standards.iso.org/ittf/PubliclyAvailableStandards/ISO_19139_Schemas/resources/codelist/gmxCodelists.xml#CI_RoleCode" codeListValue="owner" codeSpace="domainCode">owner</gmd:CI_RoleCode>
                            </gmd:role>
                        </gmd:CI_ResponsibleParty>
                    </gmd:citedResponsibleParty>
                    <gmd:presentationForm>
                        <gmd:CI_PresentationFormCode codeList="http://standards.iso.org/ittf/PubliclyAvailableStandards/ISO_19139_Schemas/resources/codelist/gmxCodelists.xml#CI_PresentationFormCode" codeListValue="mapDigital">mapDigital</gmd:CI_PresentationFormCode>
                    </gmd:presentationForm>
                    <gmd:series>
                        <gmd:CI_Series>
                            <gmd:issueIdentification>
                                <gco:CharacterString>PCM:000094b</gco:CharacterString>
                            </gmd:issueIdentification>
                        </gmd:CI_Series>
                    </gmd:series>
                </gmd:CI_Citation>
            </gmd:citation>
            <gmd:abstract>
                <gco:CharacterString>Il Bollettino di criticità nazionale viene emesso quotidianamente entro le ore 16:00 dal Centro Funzionale Centrale (CFC) del Dipartimento della protezione civile e riporta la valutazione dei livelli di criticità idrogeologica, idraulica e per temporali mediamente attesi fino alle ore 24:00 del giorno di emissione (oggi) e nelle 24 ore del giorno seguente (domani). Le valutazioni di criticità/allerta sono riferite alle zone di allerta in cui è suddiviso il territorio italiano, cioè ambiti territoriali omogenei rispetto al tipo e all’intensità dei fenomeni meteo che si possono verificare e ai loro effetti sul territorio.
Sulla mappa, per ogni zona di allerta, viene rappresentata la fenomenologia di rischio (idraulico, idrogeologico e temporali) con  il livello di criticità più elevato. A parità di livello, viene data priorità alla rappresentazione del rischio idraulico, seguito dal rischio temporali, e infine dal rischio idrogeologico.
La corrispondenza tra i livelli di criticità, previsti dalla Direttiva del Presidente del Consiglio dei Ministri del 27 febbraio 2004, e i livelli di allerta è definita nelle Indicazioni operative per l’omogeneizzazione dei messaggi del Sistema di allertamento nazionale del 10 febbraio 2016. Nelle stesse Indicazioni operative si stabilisce di associare il termine “allerta” ai codici colore (giallo, arancione, rosso) corrispondenti ai livelli di criticità (ordinaria, moderata, elevata).
La previsione di criticità/allerta per il rischio temporali è stata introdotta con le Indicazioni operative del 10 febbraio 2016. Per questo rischio non è prevista la criticità/allerta rossa perché, in questo caso, tali fenomeni sono associati a condizioni meteo perturbate intense e diffuse che già caratterizzano lo scenario di criticità/allerta idrogeologica rossa. Anche gli effetti e i danni prodotti sono gli stessi.
Per le Regioni Sardegna e Piemonte e per le Province Autonome di Trento e Bolzano il bollettino riguarda solo la valutazione del rischio idrogeologico e idraulico, non essendo ancora il rischio temporali oggetto di valutazione secondo le Indicazioni Operative del Capo Dipartimento della Protezione Civile del 10 febbraio 2016. Si evidenzia quindi che per queste Regioni e Province Autonome, nel testo nel Bollettino non sono presenti informazioni sul rischio temporali, mentre nel box informativo che compare quando si clicca sulla mappa è sempre riportata la dicitura “Assenza di fenomeni significativi prevedibili/NESSUNA ALLERTA”.</gco:CharacterString>
            </gmd:abstract>
            <gmd:pointOfContact>
                <gmd:CI_ResponsibleParty>
                    <gmd:organisationName>
                        <gco:CharacterString>PCM - Dipartimento della Protezione Civile</gco:CharacterString>
                    </gmd:organisationName>
                    <gmd:contactInfo>
                        <gmd:CI_Contact>
                            <gmd:address>
                                <gmd:CI_Address>
                                    <gmd:electronicMailAddress>
                                        <gco:CharacterString>mario.barbani@protezionecivile.it</gco:CharacterString>
                                    </gmd:electronicMailAddress>
                                </gmd:CI_Address>
                            </gmd:address>
                            <gmd:onlineResource>
                                <gmd:CI_OnlineResource>
                                    <gmd:linkage>
                                        <gmd:URL>http://www.protezionecivile.gov.it</gmd:URL>
                                    </gmd:linkage>
                                </gmd:CI_OnlineResource>
                            </gmd:onlineResource>
                        </gmd:CI_Contact>
                    </gmd:contactInfo>
                    <gmd:role>
                        <gmd:CI_RoleCode codeList="http://standards.iso.org/ittf/PubliclyAvailableStandards/ISO_19139_Schemas/resources/codelist/gmxCodelists.xml#CI_RoleCode" codeListValue="pointOfContact">pointOfContact</gmd:CI_RoleCode>
                    </gmd:role>
                </gmd:CI_ResponsibleParty>
            </gmd:pointOfContact>
            <gmd:resourceMaintenance>
                <gmd:MD_MaintenanceInformation>
                    <gmd:maintenanceAndUpdateFrequency>
                        <gmd:MD_MaintenanceFrequencyCode codeList="http://standards.iso.org/ittf/PubliclyAvailableStandards/ISO_19139_Schemas/resources/codelist/gmxCodelists.xml#MD_MaintenanceFrequencyCode" codeListValue="daily" codeSpace="domainCode">daily</gmd:MD_MaintenanceFrequencyCode>
                    </gmd:maintenanceAndUpdateFrequency>
                </gmd:MD_MaintenanceInformation>
            </gmd:resourceMaintenance>
            <gmd:descriptiveKeywords>
                <gmd:MD_Keywords>
                    <gmd:keyword>
                        <gco:CharacterString>Natural risk zones</gco:CharacterString>
                    </gmd:keyword>
                    <gmd:keyword>
                        <gco:CharacterString>Area management/restriction/regulation zones and reporting units</gco:CharacterString>
                    </gmd:keyword>
                    <gmd:thesaurusName>
                        <gmd:CI_Citation>
                            <gmd:title>
                                <gco:CharacterString>GEMET - INSPIRE themes, version 1.0</gco:CharacterString>
                            </gmd:title>
                            <gmd:date>
                                <gmd:CI_Date>
                                    <gmd:date>
                                        <gco:Date>2008-06-01</gco:Date>
                                    </gmd:date>
                                    <gmd:dateType>
                                        <gmd:CI_DateTypeCode codeList="http://standards.iso.org/ittf/PubliclyAvailableStandards/ISO_19139_Schemas/resources/codelist/gmxCodelists.xml#CI_DateTypeCode" codeListValue="publication">publication</gmd:CI_DateTypeCode>
                                    </gmd:dateType>
                                </gmd:CI_Date>
                            </gmd:date>
                        </gmd:CI_Citation>
                    </gmd:thesaurusName>
                </gmd:MD_Keywords>
            </gmd:descriptiveKeywords>
            <gmd:descriptiveKeywords>
                <gmd:MD_Keywords>
                    <gmd:keyword>
                        <gco:CharacterString>early warning system</gco:CharacterString>
                    </gmd:keyword>
                    <gmd:thesaurusName>
                        <gmd:CI_Citation>
                            <gmd:title>
                                <gco:CharacterString>GEMET - Concepts, version 2.4</gco:CharacterString>
                            </gmd:title>
                            <gmd:date>
                                <gmd:CI_Date>
                                    <gmd:date>
                                        <gco:Date>2010-01-13</gco:Date>
                                    </gmd:date>
                                    <gmd:dateType>
                                        <gmd:CI_DateTypeCode codeList="http://standards.iso.org/ittf/PubliclyAvailableStandards/ISO_19139_Schemas/resources/codelist/gmxCodelists.xml#CI_DateTypeCode" codeListValue="publication">publication</gmd:CI_DateTypeCode>
                                    </gmd:dateType>
                                </gmd:CI_Date>
                            </gmd:date>
                        </gmd:CI_Citation>
                    </gmd:thesaurusName>
                </gmd:MD_Keywords>
            </gmd:descriptiveKeywords>
            <gmd:descriptiveKeywords>
                <gmd:MD_Keywords>
                    <gmd:keyword>
                        <gco:CharacterString>bollettino di criticità</gco:CharacterString>
                    </gmd:keyword>
                    <gmd:keyword>
                        <gco:CharacterString>sistema di allertamento nazionale</gco:CharacterString>
                    </gmd:keyword>
                    <gmd:keyword>
                        <gco:CharacterString>allerta</gco:CharacterString>
                    </gmd:keyword>
                </gmd:MD_Keywords>
            </gmd:descriptiveKeywords>
            <gmd:resourceConstraints>
                <gmd:MD_Constraints>
                    <gmd:useLimitation>
                        <gco:CharacterString>http://creativecommons.org/licenses/by-nc-sa/3.0/deed.it</gco:CharacterString>
                    </gmd:useLimitation>
                </gmd:MD_Constraints>
            </gmd:resourceConstraints>
            <gmd:resourceConstraints>
                <gmd:MD_LegalConstraints>
                    <gmd:accessConstraints>
                        <gmd:MD_RestrictionCode codeList="http://standards.iso.org/ittf/PubliclyAvailableStandards/ISO_19139_Schemas/resources/codelist/gmxCodelists.xml#MD_RestrictionCode" codeListValue="otherRestrictions">otherRestrictions</gmd:MD_RestrictionCode>
                    </gmd:accessConstraints>
                    <gmd:useConstraints>
                        <gmd:MD_RestrictionCode codeList="http://standards.iso.org/ittf/PubliclyAvailableStandards/ISO_19139_Schemas/resources/codelist/gmxCodelists.xml#MD_RestrictionCode" codeListValue="otherRestrictions">otherRestrictions</gmd:MD_RestrictionCode>
                    </gmd:useConstraints>
                    <gmd:otherConstraints>
                        <gco:CharacterString>Nessun altro vincolo</gco:CharacterString>
                    </gmd:otherConstraints>
                </gmd:MD_LegalConstraints>
            </gmd:resourceConstraints>
            <gmd:resourceConstraints>
                <gmd:MD_SecurityConstraints>
                    <gmd:classification>
                        <gmd:MD_ClassificationCode codeList="http://standards.iso.org/ittf/PubliclyAvailableStandards/ISO_19139_Schemas/resources/codelist/gmxCodelists.xml#MD_ClassificationCode" codeListValue="unclassified" codeSpace="domainCode">unclassified</gmd:MD_ClassificationCode>
                    </gmd:classification>
                </gmd:MD_SecurityConstraints>
            </gmd:resourceConstraints>
            <gmd:spatialRepresentationType>
                <gmd:MD_SpatialRepresentationTypeCode codeList="http://standards.iso.org/ittf/PubliclyAvailableStandards/ISO_19139_Schemas/resources/codelist/gmxCodelists.xml#MD_SpatialRepresentationTypeCode" codeListValue="vector" codeSpace="domainCode">vector</gmd:MD_SpatialRepresentationTypeCode>
            </gmd:spatialRepresentationType>
            <gmd:spatialResolution>
                <gmd:MD_Resolution>
                    <gmd:equivalentScale>
                        <gmd:MD_RepresentativeFraction>
                            <gmd:denominator>
                                <gco:Integer>25000</gco:Integer>
                            </gmd:denominator>
                        </gmd:MD_RepresentativeFraction>
                    </gmd:equivalentScale>
                </gmd:MD_Resolution>
            </gmd:spatialResolution>
            <gmd:language>
                <gmd:LanguageCode codeList="http://www.loc.gov/standards/iso639-2" codeListValue="ita">ita</gmd:LanguageCode>
            </gmd:language>
            <gmd:characterSet>
                <gmd:MD_CharacterSetCode codeList="http://standards.iso.org/ittf/PubliclyAvailableStandards/ISO_19139_Schemas/resources/codelist/gmxCodelists.xml#MD_CharacterSetCode" codeListValue="utf8" codeSpace="domainCode">utf8</gmd:MD_CharacterSetCode>
            </gmd:characterSet>
            <gmd:topicCategory>
                <gmd:MD_TopicCategoryCode>geoscientificInformation</gmd:MD_TopicCategoryCode>
            </gmd:topicCategory>
            <gmd:extent>
                <gmd:EX_Extent>
                    <gmd:geographicElement>
                        <gmd:EX_GeographicBoundingBox>
                            <gmd:westBoundLongitude>
                                <gco:Decimal>6.626640</gco:Decimal>
                            </gmd:westBoundLongitude>
                            <gmd:eastBoundLongitude>
                                <gco:Decimal>18.520270</gco:Decimal>
                            </gmd:eastBoundLongitude>
                            <gmd:southBoundLatitude>
                                <gco:Decimal>35.491560</gco:Decimal>
                            </gmd:southBoundLatitude>
                            <gmd:northBoundLatitude>
                                <gco:Decimal>47.091790</gco:Decimal>
                            </gmd:northBoundLatitude>
                        </gmd:EX_GeographicBoundingBox>
                    </gmd:geographicElement>
                </gmd:EX_Extent>
            </gmd:extent>
            <gmd:supplementalInformation>
                <gco:CharacterString>http://www.protezionecivile.gov.it/documents/20195/1002389/GUIDA_6_3_def.pdf/8ec519e6-14f1-41a4-badd-09e0f2915f7e</gco:CharacterString>
            </gmd:supplementalInformation>
        </gmd:MD_DataIdentification>
    </gmd:identificationInfo>
    <gmd:distributionInfo>
        <gmd:MD_Distribution>
            <gmd:distributionFormat>
                <gmd:MD_Format>
                    <gmd:name>
                        <gco:CharacterString>shp</gco:CharacterString>
                    </gmd:name>
                    <gmd:version>
                        <gco:CharacterString>shp</gco:CharacterString>
                    </gmd:version>
                </gmd:MD_Format>
            </gmd:distributionFormat>
            <gmd:distributor>
                <gmd:MD_Distributor>
                    <gmd:distributorContact>
                        <gmd:CI_ResponsibleParty>
                            <gmd:organisationName>
                                <gco:CharacterString>PCM - Dipartimento della Protezione Civile</gco:CharacterString>
                            </gmd:organisationName>
                            <gmd:contactInfo>
                                <gmd:CI_Contact>
                                    <gmd:address>
                                        <gmd:CI_Address>
                                            <gmd:electronicMailAddress>
                                                <gco:CharacterString>sisterritoriale@protezionecivile.it</gco:CharacterString>
                                            </gmd:electronicMailAddress>
                                        </gmd:CI_Address>
                                    </gmd:address>
                                    <gmd:onlineResource>
                                        <gmd:CI_OnlineResource>
                                            <gmd:linkage>
                                                <gmd:URL>http://www.protezionecivile.gov.it</gmd:URL>
                                            </gmd:linkage>
                                        </gmd:CI_OnlineResource>
                                    </gmd:onlineResource>
                                </gmd:CI_Contact>
                            </gmd:contactInfo>
                            <gmd:role>
                                <gmd:CI_RoleCode codeList="http://standards.iso.org/ittf/PubliclyAvailableStandards/ISO_19139_Schemas/resources/codelist/gmxCodelists.xml#CI_RoleCode" codeListValue="distributor" codeSpace="domainCode">distributor</gmd:CI_RoleCode>
                            </gmd:role>
                        </gmd:CI_ResponsibleParty>
                    </gmd:distributorContact>
                </gmd:MD_Distributor>
            </gmd:distributor>
            <gmd:transferOptions>
                <gmd:MD_DigitalTransferOptions>
                    <gmd:onLine>
                        <gmd:CI_OnlineResource>
                            <gmd:linkage>
                                <gmd:URL>http://www.protezionecivile.gov.it/mapViewerPR/downloadbcr.jsp</gmd:URL>
                            </gmd:linkage>
                            <gmd:protocol>
                                <gco:CharacterString>WWW:LINK-1.0-http-get-download</gco:CharacterString>
                            </gmd:protocol>
                        </gmd:CI_OnlineResource>
                    </gmd:onLine>
                    <gmd:onLine>
                        <gmd:CI_OnlineResource>
                            <gmd:linkage>
                                <gmd:URL>http://www.protezionecivile.gov.it/attivita-rischi/meteo-idro/attivita/previsione-prevenzione/centro-funzionale-centrale-rischio-meteo-idrogeologico/allertamento-meteo-idro</gmd:URL>
                            </gmd:linkage>
                            <gmd:protocol>
                                <gco:CharacterString>WWW:LINK-1.0-http-get-open</gco:CharacterString>
                            </gmd:protocol>
                        </gmd:CI_OnlineResource>
                    </gmd:onLine>
                </gmd:MD_DigitalTransferOptions>
            </gmd:transferOptions>
        </gmd:MD_Distribution>
    </gmd:distributionInfo>
    <gmd:dataQualityInfo>
        <gmd:DQ_DataQuality>
            <gmd:scope>
                <gmd:DQ_Scope>
                    <gmd:level>
                        <gmd:MD_ScopeCode codeList="http://standards.iso.org/ittf/PubliclyAvailableStandards/ISO_19139_Schemas/resources/codelist/gmxCodelists.xml#MD_ScopeCode" codeListValue="dataset" codeSpace="domainCode">dataset</gmd:MD_ScopeCode>
                    </gmd:level>
                </gmd:DQ_Scope>
            </gmd:scope>
            <gmd:report>
                <gmd:DQ_AbsoluteExternalPositionalAccuracy>
                    <gmd:result>
                        <gmd:DQ_QuantitativeResult>
                            <gmd:valueUnit>
                                <gml:BaseUnit gml:id="UD1">
                                    <gml:identifier codeSpace="http://www.bipm.org/en/si/base_units">m</gml:identifier>
                                    <gml:unitsSystem xlink:href="http://www.bipm.org/en/si"/>
                                </gml:BaseUnit>
                            </gmd:valueUnit>
                            <gmd:value>
                                <gco:Record xsi:type="gco:Real_PropertyType">
                                    <gco:Real>25</gco:Real>
                                </gco:Record>
                            </gmd:value>
                        </gmd:DQ_QuantitativeResult>
                    </gmd:result>
                </gmd:DQ_AbsoluteExternalPositionalAccuracy>
            </gmd:report>
            <gmd:report>
                <gmd:DQ_DomainConsistency>
                    <gmd:result>
                        <gmd:DQ_ConformanceResult>
                            <gmd:specification>
                                <gmd:CI_Citation>
                                    <gmd:title>
                                        <gco:CharacterString>REGOLAMENTO (UE) N. 1089/2010 DELLA COMMISSIONE del 23 novembre 2010 recante attuazione della direttiva 2007/2/CE del Parlamento europeo e del Consiglio per quanto riguarda l'interoperabilità dei set di dati territoriali e dei servizi di dati territoriali</gco:CharacterString>
                                    </gmd:title>
                                    <gmd:date>
                                        <gmd:CI_Date>
                                            <gmd:date>
                                                <gco:Date>2010-12-08</gco:Date>
                                            </gmd:date>
                                            <gmd:dateType>
                                                <gmd:CI_DateTypeCode codeList="http://standards.iso.org/ittf/PubliclyAvailableStandards/ISO_19139_Schemas/resources/codelist/gmxCodelists.xml#CI_DateTypeCode" codeListValue="publication">publication</gmd:CI_DateTypeCode>
                                            </gmd:dateType>
                                        </gmd:CI_Date>
                                    </gmd:date>
                                </gmd:CI_Citation>
                            </gmd:specification>
                            <gmd:explanation>
                                <gco:CharacterString>Fare riferimento alle specifiche indicate</gco:CharacterString>
                            </gmd:explanation>
                            <gmd:pass gco:nilReason="unknown"/>
                        </gmd:DQ_ConformanceResult>
                    </gmd:result>
                </gmd:DQ_DomainConsistency>
            </gmd:report>
            <gmd:lineage>
                <gmd:LI_Lineage>
                    <gmd:statement>
                        <gco:CharacterString>Il Bollettino di criticità nazionale, è una sintesi delle valutazioni di criticità emesse dai Centri funzionali Decentrati delle Regioni e Province Autonome. Viene emesso quotidianamente entro le ore 16:00 dal Centro Funzionale Centrale (CFC) del Dipartimento della protezione civile, segnala la valutazione dei livelli di criticità idrogeologica, idraulica e per temporali mediamente attesi fino alle ore 24:00 del giorno di emissione (oggi) e nelle 24 ore del giorno seguente (domani). Il documento viene pubblicato ogni giorno, di norma, alle 16.00 sul sito istituzionale del Dipartimento della protezione civile.

Se, in casi particolari, le Regioni e le Province Autonome fanno nuove valutazioni di criticità successivamente alla diffusione del Bollettino delle 16.00, il Dipartimento emette un nuovo Bollettino di criticità nazionale per recepire le relative modifiche. (Per questo motivo nell’archivio, per la stessa data, potrebbero essere pubblicati più bollettini il primo bollettino emesso all'incirca alle ore 16:00 ed eventuali aggiornamenti)</gco:CharacterString>
                    </gmd:statement>
                </gmd:LI_Lineage>
            </gmd:lineage>
        </gmd:DQ_DataQuality>
    </gmd:dataQualityInfo>
</gmd:MD_Metadata>