<?xml version='1.0' encoding='UTF-8'?>
<alert xmlns="urn:oasis:names:tc:emergency:cap:1.2">
  <identifier>DPC_BULLETTIN_2019_12_20_32490</identifier>
  <sender>2.49.0.0.380.1</sender>
  <sent>2019-12-20T15:36:00+01:00</sent>
  <status>Actual</status>
  <msgType>Alert</msgType>
  <scope>Public</scope>
  <note>Per la Provincia Autonoma di Bolzano il bollettino riguarda solo la valutazione del rischio idrogeologico e idraulico, non essendo ancora il rischio temporali oggetto di valutazione secondo le Indicazioni Operative del Capo Dipartimento della Protezione Civile del 10 febbraio 2016;
Regione Basilicata: Come disposto con nota prot. N. 56425/24AF del 01/04/2019, per l’area della frana di Pomarico, di cui all’O.C.D.P.C. n. 578 del 21/02/2019, i livelli di allerta previsionali vanno incrementati di un ordine, pertanto, data come allerta minima GIALLA, in caso di situazione previsionale per BASI B ed E2 gialla, per l’area frana di Pomarico il livello di allerta corrispondente sarà ARANCIONE; per situazione previsionale per BASI B ed E2 arancione, il livello di allerta corrispondente sarà ROSSO.</note>
  <info>
    <category>Met</category>
    <event>ELEVATA CRITICITA' PER RISCHIO IDROGEOLOGICO / ALLERTA ROSSA:</event>
    <responseType>Prepare</responseType>
    <urgency>Expected</urgency>
    <severity>Extreme</severity>
    <certainty>Likely</certainty>
    <onset>2019-12-20T12:00:00+01:00</onset>
    <expires>2019-12-20T23:59:59+01:00</expires>
    <senderName>DIPARTIMENTO DI PROTEZIONE CIVILE</senderName>
    <description>all_ROSSA PER OGGI SU:</description>
    <area>
      <areaDesc>Bacini Liguri Marittimi di Centro</areaDesc>
      <geocode>
        <valueName>Zona di Allerta</valueName>
        <value>Ligu-B</value>
      </geocode>
    </area>
    <area>
      <areaDesc>Bacini Liguri Padani di Levante</areaDesc>
      <geocode>
        <valueName>Zona di Allerta</valueName>
        <value>Ligu-E</value>
      </geocode>
    </area>
    <area>
      <areaDesc>Bacini Liguri Marittimi di Levante</areaDesc>
      <geocode>
        <valueName>Zona di Allerta</valueName>
        <value>Ligu-C</value>
      </geocode>
    </area>
    <area>
      <areaDesc>Bacini Liguri Marittimi di Ponente</areaDesc>
      <geocode>
        <valueName>Zona di Allerta</valueName>
        <value>Ligu-A</value>
      </geocode>
    </area>
    <area>
      <areaDesc>Bacini Liguri Padani di Ponente</areaDesc>
      <geocode>
        <valueName>Zona di Allerta</valueName>
        <value>Ligu-D</value>
      </geocode>
    </area>
  </info>
  <info>
    <category>Met</category>
    <event>MODERATA CRITICITA' PER RISCHIO IDRAULICO / ALLERTA ARANCIONE:</event>
    <responseType>Prepare</responseType>
    <urgency>Expected</urgency>
    <severity>Severe</severity>
    <certainty>Likely</certainty>
    <onset>2019-12-20T12:00:00+01:00</onset>
    <expires>2019-12-20T23:59:59+01:00</expires>
    <senderName>DIPARTIMENTO DI PROTEZIONE CIVILE</senderName>
    <description>all_ARANCIONE PER OGGI SU:</description>
    <area>
      <areaDesc>Bacini emiliani orientali</areaDesc>
      <geocode>
        <valueName>Zona di Allerta</valueName>
        <value>Emil-C</value>
      </geocode>
    </area>
    <area>
      <areaDesc>Bacini emiliani centrali</areaDesc>
      <geocode>
        <valueName>Zona di Allerta</valueName>
        <value>Emil-E</value>
      </geocode>
    </area>
    <area>
      <areaDesc>Bacini romagnoli</areaDesc>
      <geocode>
        <valueName>Zona di Allerta</valueName>
        <value>Emil-A</value>
      </geocode>
    </area>
    <area>
      <areaDesc>Pianura emiliana centrale</areaDesc>
      <geocode>
        <valueName>Zona di Allerta</valueName>
        <value>Emil-F</value>
      </geocode>
    </area>
    <area>
      <areaDesc>Bacini emiliani occidentali</areaDesc>
      <geocode>
        <valueName>Zona di Allerta</valueName>
        <value>Emil-G</value>
      </geocode>
    </area>
    <area>
      <areaDesc>Pianura e costa romagnola</areaDesc>
      <geocode>
        <valueName>Zona di Allerta</valueName>
        <value>Emil-B</value>
      </geocode>
    </area>
    <area>
      <areaDesc>Aniene</areaDesc>
      <geocode>
        <valueName>Zona di Allerta</valueName>
        <value>Lazi-E</value>
      </geocode>
    </area>
    <area>
      <areaDesc>Bacini Costieri Sud</areaDesc>
      <geocode>
        <valueName>Zona di Allerta</valueName>
        <value>Lazi-F</value>
      </geocode>
    </area>
    <area>
      <areaDesc>Bacino del Liri</areaDesc>
      <geocode>
        <valueName>Zona di Allerta</valueName>
        <value>Lazi-G</value>
      </geocode>
    </area>
    <area>
      <areaDesc>Laghi e Prealpi Varesine</areaDesc>
      <geocode>
        <valueName>Zona di Allerta</valueName>
        <value>Lomb-04</value>
      </geocode>
    </area>
    <area>
      <areaDesc>Lario e Prealpi occidentali</areaDesc>
      <geocode>
        <valueName>Zona di Allerta</valueName>
        <value>Lomb-05</value>
      </geocode>
    </area>
    <area>
      <areaDesc>Orobie bergamasche</areaDesc>
      <geocode>
        <valueName>Zona di Allerta</valueName>
        <value>Lomb-06</value>
      </geocode>
    </area>
    <area>
      <areaDesc>Laghi e Prealpi orientali</areaDesc>
      <geocode>
        <valueName>Zona di Allerta</valueName>
        <value>Lomb-08</value>
      </geocode>
    </area>
    <area>
      <areaDesc>Nodo idraulico di Milano</areaDesc>
      <geocode>
        <valueName>Zona di Allerta</valueName>
        <value>Lomb-09</value>
      </geocode>
    </area>
    <area>
      <areaDesc>Etruria</areaDesc>
      <geocode>
        <valueName>Zona di Allerta</valueName>
        <value>Tosc-E1</value>
      </geocode>
    </area>
    <area>
      <areaDesc>Serchio-Garfagnana-Lima</areaDesc>
      <geocode>
        <valueName>Zona di Allerta</valueName>
        <value>Tosc-S1</value>
      </geocode>
    </area>
    <area>
      <areaDesc>Serchio-Lucca</areaDesc>
      <geocode>
        <valueName>Zona di Allerta</valueName>
        <value>Tosc-S2</value>
      </geocode>
    </area>
    <area>
      <areaDesc>Bisenzio e Ombrone Pt</areaDesc>
      <geocode>
        <valueName>Zona di Allerta</valueName>
        <value>Tosc-B</value>
      </geocode>
    </area>
    <area>
      <areaDesc>Etruria-Costa Nord</areaDesc>
      <geocode>
        <valueName>Zona di Allerta</valueName>
        <value>Tosc-E2</value>
      </geocode>
    </area>
    <area>
      <areaDesc>Serchio-Costa</areaDesc>
      <geocode>
        <valueName>Zona di Allerta</valueName>
        <value>Tosc-S3</value>
      </geocode>
    </area>
  </info>
  <info>
    <category>Met</category>
    <event>MODERATA CRITICITA' PER RISCHIO IDROGEOLOGICO / ALLERTA ARANCIONE:</event>
    <responseType>Prepare</responseType>
    <urgency>Expected</urgency>
    <severity>Severe</severity>
    <certainty>Likely</certainty>
    <onset>2019-12-20T12:00:00+01:00</onset>
    <expires>2019-12-20T23:59:59+01:00</expires>
    <senderName>DIPARTIMENTO DI PROTEZIONE CIVILE</senderName>
    <description>all_ARANCIONE PER OGGI SU:</description>
    <area>
      <areaDesc>Bacino montano del Tagliamento e del Torre</areaDesc>
      <geocode>
        <valueName>Zona di Allerta</valueName>
        <value>Friu-B</value>
      </geocode>
    </area>
    <area>
      <areaDesc>Aniene</areaDesc>
      <geocode>
        <valueName>Zona di Allerta</valueName>
        <value>Lazi-E</value>
      </geocode>
    </area>
    <area>
      <areaDesc>Bacini Costieri Sud</areaDesc>
      <geocode>
        <valueName>Zona di Allerta</valueName>
        <value>Lazi-F</value>
      </geocode>
    </area>
    <area>
      <areaDesc>Bacino del Liri</areaDesc>
      <geocode>
        <valueName>Zona di Allerta</valueName>
        <value>Lazi-G</value>
      </geocode>
    </area>
    <area>
      <areaDesc>Media-bassa Valtellina</areaDesc>
      <geocode>
        <valueName>Zona di Allerta</valueName>
        <value>Lomb-02</value>
      </geocode>
    </area>
    <area>
      <areaDesc>Laghi e Prealpi Varesine</areaDesc>
      <geocode>
        <valueName>Zona di Allerta</valueName>
        <value>Lomb-04</value>
      </geocode>
    </area>
    <area>
      <areaDesc>Lario e Prealpi occidentali</areaDesc>
      <geocode>
        <valueName>Zona di Allerta</valueName>
        <value>Lomb-05</value>
      </geocode>
    </area>
    <area>
      <areaDesc>Orobie bergamasche</areaDesc>
      <geocode>
        <valueName>Zona di Allerta</valueName>
        <value>Lomb-06</value>
      </geocode>
    </area>
    <area>
      <areaDesc>Appennino pavese</areaDesc>
      <geocode>
        <valueName>Zona di Allerta</valueName>
        <value>Lomb-14</value>
      </geocode>
    </area>
    <area>
      <areaDesc>Laghi e Prealpi orientali</areaDesc>
      <geocode>
        <valueName>Zona di Allerta</valueName>
        <value>Lomb-08</value>
      </geocode>
    </area>
    <area>
      <areaDesc>Valchiavenna</areaDesc>
      <geocode>
        <valueName>Zona di Allerta</valueName>
        <value>Lomb-01</value>
      </geocode>
    </area>
    <area>
      <areaDesc>Belbo e Bormida</areaDesc>
      <geocode>
        <valueName>Zona di Allerta</valueName>
        <value>Piem-G</value>
      </geocode>
    </area>
    <area>
      <areaDesc>Scrivia</areaDesc>
      <geocode>
        <valueName>Zona di Allerta</valueName>
        <value>Piem-H</value>
      </geocode>
    </area>
    <area>
      <areaDesc>Etruria</areaDesc>
      <geocode>
        <valueName>Zona di Allerta</valueName>
        <value>Tosc-E1</value>
      </geocode>
    </area>
    <area>
      <areaDesc>Serchio-Garfagnana-Lima</areaDesc>
      <geocode>
        <valueName>Zona di Allerta</valueName>
        <value>Tosc-S1</value>
      </geocode>
    </area>
    <area>
      <areaDesc>Serchio-Lucca</areaDesc>
      <geocode>
        <valueName>Zona di Allerta</valueName>
        <value>Tosc-S2</value>
      </geocode>
    </area>
    <area>
      <areaDesc>Reno</areaDesc>
      <geocode>
        <valueName>Zona di Allerta</valueName>
        <value>Tosc-R1</value>
      </geocode>
    </area>
    <area>
      <areaDesc>Versilia</areaDesc>
      <geocode>
        <valueName>Zona di Allerta</valueName>
        <value>Tosc-V</value>
      </geocode>
    </area>
    <area>
      <areaDesc>Bisenzio e Ombrone Pt</areaDesc>
      <geocode>
        <valueName>Zona di Allerta</valueName>
        <value>Tosc-B</value>
      </geocode>
    </area>
    <area>
      <areaDesc>Lunigiana</areaDesc>
      <geocode>
        <valueName>Zona di Allerta</valueName>
        <value>Tosc-L</value>
      </geocode>
    </area>
    <area>
      <areaDesc>Etruria-Costa Sud</areaDesc>
      <geocode>
        <valueName>Zona di Allerta</valueName>
        <value>Tosc-E3</value>
      </geocode>
    </area>
    <area>
      <areaDesc>Etruria-Costa Nord</areaDesc>
      <geocode>
        <valueName>Zona di Allerta</valueName>
        <value>Tosc-E2</value>
      </geocode>
    </area>
  </info>
  <info>
    <category>Met</category>
    <event>ORDINARIA CRITICITA' PER RISCHIO IDRAULICO / ALLERTA GIALLA:</event>
    <responseType>Prepare</responseType>
    <urgency>Expected</urgency>
    <severity>Moderate</severity>
    <certainty>Likely</certainty>
    <onset>2019-12-20T12:00:00+01:00</onset>
    <expires>2019-12-20T23:59:59+01:00</expires>
    <senderName>DIPARTIMENTO DI PROTEZIONE CIVILE</senderName>
    <description>all_GIALLA PER OGGI SU:</description>
    <area>
      <areaDesc>Pianura e bassa collina emiliana occidentale</areaDesc>
      <geocode>
        <valueName>Zona di Allerta</valueName>
        <value>Emil-H</value>
      </geocode>
    </area>
    <area>
      <areaDesc>Pianura emiliana orientale e costa Ferrarese</areaDesc>
      <geocode>
        <valueName>Zona di Allerta</valueName>
        <value>Emil-D</value>
      </geocode>
    </area>
    <area>
      <areaDesc>Bacini Costieri Nord</areaDesc>
      <geocode>
        <valueName>Zona di Allerta</valueName>
        <value>Lazi-A</value>
      </geocode>
    </area>
    <area>
      <areaDesc>Bacino Medio Tevere</areaDesc>
      <geocode>
        <valueName>Zona di Allerta</valueName>
        <value>Lazi-B</value>
      </geocode>
    </area>
    <area>
      <areaDesc>Roma</areaDesc>
      <geocode>
        <valueName>Zona di Allerta</valueName>
        <value>Lazi-D</value>
      </geocode>
    </area>
    <area>
      <areaDesc>Appennino di Rieti</areaDesc>
      <geocode>
        <valueName>Zona di Allerta</valueName>
        <value>Lazi-C</value>
      </geocode>
    </area>
    <area>
      <areaDesc>Bassa pianura occidentale</areaDesc>
      <geocode>
        <valueName>Zona di Allerta</valueName>
        <value>Lomb-12</value>
      </geocode>
    </area>
    <area>
      <areaDesc>Appennino pavese</areaDesc>
      <geocode>
        <valueName>Zona di Allerta</valueName>
        <value>Lomb-14</value>
      </geocode>
    </area>
    <area>
      <areaDesc>Valcamonica</areaDesc>
      <geocode>
        <valueName>Zona di Allerta</valueName>
        <value>Lomb-07</value>
      </geocode>
    </area>
    <area>
      <areaDesc>Pianura centrale</areaDesc>
      <geocode>
        <valueName>Zona di Allerta</valueName>
        <value>Lomb-10</value>
      </geocode>
    </area>
    <area>
      <areaDesc>Alta pianura orientale</areaDesc>
      <geocode>
        <valueName>Zona di Allerta</valueName>
        <value>Lomb-11</value>
      </geocode>
    </area>
    <area>
      <areaDesc>Valle Tanaro</areaDesc>
      <geocode>
        <valueName>Zona di Allerta</valueName>
        <value>Piem-F</value>
      </geocode>
    </area>
    <area>
      <areaDesc>Belbo e Bormida</areaDesc>
      <geocode>
        <valueName>Zona di Allerta</valueName>
        <value>Piem-G</value>
      </geocode>
    </area>
    <area>
      <areaDesc>Scrivia</areaDesc>
      <geocode>
        <valueName>Zona di Allerta</valueName>
        <value>Piem-H</value>
      </geocode>
    </area>
    <area>
      <areaDesc>Bacini Montevecchio - Pischilappiu</areaDesc>
      <geocode>
        <valueName>Zona di Allerta</valueName>
        <value>Sard-C</value>
      </geocode>
    </area>
    <area>
      <areaDesc>Logudoro</areaDesc>
      <geocode>
        <valueName>Zona di Allerta</valueName>
        <value>Sard-G</value>
      </geocode>
    </area>
    <area>
      <areaDesc>Bacino del Tirso</areaDesc>
      <geocode>
        <valueName>Zona di Allerta</valueName>
        <value>Sard-E</value>
      </geocode>
    </area>
    <area>
      <areaDesc>Campidano</areaDesc>
      <geocode>
        <valueName>Zona di Allerta</valueName>
        <value>Sard-B</value>
      </geocode>
    </area>
    <area>
      <areaDesc>Iglesiente</areaDesc>
      <geocode>
        <valueName>Zona di Allerta</valueName>
        <value>Sard-A</value>
      </geocode>
    </area>
    <area>
      <areaDesc>Valdarno Inf.</areaDesc>
      <geocode>
        <valueName>Zona di Allerta</valueName>
        <value>Tosc-A4</value>
      </geocode>
    </area>
    <area>
      <areaDesc>Arno-Costa</areaDesc>
      <geocode>
        <valueName>Zona di Allerta</valueName>
        <value>Tosc-A6</value>
      </geocode>
    </area>
    <area>
      <areaDesc>Lunigiana</areaDesc>
      <geocode>
        <valueName>Zona di Allerta</valueName>
        <value>Tosc-L</value>
      </geocode>
    </area>
    <area>
      <areaDesc>Valdelsa-Valdera</areaDesc>
      <geocode>
        <valueName>Zona di Allerta</valueName>
        <value>Tosc-A5</value>
      </geocode>
    </area>
    <area>
      <areaDesc>Arno-Firenze</areaDesc>
      <geocode>
        <valueName>Zona di Allerta</valueName>
        <value>Tosc-A3</value>
      </geocode>
    </area>
    <area>
      <areaDesc>Arno-Valdarno Sup.</areaDesc>
      <geocode>
        <valueName>Zona di Allerta</valueName>
        <value>Tosc-A2</value>
      </geocode>
    </area>
    <area>
      <areaDesc>Fiora e Albegna-Costa e Giglio</areaDesc>
      <geocode>
        <valueName>Zona di Allerta</valueName>
        <value>Tosc-F2</value>
      </geocode>
    </area>
    <area>
      <areaDesc>Etruria-Costa Sud</areaDesc>
      <geocode>
        <valueName>Zona di Allerta</valueName>
        <value>Tosc-E3</value>
      </geocode>
    </area>
    <area>
      <areaDesc>Mugello-Val di Sieve</areaDesc>
      <geocode>
        <valueName>Zona di Allerta</valueName>
        <value>Tosc-M</value>
      </geocode>
    </area>
    <area>
      <areaDesc>Ombrone Gr-Medio</areaDesc>
      <geocode>
        <valueName>Zona di Allerta</valueName>
        <value>Tosc-O2</value>
      </geocode>
    </area>
    <area>
      <areaDesc>Ombrone Gr-Costa</areaDesc>
      <geocode>
        <valueName>Zona di Allerta</valueName>
        <value>Tosc-O3</value>
      </geocode>
    </area>
  </info>
  <info>
    <category>Met</category>
    <event>ORDINARIA CRITICITA' PER RISCHIO TEMPORALI / ALLERTA GIALLA:</event>
    <responseType>Prepare</responseType>
    <urgency>Expected</urgency>
    <severity>Moderate</severity>
    <certainty>Likely</certainty>
    <onset>2019-12-20T12:00:00+01:00</onset>
    <expires>2019-12-20T23:59:59+01:00</expires>
    <senderName>DIPARTIMENTO DI PROTEZIONE CIVILE</senderName>
    <description>all_GIALLA PER OGGI SU:</description>
    <area>
      <areaDesc>Bacini Liguri Marittimi di Centro</areaDesc>
      <geocode>
        <valueName>Zona di Allerta</valueName>
        <value>Ligu-B</value>
      </geocode>
    </area>
    <area>
      <areaDesc>Bacini Liguri Padani di Levante</areaDesc>
      <geocode>
        <valueName>Zona di Allerta</valueName>
        <value>Ligu-E</value>
      </geocode>
    </area>
    <area>
      <areaDesc>Bacini Liguri Marittimi di Levante</areaDesc>
      <geocode>
        <valueName>Zona di Allerta</valueName>
        <value>Ligu-C</value>
      </geocode>
    </area>
    <area>
      <areaDesc>Bacini Liguri Marittimi di Ponente</areaDesc>
      <geocode>
        <valueName>Zona di Allerta</valueName>
        <value>Ligu-A</value>
      </geocode>
    </area>
    <area>
      <areaDesc>Bacini Liguri Padani di Ponente</areaDesc>
      <geocode>
        <valueName>Zona di Allerta</valueName>
        <value>Ligu-D</value>
      </geocode>
    </area>
    <area>
      <areaDesc>Serchio-Garfagnana-Lima</areaDesc>
      <geocode>
        <valueName>Zona di Allerta</valueName>
        <value>Tosc-S1</value>
      </geocode>
    </area>
    <area>
      <areaDesc>Serchio-Lucca</areaDesc>
      <geocode>
        <valueName>Zona di Allerta</valueName>
        <value>Tosc-S2</value>
      </geocode>
    </area>
    <area>
      <areaDesc>Reno</areaDesc>
      <geocode>
        <valueName>Zona di Allerta</valueName>
        <value>Tosc-R1</value>
      </geocode>
    </area>
    <area>
      <areaDesc>Versilia</areaDesc>
      <geocode>
        <valueName>Zona di Allerta</valueName>
        <value>Tosc-V</value>
      </geocode>
    </area>
    <area>
      <areaDesc>Lunigiana</areaDesc>
      <geocode>
        <valueName>Zona di Allerta</valueName>
        <value>Tosc-L</value>
      </geocode>
    </area>
    <area>
      <areaDesc>Serchio-Costa</areaDesc>
      <geocode>
        <valueName>Zona di Allerta</valueName>
        <value>Tosc-S3</value>
      </geocode>
    </area>
    <area>
      <areaDesc>Medio Tevere</areaDesc>
      <geocode>
        <valueName>Zona di Allerta</valueName>
        <value>Umbr-B</value>
      </geocode>
    </area>
    <area>
      <areaDesc>Chiani - Paglia</areaDesc>
      <geocode>
        <valueName>Zona di Allerta</valueName>
        <value>Umbr-F</value>
      </geocode>
    </area>
    <area>
      <areaDesc>Trasimeno - Nestore</areaDesc>
      <geocode>
        <valueName>Zona di Allerta</valueName>
        <value>Umbr-E</value>
      </geocode>
    </area>
    <area>
      <areaDesc>Nera - Corno</areaDesc>
      <geocode>
        <valueName>Zona di Allerta</valueName>
        <value>Umbr-D</value>
      </geocode>
    </area>
    <area>
      <areaDesc>Alto Tevere</areaDesc>
      <geocode>
        <valueName>Zona di Allerta</valueName>
        <value>Umbr-A</value>
      </geocode>
    </area>
    <area>
      <areaDesc>Chiascio - Topino</areaDesc>
      <geocode>
        <valueName>Zona di Allerta</valueName>
        <value>Umbr-C</value>
      </geocode>
    </area>
  </info>
  <info>
    <category>Met</category>
    <event>ORDINARIA CRITICITA' PER RISCHIO IDROGEOLOGICO / ALLERTA GIALLA:</event>
    <responseType>Prepare</responseType>
    <urgency>Expected</urgency>
    <severity>Moderate</severity>
    <certainty>Likely</certainty>
    <onset>2019-12-20T12:00:00+01:00</onset>
    <expires>2019-12-20T23:59:59+01:00</expires>
    <senderName>DIPARTIMENTO DI PROTEZIONE CIVILE</senderName>
    <description>all_GIALLA PER OGGI SU:</description>
    <area>
      <areaDesc>Bacini emiliani orientali</areaDesc>
      <geocode>
        <valueName>Zona di Allerta</valueName>
        <value>Emil-C</value>
      </geocode>
    </area>
    <area>
      <areaDesc>Bacini emiliani centrali</areaDesc>
      <geocode>
        <valueName>Zona di Allerta</valueName>
        <value>Emil-E</value>
      </geocode>
    </area>
    <area>
      <areaDesc>Bacini romagnoli</areaDesc>
      <geocode>
        <valueName>Zona di Allerta</valueName>
        <value>Emil-A</value>
      </geocode>
    </area>
    <area>
      <areaDesc>Bacini emiliani occidentali</areaDesc>
      <geocode>
        <valueName>Zona di Allerta</valueName>
        <value>Emil-G</value>
      </geocode>
    </area>
    <area>
      <areaDesc>Pianura e bassa collina emiliana occidentale</areaDesc>
      <geocode>
        <valueName>Zona di Allerta</valueName>
        <value>Emil-H</value>
      </geocode>
    </area>
    <area>
      <areaDesc>Bacino di Levante / Carso</areaDesc>
      <geocode>
        <valueName>Zona di Allerta</valueName>
        <value>Friu-D</value>
      </geocode>
    </area>
    <area>
      <areaDesc>Bacino del Livenza e del Lemene</areaDesc>
      <geocode>
        <valueName>Zona di Allerta</valueName>
        <value>Friu-A</value>
      </geocode>
    </area>
    <area>
      <areaDesc>Bacino dell'Isonzo e Pianura di Udine e Gorizia</areaDesc>
      <geocode>
        <valueName>Zona di Allerta</valueName>
        <value>Friu-C</value>
      </geocode>
    </area>
    <area>
      <areaDesc>Bacini Costieri Nord</areaDesc>
      <geocode>
        <valueName>Zona di Allerta</valueName>
        <value>Lazi-A</value>
      </geocode>
    </area>
    <area>
      <areaDesc>Bacino Medio Tevere</areaDesc>
      <geocode>
        <valueName>Zona di Allerta</valueName>
        <value>Lazi-B</value>
      </geocode>
    </area>
    <area>
      <areaDesc>Roma</areaDesc>
      <geocode>
        <valueName>Zona di Allerta</valueName>
        <value>Lazi-D</value>
      </geocode>
    </area>
    <area>
      <areaDesc>Appennino di Rieti</areaDesc>
      <geocode>
        <valueName>Zona di Allerta</valueName>
        <value>Lazi-C</value>
      </geocode>
    </area>
    <area>
      <areaDesc>Alta Valtellina</areaDesc>
      <geocode>
        <valueName>Zona di Allerta</valueName>
        <value>Lomb-03</value>
      </geocode>
    </area>
    <area>
      <areaDesc>Valcamonica</areaDesc>
      <geocode>
        <valueName>Zona di Allerta</valueName>
        <value>Lomb-07</value>
      </geocode>
    </area>
    <area>
      <areaDesc>Valle Tanaro</areaDesc>
      <geocode>
        <valueName>Zona di Allerta</valueName>
        <value>Piem-F</value>
      </geocode>
    </area>
    <area>
      <areaDesc>Valli Varaita, Maira e Stura</areaDesc>
      <geocode>
        <valueName>Zona di Allerta</valueName>
        <value>Piem-E</value>
      </geocode>
    </area>
    <area>
      <areaDesc>Pianura settentrionale</areaDesc>
      <geocode>
        <valueName>Zona di Allerta</valueName>
        <value>Piem-I</value>
      </geocode>
    </area>
    <area>
      <areaDesc>Bacini Montevecchio - Pischilappiu</areaDesc>
      <geocode>
        <valueName>Zona di Allerta</valueName>
        <value>Sard-C</value>
      </geocode>
    </area>
    <area>
      <areaDesc>Logudoro</areaDesc>
      <geocode>
        <valueName>Zona di Allerta</valueName>
        <value>Sard-G</value>
      </geocode>
    </area>
    <area>
      <areaDesc>Bacino del Tirso</areaDesc>
      <geocode>
        <valueName>Zona di Allerta</valueName>
        <value>Sard-E</value>
      </geocode>
    </area>
    <area>
      <areaDesc>Campidano</areaDesc>
      <geocode>
        <valueName>Zona di Allerta</valueName>
        <value>Sard-B</value>
      </geocode>
    </area>
    <area>
      <areaDesc>Iglesiente</areaDesc>
      <geocode>
        <valueName>Zona di Allerta</valueName>
        <value>Sard-A</value>
      </geocode>
    </area>
    <area>
      <areaDesc>Valdarno Inf.</areaDesc>
      <geocode>
        <valueName>Zona di Allerta</valueName>
        <value>Tosc-A4</value>
      </geocode>
    </area>
    <area>
      <areaDesc>Arno-Costa</areaDesc>
      <geocode>
        <valueName>Zona di Allerta</valueName>
        <value>Tosc-A6</value>
      </geocode>
    </area>
    <area>
      <areaDesc>Valdelsa-Valdera</areaDesc>
      <geocode>
        <valueName>Zona di Allerta</valueName>
        <value>Tosc-A5</value>
      </geocode>
    </area>
    <area>
      <areaDesc>Arno-Firenze</areaDesc>
      <geocode>
        <valueName>Zona di Allerta</valueName>
        <value>Tosc-A3</value>
      </geocode>
    </area>
    <area>
      <areaDesc>Arno-Valdarno Sup.</areaDesc>
      <geocode>
        <valueName>Zona di Allerta</valueName>
        <value>Tosc-A2</value>
      </geocode>
    </area>
    <area>
      <areaDesc>Fiora e Albegna-Costa e Giglio</areaDesc>
      <geocode>
        <valueName>Zona di Allerta</valueName>
        <value>Tosc-F2</value>
      </geocode>
    </area>
    <area>
      <areaDesc>Isole</areaDesc>
      <geocode>
        <valueName>Zona di Allerta</valueName>
        <value>Tosc-I</value>
      </geocode>
    </area>
    <area>
      <areaDesc>Arno-Casentino</areaDesc>
      <geocode>
        <valueName>Zona di Allerta</valueName>
        <value>Tosc-A1</value>
      </geocode>
    </area>
    <area>
      <areaDesc>Valdichiana</areaDesc>
      <geocode>
        <valueName>Zona di Allerta</valueName>
        <value>Tosc-C</value>
      </geocode>
    </area>
    <area>
      <areaDesc>Ombrone Gr-Alto</areaDesc>
      <geocode>
        <valueName>Zona di Allerta</valueName>
        <value>Tosc-O1</value>
      </geocode>
    </area>
    <area>
      <areaDesc>Fiora e Albegna</areaDesc>
      <geocode>
        <valueName>Zona di Allerta</valueName>
        <value>Tosc-F1</value>
      </geocode>
    </area>
    <area>
      <areaDesc>Mugello-Val di Sieve</areaDesc>
      <geocode>
        <valueName>Zona di Allerta</valueName>
        <value>Tosc-M</value>
      </geocode>
    </area>
    <area>
      <areaDesc>Ombrone Gr-Medio</areaDesc>
      <geocode>
        <valueName>Zona di Allerta</valueName>
        <value>Tosc-O2</value>
      </geocode>
    </area>
    <area>
      <areaDesc>Serchio-Costa</areaDesc>
      <geocode>
        <valueName>Zona di Allerta</valueName>
        <value>Tosc-S3</value>
      </geocode>
    </area>
    <area>
      <areaDesc>Ombrone Gr-Costa</areaDesc>
      <geocode>
        <valueName>Zona di Allerta</valueName>
        <value>Tosc-O3</value>
      </geocode>
    </area>
    <area>
      <areaDesc>Romagna-Toscana</areaDesc>
      <geocode>
        <valueName>Zona di Allerta</valueName>
        <value>Tosc-R2</value>
      </geocode>
    </area>
    <area>
      <areaDesc>Valtiberina</areaDesc>
      <geocode>
        <valueName>Zona di Allerta</valueName>
        <value>Tosc-T</value>
      </geocode>
    </area>
    <area>
      <areaDesc>Medio Tevere</areaDesc>
      <geocode>
        <valueName>Zona di Allerta</valueName>
        <value>Umbr-B</value>
      </geocode>
    </area>
    <area>
      <areaDesc>Chiani - Paglia</areaDesc>
      <geocode>
        <valueName>Zona di Allerta</valueName>
        <value>Umbr-F</value>
      </geocode>
    </area>
    <area>
      <areaDesc>Piave pedemontano</areaDesc>
      <geocode>
        <valueName>Zona di Allerta</valueName>
        <value>Vene-H</value>
      </geocode>
    </area>
  </info>
  <info>
    <category>Met</category>
    <event>MODERATA CRITICITA' PER RISCHIO IDRAULICO / ALLERTA ARANCIONE:</event>
    <responseType>Prepare</responseType>
    <urgency>Expected</urgency>
    <severity>Severe</severity>
    <certainty>Likely</certainty>
    <onset>2019-12-21T00:00:00+01:00</onset>
    <expires>2019-12-21T23:59:59+01:00</expires>
    <senderName>DIPARTIMENTO DI PROTEZIONE CIVILE</senderName>
    <description>all_ARANCIONE PER DOMANI SU:</description>
    <area>
      <areaDesc>Bacini romagnoli</areaDesc>
      <geocode>
        <valueName>Zona di Allerta</valueName>
        <value>Emil-A</value>
      </geocode>
    </area>
    <area>
      <areaDesc>Bacini emiliani centrali</areaDesc>
      <geocode>
        <valueName>Zona di Allerta</valueName>
        <value>Emil-E</value>
      </geocode>
    </area>
    <area>
      <areaDesc>Pianura emiliana centrale</areaDesc>
      <geocode>
        <valueName>Zona di Allerta</valueName>
        <value>Emil-F</value>
      </geocode>
    </area>
    <area>
      <areaDesc>Pianura e costa romagnola</areaDesc>
      <geocode>
        <valueName>Zona di Allerta</valueName>
        <value>Emil-B</value>
      </geocode>
    </area>
    <area>
      <areaDesc>Bacini emiliani orientali</areaDesc>
      <geocode>
        <valueName>Zona di Allerta</valueName>
        <value>Emil-C</value>
      </geocode>
    </area>
    <area>
      <areaDesc>Bacini emiliani occidentali</areaDesc>
      <geocode>
        <valueName>Zona di Allerta</valueName>
        <value>Emil-G</value>
      </geocode>
    </area>
    <area>
      <areaDesc>Bacino di Levante / Carso</areaDesc>
      <geocode>
        <valueName>Zona di Allerta</valueName>
        <value>Friu-D</value>
      </geocode>
    </area>
    <area>
      <areaDesc>Bacino dell'Isonzo e Pianura di Udine e Gorizia</areaDesc>
      <geocode>
        <valueName>Zona di Allerta</valueName>
        <value>Friu-C</value>
      </geocode>
    </area>
    <area>
      <areaDesc>Aniene</areaDesc>
      <geocode>
        <valueName>Zona di Allerta</valueName>
        <value>Lazi-E</value>
      </geocode>
    </area>
    <area>
      <areaDesc>Bacino del Liri</areaDesc>
      <geocode>
        <valueName>Zona di Allerta</valueName>
        <value>Lazi-G</value>
      </geocode>
    </area>
    <area>
      <areaDesc>Bacini Costieri Sud</areaDesc>
      <geocode>
        <valueName>Zona di Allerta</valueName>
        <value>Lazi-F</value>
      </geocode>
    </area>
    <area>
      <areaDesc>Laghi e Prealpi orientali</areaDesc>
      <geocode>
        <valueName>Zona di Allerta</valueName>
        <value>Lomb-08</value>
      </geocode>
    </area>
    <area>
      <areaDesc>Orobie bergamasche</areaDesc>
      <geocode>
        <valueName>Zona di Allerta</valueName>
        <value>Lomb-06</value>
      </geocode>
    </area>
    <area>
      <areaDesc>Lario e Prealpi occidentali</areaDesc>
      <geocode>
        <valueName>Zona di Allerta</valueName>
        <value>Lomb-05</value>
      </geocode>
    </area>
    <area>
      <areaDesc>Nodo idraulico di Milano</areaDesc>
      <geocode>
        <valueName>Zona di Allerta</valueName>
        <value>Lomb-09</value>
      </geocode>
    </area>
    <area>
      <areaDesc>Laghi e Prealpi Varesine</areaDesc>
      <geocode>
        <valueName>Zona di Allerta</valueName>
        <value>Lomb-04</value>
      </geocode>
    </area>
    <area>
      <areaDesc>Bacini Montevecchio - Pischilappiu</areaDesc>
      <geocode>
        <valueName>Zona di Allerta</valueName>
        <value>Sard-C</value>
      </geocode>
    </area>
    <area>
      <areaDesc>Logudoro</areaDesc>
      <geocode>
        <valueName>Zona di Allerta</valueName>
        <value>Sard-G</value>
      </geocode>
    </area>
    <area>
      <areaDesc>Bacino del Tirso</areaDesc>
      <geocode>
        <valueName>Zona di Allerta</valueName>
        <value>Sard-E</value>
      </geocode>
    </area>
    <area>
      <areaDesc>Chiani - Paglia</areaDesc>
      <geocode>
        <valueName>Zona di Allerta</valueName>
        <value>Umbr-F</value>
      </geocode>
    </area>
    <area>
      <areaDesc>Nera - Corno</areaDesc>
      <geocode>
        <valueName>Zona di Allerta</valueName>
        <value>Umbr-D</value>
      </geocode>
    </area>
  </info>
  <info>
    <category>Met</category>
    <event>MODERATA CRITICITA' PER RISCHIO TEMPORALI / ALLERTA ARANCIONE:</event>
    <responseType>Prepare</responseType>
    <urgency>Expected</urgency>
    <severity>Severe</severity>
    <certainty>Likely</certainty>
    <onset>2019-12-21T00:00:00+01:00</onset>
    <expires>2019-12-21T23:59:59+01:00</expires>
    <senderName>DIPARTIMENTO DI PROTEZIONE CIVILE</senderName>
    <description>all_ARANCIONE PER DOMANI SU:</description>
    <area>
      <areaDesc>Alto Volturno - Medio Sangro</areaDesc>
      <geocode>
        <valueName>Zona di Allerta</valueName>
        <value>Moli-A</value>
      </geocode>
    </area>
    <area>
      <areaDesc>Lunigiana</areaDesc>
      <geocode>
        <valueName>Zona di Allerta</valueName>
        <value>Tosc-L</value>
      </geocode>
    </area>
    <area>
      <areaDesc>Serchio-Garfagnana-Lima</areaDesc>
      <geocode>
        <valueName>Zona di Allerta</valueName>
        <value>Tosc-S1</value>
      </geocode>
    </area>
    <area>
      <areaDesc>Serchio-Lucca</areaDesc>
      <geocode>
        <valueName>Zona di Allerta</valueName>
        <value>Tosc-S2</value>
      </geocode>
    </area>
    <area>
      <areaDesc>Versilia</areaDesc>
      <geocode>
        <valueName>Zona di Allerta</valueName>
        <value>Tosc-V</value>
      </geocode>
    </area>
    <area>
      <areaDesc>Serchio-Costa</areaDesc>
      <geocode>
        <valueName>Zona di Allerta</valueName>
        <value>Tosc-S3</value>
      </geocode>
    </area>
    <area>
      <areaDesc>Reno</areaDesc>
      <geocode>
        <valueName>Zona di Allerta</valueName>
        <value>Tosc-R1</value>
      </geocode>
    </area>
  </info>
  <info>
    <category>Met</category>
    <event>MODERATA CRITICITA' PER RISCHIO IDROGEOLOGICO / ALLERTA ARANCIONE:</event>
    <responseType>Prepare</responseType>
    <urgency>Expected</urgency>
    <severity>Severe</severity>
    <certainty>Likely</certainty>
    <onset>2019-12-21T00:00:00+01:00</onset>
    <expires>2019-12-21T23:59:59+01:00</expires>
    <senderName>DIPARTIMENTO DI PROTEZIONE CIVILE</senderName>
    <description>all_ARANCIONE PER DOMANI SU:</description>
    <area>
      <areaDesc>Basi-C</areaDesc>
      <geocode>
        <valueName>Zona di Allerta</valueName>
        <value>Basi-C</value>
      </geocode>
    </area>
    <area>
      <areaDesc>Alta Irpinia e Sannio</areaDesc>
      <geocode>
        <valueName>Zona di Allerta</valueName>
        <value>Camp-4</value>
      </geocode>
    </area>
    <area>
      <areaDesc>Piana campana, Napoli, Isole e Area vesuviana</areaDesc>
      <geocode>
        <valueName>Zona di Allerta</valueName>
        <value>Camp-1</value>
      </geocode>
    </area>
    <area>
      <areaDesc>Penisola sorrentino-amalfitana, Monti di Sarno e Monti Picentini</areaDesc>
      <geocode>
        <valueName>Zona di Allerta</valueName>
        <value>Camp-3</value>
      </geocode>
    </area>
    <area>
      <areaDesc>Alto Volturno e Matese</areaDesc>
      <geocode>
        <valueName>Zona di Allerta</valueName>
        <value>Camp-2</value>
      </geocode>
    </area>
    <area>
      <areaDesc>Piana Sele e Alto Cilento</areaDesc>
      <geocode>
        <valueName>Zona di Allerta</valueName>
        <value>Camp-6</value>
      </geocode>
    </area>
    <area>
      <areaDesc>Basso Cilento</areaDesc>
      <geocode>
        <valueName>Zona di Allerta</valueName>
        <value>Camp-8</value>
      </geocode>
    </area>
    <area>
      <areaDesc>Tanagro</areaDesc>
      <geocode>
        <valueName>Zona di Allerta</valueName>
        <value>Camp-7</value>
      </geocode>
    </area>
    <area>
      <areaDesc>Tusciano e Alto Sele</areaDesc>
      <geocode>
        <valueName>Zona di Allerta</valueName>
        <value>Camp-5</value>
      </geocode>
    </area>
    <area>
      <areaDesc>Bacino montano del Tagliamento e del Torre</areaDesc>
      <geocode>
        <valueName>Zona di Allerta</valueName>
        <value>Friu-B</value>
      </geocode>
    </area>
    <area>
      <areaDesc>Aniene</areaDesc>
      <geocode>
        <valueName>Zona di Allerta</valueName>
        <value>Lazi-E</value>
      </geocode>
    </area>
    <area>
      <areaDesc>Bacino del Liri</areaDesc>
      <geocode>
        <valueName>Zona di Allerta</valueName>
        <value>Lazi-G</value>
      </geocode>
    </area>
    <area>
      <areaDesc>Bacini Costieri Sud</areaDesc>
      <geocode>
        <valueName>Zona di Allerta</valueName>
        <value>Lazi-F</value>
      </geocode>
    </area>
    <area>
      <areaDesc>Bacini Liguri Marittimi di Levante</areaDesc>
      <geocode>
        <valueName>Zona di Allerta</valueName>
        <value>Ligu-C</value>
      </geocode>
    </area>
    <area>
      <areaDesc>Media-bassa Valtellina</areaDesc>
      <geocode>
        <valueName>Zona di Allerta</valueName>
        <value>Lomb-02</value>
      </geocode>
    </area>
    <area>
      <areaDesc>Laghi e Prealpi orientali</areaDesc>
      <geocode>
        <valueName>Zona di Allerta</valueName>
        <value>Lomb-08</value>
      </geocode>
    </area>
    <area>
      <areaDesc>Orobie bergamasche</areaDesc>
      <geocode>
        <valueName>Zona di Allerta</valueName>
        <value>Lomb-06</value>
      </geocode>
    </area>
    <area>
      <areaDesc>Lario e Prealpi occidentali</areaDesc>
      <geocode>
        <valueName>Zona di Allerta</valueName>
        <value>Lomb-05</value>
      </geocode>
    </area>
    <area>
      <areaDesc>Valchiavenna</areaDesc>
      <geocode>
        <valueName>Zona di Allerta</valueName>
        <value>Lomb-01</value>
      </geocode>
    </area>
    <area>
      <areaDesc>Laghi e Prealpi Varesine</areaDesc>
      <geocode>
        <valueName>Zona di Allerta</valueName>
        <value>Lomb-04</value>
      </geocode>
    </area>
    <area>
      <areaDesc>Appennino pavese</areaDesc>
      <geocode>
        <valueName>Zona di Allerta</valueName>
        <value>Lomb-14</value>
      </geocode>
    </area>
    <area>
      <areaDesc>Alto Volturno - Medio Sangro</areaDesc>
      <geocode>
        <valueName>Zona di Allerta</valueName>
        <value>Moli-A</value>
      </geocode>
    </area>
    <area>
      <areaDesc>Lunigiana</areaDesc>
      <geocode>
        <valueName>Zona di Allerta</valueName>
        <value>Tosc-L</value>
      </geocode>
    </area>
    <area>
      <areaDesc>Etruria</areaDesc>
      <geocode>
        <valueName>Zona di Allerta</valueName>
        <value>Tosc-E1</value>
      </geocode>
    </area>
    <area>
      <areaDesc>Etruria-Costa Nord</areaDesc>
      <geocode>
        <valueName>Zona di Allerta</valueName>
        <value>Tosc-E2</value>
      </geocode>
    </area>
    <area>
      <areaDesc>Etruria-Costa Sud</areaDesc>
      <geocode>
        <valueName>Zona di Allerta</valueName>
        <value>Tosc-E3</value>
      </geocode>
    </area>
    <area>
      <areaDesc>Serchio-Garfagnana-Lima</areaDesc>
      <geocode>
        <valueName>Zona di Allerta</valueName>
        <value>Tosc-S1</value>
      </geocode>
    </area>
    <area>
      <areaDesc>Serchio-Lucca</areaDesc>
      <geocode>
        <valueName>Zona di Allerta</valueName>
        <value>Tosc-S2</value>
      </geocode>
    </area>
    <area>
      <areaDesc>Versilia</areaDesc>
      <geocode>
        <valueName>Zona di Allerta</valueName>
        <value>Tosc-V</value>
      </geocode>
    </area>
    <area>
      <areaDesc>Bisenzio e Ombrone Pt</areaDesc>
      <geocode>
        <valueName>Zona di Allerta</valueName>
        <value>Tosc-B</value>
      </geocode>
    </area>
    <area>
      <areaDesc>Reno</areaDesc>
      <geocode>
        <valueName>Zona di Allerta</valueName>
        <value>Tosc-R1</value>
      </geocode>
    </area>
    <area>
      <areaDesc>Chiani - Paglia</areaDesc>
      <geocode>
        <valueName>Zona di Allerta</valueName>
        <value>Umbr-F</value>
      </geocode>
    </area>
    <area>
      <areaDesc>Nera - Corno</areaDesc>
      <geocode>
        <valueName>Zona di Allerta</valueName>
        <value>Umbr-D</value>
      </geocode>
    </area>
    <area>
      <areaDesc>Medio Tevere</areaDesc>
      <geocode>
        <valueName>Zona di Allerta</valueName>
        <value>Umbr-B</value>
      </geocode>
    </area>
    <area>
      <areaDesc>Chiascio - Topino</areaDesc>
      <geocode>
        <valueName>Zona di Allerta</valueName>
        <value>Umbr-C</value>
      </geocode>
    </area>
  </info>
  <info>
    <category>Met</category>
    <event>ORDINARIA CRITICITA' PER RISCHIO IDRAULICO / ALLERTA GIALLA:</event>
    <responseType>Prepare</responseType>
    <urgency>Expected</urgency>
    <severity>Moderate</severity>
    <certainty>Likely</certainty>
    <onset>2019-12-21T00:00:00+01:00</onset>
    <expires>2019-12-21T23:59:59+01:00</expires>
    <senderName>DIPARTIMENTO DI PROTEZIONE CIVILE</senderName>
    <description>all_GIALLA PER DOMANI SU:</description>
    <area>
      <areaDesc>Versante Tirrenico Centro-settentrionale</areaDesc>
      <geocode>
        <valueName>Zona di Allerta</valueName>
        <value>Cala-2</value>
      </geocode>
    </area>
    <area>
      <areaDesc>Versante Tirrenico Centro-meridionale</areaDesc>
      <geocode>
        <valueName>Zona di Allerta</valueName>
        <value>Cala-3</value>
      </geocode>
    </area>
    <area>
      <areaDesc>Versante Tirrenico Settentrionale</areaDesc>
      <geocode>
        <valueName>Zona di Allerta</valueName>
        <value>Cala-1</value>
      </geocode>
    </area>
    <area>
      <areaDesc>Pianura emiliana orientale e costa Ferrarese</areaDesc>
      <geocode>
        <valueName>Zona di Allerta</valueName>
        <value>Emil-D</value>
      </geocode>
    </area>
    <area>
      <areaDesc>Pianura e bassa collina emiliana occidentale</areaDesc>
      <geocode>
        <valueName>Zona di Allerta</valueName>
        <value>Emil-H</value>
      </geocode>
    </area>
    <area>
      <areaDesc>Bacino del Livenza e del Lemene</areaDesc>
      <geocode>
        <valueName>Zona di Allerta</valueName>
        <value>Friu-A</value>
      </geocode>
    </area>
    <area>
      <areaDesc>Bacino montano del Tagliamento e del Torre</areaDesc>
      <geocode>
        <valueName>Zona di Allerta</valueName>
        <value>Friu-B</value>
      </geocode>
    </area>
    <area>
      <areaDesc>Bacino Medio Tevere</areaDesc>
      <geocode>
        <valueName>Zona di Allerta</valueName>
        <value>Lazi-B</value>
      </geocode>
    </area>
    <area>
      <areaDesc>Bacini Costieri Nord</areaDesc>
      <geocode>
        <valueName>Zona di Allerta</valueName>
        <value>Lazi-A</value>
      </geocode>
    </area>
    <area>
      <areaDesc>Roma</areaDesc>
      <geocode>
        <valueName>Zona di Allerta</valueName>
        <value>Lazi-D</value>
      </geocode>
    </area>
    <area>
      <areaDesc>Appennino di Rieti</areaDesc>
      <geocode>
        <valueName>Zona di Allerta</valueName>
        <value>Lazi-C</value>
      </geocode>
    </area>
    <area>
      <areaDesc>Bassa pianura occidentale</areaDesc>
      <geocode>
        <valueName>Zona di Allerta</valueName>
        <value>Lomb-12</value>
      </geocode>
    </area>
    <area>
      <areaDesc>Alta pianura orientale</areaDesc>
      <geocode>
        <valueName>Zona di Allerta</valueName>
        <value>Lomb-11</value>
      </geocode>
    </area>
    <area>
      <areaDesc>Appennino pavese</areaDesc>
      <geocode>
        <valueName>Zona di Allerta</valueName>
        <value>Lomb-14</value>
      </geocode>
    </area>
    <area>
      <areaDesc>Pianura centrale</areaDesc>
      <geocode>
        <valueName>Zona di Allerta</valueName>
        <value>Lomb-10</value>
      </geocode>
    </area>
    <area>
      <areaDesc>Valcamonica</areaDesc>
      <geocode>
        <valueName>Zona di Allerta</valueName>
        <value>Lomb-07</value>
      </geocode>
    </area>
    <area>
      <areaDesc>Campidano</areaDesc>
      <geocode>
        <valueName>Zona di Allerta</valueName>
        <value>Sard-B</value>
      </geocode>
    </area>
    <area>
      <areaDesc>Iglesiente</areaDesc>
      <geocode>
        <valueName>Zona di Allerta</valueName>
        <value>Sard-A</value>
      </geocode>
    </area>
    <area>
      <areaDesc>Trasimeno - Nestore</areaDesc>
      <geocode>
        <valueName>Zona di Allerta</valueName>
        <value>Umbr-E</value>
      </geocode>
    </area>
    <area>
      <areaDesc>Alto Tevere</areaDesc>
      <geocode>
        <valueName>Zona di Allerta</valueName>
        <value>Umbr-A</value>
      </geocode>
    </area>
    <area>
      <areaDesc>Medio Tevere</areaDesc>
      <geocode>
        <valueName>Zona di Allerta</valueName>
        <value>Umbr-B</value>
      </geocode>
    </area>
    <area>
      <areaDesc>Chiascio - Topino</areaDesc>
      <geocode>
        <valueName>Zona di Allerta</valueName>
        <value>Umbr-C</value>
      </geocode>
    </area>
  </info>
  <info>
    <category>Met</category>
    <event>ORDINARIA CRITICITA' PER RISCHIO TEMPORALI / ALLERTA GIALLA:</event>
    <responseType>Prepare</responseType>
    <urgency>Expected</urgency>
    <severity>Moderate</severity>
    <certainty>Likely</certainty>
    <onset>2019-12-21T00:00:00+01:00</onset>
    <expires>2019-12-21T23:59:59+01:00</expires>
    <senderName>DIPARTIMENTO DI PROTEZIONE CIVILE</senderName>
    <description>all_GIALLA PER DOMANI SU:</description>
    <area>
      <areaDesc>Marsica</areaDesc>
      <geocode>
        <valueName>Zona di Allerta</valueName>
        <value>Abru-E</value>
      </geocode>
    </area>
    <area>
      <areaDesc>Bacino dell'Aterno</areaDesc>
      <geocode>
        <valueName>Zona di Allerta</valueName>
        <value>Abru-B</value>
      </geocode>
    </area>
    <area>
      <areaDesc>Bacino Alto del Sangro</areaDesc>
      <geocode>
        <valueName>Zona di Allerta</valueName>
        <value>Abru-D1</value>
      </geocode>
    </area>
    <area>
      <areaDesc>Basi-A2</areaDesc>
      <geocode>
        <valueName>Zona di Allerta</valueName>
        <value>Basi-A2</value>
      </geocode>
    </area>
    <area>
      <areaDesc>Basi-C</areaDesc>
      <geocode>
        <valueName>Zona di Allerta</valueName>
        <value>Basi-C</value>
      </geocode>
    </area>
    <area>
      <areaDesc>Basi-D</areaDesc>
      <geocode>
        <valueName>Zona di Allerta</valueName>
        <value>Basi-D</value>
      </geocode>
    </area>
    <area>
      <areaDesc>Versante Tirrenico Centro-settentrionale</areaDesc>
      <geocode>
        <valueName>Zona di Allerta</valueName>
        <value>Cala-2</value>
      </geocode>
    </area>
    <area>
      <areaDesc>Versante Tirrenico Centro-meridionale</areaDesc>
      <geocode>
        <valueName>Zona di Allerta</valueName>
        <value>Cala-3</value>
      </geocode>
    </area>
    <area>
      <areaDesc>Versante Tirrenico Settentrionale</areaDesc>
      <geocode>
        <valueName>Zona di Allerta</valueName>
        <value>Cala-1</value>
      </geocode>
    </area>
    <area>
      <areaDesc>Bacini Liguri Marittimi di Levante</areaDesc>
      <geocode>
        <valueName>Zona di Allerta</valueName>
        <value>Ligu-C</value>
      </geocode>
    </area>
    <area>
      <areaDesc>Litoranea</areaDesc>
      <geocode>
        <valueName>Zona di Allerta</valueName>
        <value>Moli-C</value>
      </geocode>
    </area>
    <area>
      <areaDesc>Frentani - Sannio - Matese</areaDesc>
      <geocode>
        <valueName>Zona di Allerta</valueName>
        <value>Moli-B</value>
      </geocode>
    </area>
    <area>
      <areaDesc>Arno-Valdarno Sup.</areaDesc>
      <geocode>
        <valueName>Zona di Allerta</valueName>
        <value>Tosc-A2</value>
      </geocode>
    </area>
    <area>
      <areaDesc>Ombrone Gr-Medio</areaDesc>
      <geocode>
        <valueName>Zona di Allerta</valueName>
        <value>Tosc-O2</value>
      </geocode>
    </area>
    <area>
      <areaDesc>Valtiberina</areaDesc>
      <geocode>
        <valueName>Zona di Allerta</valueName>
        <value>Tosc-T</value>
      </geocode>
    </area>
    <area>
      <areaDesc>Arno-Firenze</areaDesc>
      <geocode>
        <valueName>Zona di Allerta</valueName>
        <value>Tosc-A3</value>
      </geocode>
    </area>
    <area>
      <areaDesc>Arno-Costa</areaDesc>
      <geocode>
        <valueName>Zona di Allerta</valueName>
        <value>Tosc-A6</value>
      </geocode>
    </area>
    <area>
      <areaDesc>Valdichiana</areaDesc>
      <geocode>
        <valueName>Zona di Allerta</valueName>
        <value>Tosc-C</value>
      </geocode>
    </area>
    <area>
      <areaDesc>Ombrone Gr-Costa</areaDesc>
      <geocode>
        <valueName>Zona di Allerta</valueName>
        <value>Tosc-O3</value>
      </geocode>
    </area>
    <area>
      <areaDesc>Romagna-Toscana</areaDesc>
      <geocode>
        <valueName>Zona di Allerta</valueName>
        <value>Tosc-R2</value>
      </geocode>
    </area>
    <area>
      <areaDesc>Mugello-Val di Sieve</areaDesc>
      <geocode>
        <valueName>Zona di Allerta</valueName>
        <value>Tosc-M</value>
      </geocode>
    </area>
    <area>
      <areaDesc>Valdarno Inf.</areaDesc>
      <geocode>
        <valueName>Zona di Allerta</valueName>
        <value>Tosc-A4</value>
      </geocode>
    </area>
    <area>
      <areaDesc>Etruria</areaDesc>
      <geocode>
        <valueName>Zona di Allerta</valueName>
        <value>Tosc-E1</value>
      </geocode>
    </area>
    <area>
      <areaDesc>Etruria-Costa Nord</areaDesc>
      <geocode>
        <valueName>Zona di Allerta</valueName>
        <value>Tosc-E2</value>
      </geocode>
    </area>
    <area>
      <areaDesc>Etruria-Costa Sud</areaDesc>
      <geocode>
        <valueName>Zona di Allerta</valueName>
        <value>Tosc-E3</value>
      </geocode>
    </area>
    <area>
      <areaDesc>Valdelsa-Valdera</areaDesc>
      <geocode>
        <valueName>Zona di Allerta</valueName>
        <value>Tosc-A5</value>
      </geocode>
    </area>
    <area>
      <areaDesc>Ombrone Gr-Alto</areaDesc>
      <geocode>
        <valueName>Zona di Allerta</valueName>
        <value>Tosc-O1</value>
      </geocode>
    </area>
    <area>
      <areaDesc>Fiora e Albegna-Costa e Giglio</areaDesc>
      <geocode>
        <valueName>Zona di Allerta</valueName>
        <value>Tosc-F2</value>
      </geocode>
    </area>
    <area>
      <areaDesc>Isole</areaDesc>
      <geocode>
        <valueName>Zona di Allerta</valueName>
        <value>Tosc-I</value>
      </geocode>
    </area>
    <area>
      <areaDesc>Fiora e Albegna</areaDesc>
      <geocode>
        <valueName>Zona di Allerta</valueName>
        <value>Tosc-F1</value>
      </geocode>
    </area>
    <area>
      <areaDesc>Bisenzio e Ombrone Pt</areaDesc>
      <geocode>
        <valueName>Zona di Allerta</valueName>
        <value>Tosc-B</value>
      </geocode>
    </area>
    <area>
      <areaDesc>Arno-Casentino</areaDesc>
      <geocode>
        <valueName>Zona di Allerta</valueName>
        <value>Tosc-A1</value>
      </geocode>
    </area>
    <area>
      <areaDesc>Trasimeno - Nestore</areaDesc>
      <geocode>
        <valueName>Zona di Allerta</valueName>
        <value>Umbr-E</value>
      </geocode>
    </area>
    <area>
      <areaDesc>Chiani - Paglia</areaDesc>
      <geocode>
        <valueName>Zona di Allerta</valueName>
        <value>Umbr-F</value>
      </geocode>
    </area>
    <area>
      <areaDesc>Alto Tevere</areaDesc>
      <geocode>
        <valueName>Zona di Allerta</valueName>
        <value>Umbr-A</value>
      </geocode>
    </area>
    <area>
      <areaDesc>Nera - Corno</areaDesc>
      <geocode>
        <valueName>Zona di Allerta</valueName>
        <value>Umbr-D</value>
      </geocode>
    </area>
    <area>
      <areaDesc>Medio Tevere</areaDesc>
      <geocode>
        <valueName>Zona di Allerta</valueName>
        <value>Umbr-B</value>
      </geocode>
    </area>
    <area>
      <areaDesc>Chiascio - Topino</areaDesc>
      <geocode>
        <valueName>Zona di Allerta</valueName>
        <value>Umbr-C</value>
      </geocode>
    </area>
  </info>
  <info>
    <category>Met</category>
    <event>ORDINARIA CRITICITA' PER RISCHIO IDROGEOLOGICO / ALLERTA GIALLA:</event>
    <responseType>Prepare</responseType>
    <urgency>Expected</urgency>
    <severity>Moderate</severity>
    <certainty>Likely</certainty>
    <onset>2019-12-21T00:00:00+01:00</onset>
    <expires>2019-12-21T23:59:59+01:00</expires>
    <senderName>DIPARTIMENTO DI PROTEZIONE CIVILE</senderName>
    <description>all_GIALLA PER DOMANI SU:</description>
    <area>
      <areaDesc>Marsica</areaDesc>
      <geocode>
        <valueName>Zona di Allerta</valueName>
        <value>Abru-E</value>
      </geocode>
    </area>
    <area>
      <areaDesc>Bacino dell'Aterno</areaDesc>
      <geocode>
        <valueName>Zona di Allerta</valueName>
        <value>Abru-B</value>
      </geocode>
    </area>
    <area>
      <areaDesc>Bacino Alto del Sangro</areaDesc>
      <geocode>
        <valueName>Zona di Allerta</valueName>
        <value>Abru-D1</value>
      </geocode>
    </area>
    <area>
      <areaDesc>Basi-A2</areaDesc>
      <geocode>
        <valueName>Zona di Allerta</valueName>
        <value>Basi-A2</value>
      </geocode>
    </area>
    <area>
      <areaDesc>Basi-D</areaDesc>
      <geocode>
        <valueName>Zona di Allerta</valueName>
        <value>Basi-D</value>
      </geocode>
    </area>
    <area>
      <areaDesc>Versante Tirrenico Centro-settentrionale</areaDesc>
      <geocode>
        <valueName>Zona di Allerta</valueName>
        <value>Cala-2</value>
      </geocode>
    </area>
    <area>
      <areaDesc>Versante Tirrenico Centro-meridionale</areaDesc>
      <geocode>
        <valueName>Zona di Allerta</valueName>
        <value>Cala-3</value>
      </geocode>
    </area>
    <area>
      <areaDesc>Versante Tirrenico Settentrionale</areaDesc>
      <geocode>
        <valueName>Zona di Allerta</valueName>
        <value>Cala-1</value>
      </geocode>
    </area>
    <area>
      <areaDesc>Bacini romagnoli</areaDesc>
      <geocode>
        <valueName>Zona di Allerta</valueName>
        <value>Emil-A</value>
      </geocode>
    </area>
    <area>
      <areaDesc>Bacini emiliani centrali</areaDesc>
      <geocode>
        <valueName>Zona di Allerta</valueName>
        <value>Emil-E</value>
      </geocode>
    </area>
    <area>
      <areaDesc>Bacini emiliani orientali</areaDesc>
      <geocode>
        <valueName>Zona di Allerta</valueName>
        <value>Emil-C</value>
      </geocode>
    </area>
    <area>
      <areaDesc>Bacini emiliani occidentali</areaDesc>
      <geocode>
        <valueName>Zona di Allerta</valueName>
        <value>Emil-G</value>
      </geocode>
    </area>
    <area>
      <areaDesc>Pianura e bassa collina emiliana occidentale</areaDesc>
      <geocode>
        <valueName>Zona di Allerta</valueName>
        <value>Emil-H</value>
      </geocode>
    </area>
    <area>
      <areaDesc>Bacino di Levante / Carso</areaDesc>
      <geocode>
        <valueName>Zona di Allerta</valueName>
        <value>Friu-D</value>
      </geocode>
    </area>
    <area>
      <areaDesc>Bacino dell'Isonzo e Pianura di Udine e Gorizia</areaDesc>
      <geocode>
        <valueName>Zona di Allerta</valueName>
        <value>Friu-C</value>
      </geocode>
    </area>
    <area>
      <areaDesc>Bacino del Livenza e del Lemene</areaDesc>
      <geocode>
        <valueName>Zona di Allerta</valueName>
        <value>Friu-A</value>
      </geocode>
    </area>
    <area>
      <areaDesc>Bacino Medio Tevere</areaDesc>
      <geocode>
        <valueName>Zona di Allerta</valueName>
        <value>Lazi-B</value>
      </geocode>
    </area>
    <area>
      <areaDesc>Bacini Costieri Nord</areaDesc>
      <geocode>
        <valueName>Zona di Allerta</valueName>
        <value>Lazi-A</value>
      </geocode>
    </area>
    <area>
      <areaDesc>Roma</areaDesc>
      <geocode>
        <valueName>Zona di Allerta</valueName>
        <value>Lazi-D</value>
      </geocode>
    </area>
    <area>
      <areaDesc>Appennino di Rieti</areaDesc>
      <geocode>
        <valueName>Zona di Allerta</valueName>
        <value>Lazi-C</value>
      </geocode>
    </area>
    <area>
      <areaDesc>Bacini Liguri Padani di Levante</areaDesc>
      <geocode>
        <valueName>Zona di Allerta</valueName>
        <value>Ligu-E</value>
      </geocode>
    </area>
    <area>
      <areaDesc>Alta Valtellina</areaDesc>
      <geocode>
        <valueName>Zona di Allerta</valueName>
        <value>Lomb-03</value>
      </geocode>
    </area>
    <area>
      <areaDesc>Valcamonica</areaDesc>
      <geocode>
        <valueName>Zona di Allerta</valueName>
        <value>Lomb-07</value>
      </geocode>
    </area>
    <area>
      <areaDesc>Marc-1</areaDesc>
      <geocode>
        <valueName>Zona di Allerta</valueName>
        <value>Marc-1</value>
      </geocode>
    </area>
    <area>
      <areaDesc>Marc-3</areaDesc>
      <geocode>
        <valueName>Zona di Allerta</valueName>
        <value>Marc-3</value>
      </geocode>
    </area>
    <area>
      <areaDesc>Marc-5</areaDesc>
      <geocode>
        <valueName>Zona di Allerta</valueName>
        <value>Marc-5</value>
      </geocode>
    </area>
    <area>
      <areaDesc>Litoranea</areaDesc>
      <geocode>
        <valueName>Zona di Allerta</valueName>
        <value>Moli-C</value>
      </geocode>
    </area>
    <area>
      <areaDesc>Frentani - Sannio - Matese</areaDesc>
      <geocode>
        <valueName>Zona di Allerta</valueName>
        <value>Moli-B</value>
      </geocode>
    </area>
    <area>
      <areaDesc>Belbo e Bormida</areaDesc>
      <geocode>
        <valueName>Zona di Allerta</valueName>
        <value>Piem-G</value>
      </geocode>
    </area>
    <area>
      <areaDesc>Scrivia</areaDesc>
      <geocode>
        <valueName>Zona di Allerta</valueName>
        <value>Piem-H</value>
      </geocode>
    </area>
    <area>
      <areaDesc>Bacini Montevecchio - Pischilappiu</areaDesc>
      <geocode>
        <valueName>Zona di Allerta</valueName>
        <value>Sard-C</value>
      </geocode>
    </area>
    <area>
      <areaDesc>Logudoro</areaDesc>
      <geocode>
        <valueName>Zona di Allerta</valueName>
        <value>Sard-G</value>
      </geocode>
    </area>
    <area>
      <areaDesc>Bacino del Tirso</areaDesc>
      <geocode>
        <valueName>Zona di Allerta</valueName>
        <value>Sard-E</value>
      </geocode>
    </area>
    <area>
      <areaDesc>Campidano</areaDesc>
      <geocode>
        <valueName>Zona di Allerta</valueName>
        <value>Sard-B</value>
      </geocode>
    </area>
    <area>
      <areaDesc>Iglesiente</areaDesc>
      <geocode>
        <valueName>Zona di Allerta</valueName>
        <value>Sard-A</value>
      </geocode>
    </area>
    <area>
      <areaDesc>Arno-Valdarno Sup.</areaDesc>
      <geocode>
        <valueName>Zona di Allerta</valueName>
        <value>Tosc-A2</value>
      </geocode>
    </area>
    <area>
      <areaDesc>Ombrone Gr-Medio</areaDesc>
      <geocode>
        <valueName>Zona di Allerta</valueName>
        <value>Tosc-O2</value>
      </geocode>
    </area>
    <area>
      <areaDesc>Valtiberina</areaDesc>
      <geocode>
        <valueName>Zona di Allerta</valueName>
        <value>Tosc-T</value>
      </geocode>
    </area>
    <area>
      <areaDesc>Arno-Firenze</areaDesc>
      <geocode>
        <valueName>Zona di Allerta</valueName>
        <value>Tosc-A3</value>
      </geocode>
    </area>
    <area>
      <areaDesc>Arno-Costa</areaDesc>
      <geocode>
        <valueName>Zona di Allerta</valueName>
        <value>Tosc-A6</value>
      </geocode>
    </area>
    <area>
      <areaDesc>Valdichiana</areaDesc>
      <geocode>
        <valueName>Zona di Allerta</valueName>
        <value>Tosc-C</value>
      </geocode>
    </area>
    <area>
      <areaDesc>Ombrone Gr-Costa</areaDesc>
      <geocode>
        <valueName>Zona di Allerta</valueName>
        <value>Tosc-O3</value>
      </geocode>
    </area>
    <area>
      <areaDesc>Romagna-Toscana</areaDesc>
      <geocode>
        <valueName>Zona di Allerta</valueName>
        <value>Tosc-R2</value>
      </geocode>
    </area>
    <area>
      <areaDesc>Mugello-Val di Sieve</areaDesc>
      <geocode>
        <valueName>Zona di Allerta</valueName>
        <value>Tosc-M</value>
      </geocode>
    </area>
    <area>
      <areaDesc>Valdarno Inf.</areaDesc>
      <geocode>
        <valueName>Zona di Allerta</valueName>
        <value>Tosc-A4</value>
      </geocode>
    </area>
    <area>
      <areaDesc>Valdelsa-Valdera</areaDesc>
      <geocode>
        <valueName>Zona di Allerta</valueName>
        <value>Tosc-A5</value>
      </geocode>
    </area>
    <area>
      <areaDesc>Ombrone Gr-Alto</areaDesc>
      <geocode>
        <valueName>Zona di Allerta</valueName>
        <value>Tosc-O1</value>
      </geocode>
    </area>
    <area>
      <areaDesc>Fiora e Albegna-Costa e Giglio</areaDesc>
      <geocode>
        <valueName>Zona di Allerta</valueName>
        <value>Tosc-F2</value>
      </geocode>
    </area>
    <area>
      <areaDesc>Serchio-Costa</areaDesc>
      <geocode>
        <valueName>Zona di Allerta</valueName>
        <value>Tosc-S3</value>
      </geocode>
    </area>
    <area>
      <areaDesc>Isole</areaDesc>
      <geocode>
        <valueName>Zona di Allerta</valueName>
        <value>Tosc-I</value>
      </geocode>
    </area>
    <area>
      <areaDesc>Fiora e Albegna</areaDesc>
      <geocode>
        <valueName>Zona di Allerta</valueName>
        <value>Tosc-F1</value>
      </geocode>
    </area>
    <area>
      <areaDesc>Arno-Casentino</areaDesc>
      <geocode>
        <valueName>Zona di Allerta</valueName>
        <value>Tosc-A1</value>
      </geocode>
    </area>
    <area>
      <areaDesc>Trasimeno - Nestore</areaDesc>
      <geocode>
        <valueName>Zona di Allerta</valueName>
        <value>Umbr-E</value>
      </geocode>
    </area>
    <area>
      <areaDesc>Alto Tevere</areaDesc>
      <geocode>
        <valueName>Zona di Allerta</valueName>
        <value>Umbr-A</value>
      </geocode>
    </area>
    <area>
      <areaDesc>Piave pedemontano</areaDesc>
      <geocode>
        <valueName>Zona di Allerta</valueName>
        <value>Vene-H</value>
      </geocode>
    </area>
  </info>
</alert>
