<?xml version="1.0" encoding="UTF-8" standalone="no"?><alert xmlns="urn:oasis:names:tc:emergency:cap:1.2">
  <identifier>DPC_BULLETIN_2024_01_17_89334</identifier>
  <sender>2.49.0.0.380.1</sender>
  <sent>2024-01-17T15:25:00+01:00</sent>
  <status>Actual</status>
  <msgType>Alert</msgType>
  <scope>Public</scope>
  <note>Per la giornata di oggi: Regioni Campania, Liguria e Toscana: per la validità temporale delle criticità si rimanda ai rispettivi bollettini regionali.
Per la giornata di domani: Regioni Campania, Liguria e Toscana: per la validità temporale delle criticità si rimanda ai rispettivi bollettini regionali.</note>
  <info>
    <category>Met</category>
    <event>ORDINARIA CRITICITA' PER RISCHIO IDRAULICO / ALLERTA GIALLA:</event>
    <responseType>Prepare</responseType>
    <urgency>Expected</urgency>
    <severity>Moderate</severity>
    <certainty>Likely</certainty>
    <onset>2024-01-17T12:00:00+01:00</onset>
    <expires>2024-01-17T23:59:59+01:00</expires>
    <senderName>DIPARTIMENTO DI PROTEZIONE CIVILE</senderName>
    <description>all_GIALLA PER OGGI SU:</description>
    <area>
      <areaDesc>Collina emiliana centrale</areaDesc>
      <geocode>
        <valueName>Zona di Allerta</valueName>
        <value>Emil-E2</value>
      </geocode>
    </area>
    <area>
      <areaDesc>Montagna emiliana centrale</areaDesc>
      <geocode>
        <valueName>Zona di Allerta</valueName>
        <value>Emil-E1</value>
      </geocode>
    </area>
  </info>
  <info>
    <category>Met</category>
    <event>ORDINARIA CRITICITA' PER RISCHIO IDROGEOLOGICO / ALLERTA GIALLA:</event>
    <responseType>Prepare</responseType>
    <urgency>Expected</urgency>
    <severity>Moderate</severity>
    <certainty>Likely</certainty>
    <onset>2024-01-17T12:00:00+01:00</onset>
    <expires>2024-01-17T23:59:59+01:00</expires>
    <senderName>DIPARTIMENTO DI PROTEZIONE CIVILE</senderName>
    <description>all_GIALLA PER OGGI SU:</description>
    <area>
      <areaDesc>Montagna piacentino-parmense</areaDesc>
      <geocode>
        <valueName>Zona di Allerta</valueName>
        <value>Emil-G2</value>
      </geocode>
    </area>
    <area>
      <areaDesc>Collina emiliana centrale</areaDesc>
      <geocode>
        <valueName>Zona di Allerta</valueName>
        <value>Emil-E2</value>
      </geocode>
    </area>
    <area>
      <areaDesc>Montagna bolognese</areaDesc>
      <geocode>
        <valueName>Zona di Allerta</valueName>
        <value>Emil-C1</value>
      </geocode>
    </area>
    <area>
      <areaDesc>Alta collina piacentino-parmense</areaDesc>
      <geocode>
        <valueName>Zona di Allerta</valueName>
        <value>Emil-G1</value>
      </geocode>
    </area>
    <area>
      <areaDesc>Montagna emiliana centrale</areaDesc>
      <geocode>
        <valueName>Zona di Allerta</valueName>
        <value>Emil-E1</value>
      </geocode>
    </area>
    <area>
      <areaDesc>Bacini Liguri Marittimi di Levante</areaDesc>
      <geocode>
        <valueName>Zona di Allerta</valueName>
        <value>Ligu-C</value>
      </geocode>
    </area>
    <area>
      <areaDesc>Serchio-Garfagnana-Lima</areaDesc>
      <geocode>
        <valueName>Zona di Allerta</valueName>
        <value>Tosc-S1</value>
      </geocode>
    </area>
    <area>
      <areaDesc>Mugello-Val di Sieve</areaDesc>
      <geocode>
        <valueName>Zona di Allerta</valueName>
        <value>Tosc-M</value>
      </geocode>
    </area>
    <area>
      <areaDesc>Serchio-Costa</areaDesc>
      <geocode>
        <valueName>Zona di Allerta</valueName>
        <value>Tosc-S3</value>
      </geocode>
    </area>
    <area>
      <areaDesc>Bisenzio e Ombrone Pt</areaDesc>
      <geocode>
        <valueName>Zona di Allerta</valueName>
        <value>Tosc-B</value>
      </geocode>
    </area>
    <area>
      <areaDesc>Lunigiana</areaDesc>
      <geocode>
        <valueName>Zona di Allerta</valueName>
        <value>Tosc-L</value>
      </geocode>
    </area>
    <area>
      <areaDesc>Reno</areaDesc>
      <geocode>
        <valueName>Zona di Allerta</valueName>
        <value>Tosc-R1</value>
      </geocode>
    </area>
    <area>
      <areaDesc>Serchio-Lucca</areaDesc>
      <geocode>
        <valueName>Zona di Allerta</valueName>
        <value>Tosc-S2</value>
      </geocode>
    </area>
    <area>
      <areaDesc>Versilia</areaDesc>
      <geocode>
        <valueName>Zona di Allerta</valueName>
        <value>Tosc-V</value>
      </geocode>
    </area>
  </info>
  <info>
    <category>Met</category>
    <event>ORDINARIA CRITICITA' PER RISCHIO IDRAULICO / ALLERTA GIALLA:</event>
    <responseType>Prepare</responseType>
    <urgency>Expected</urgency>
    <severity>Moderate</severity>
    <certainty>Likely</certainty>
    <onset>2024-01-18T00:00:00+01:00</onset>
    <expires>2024-01-18T23:59:59+01:00</expires>
    <senderName>DIPARTIMENTO DI PROTEZIONE CIVILE</senderName>
    <description>all_GIALLA PER DOMANI SU:</description>
    <area>
      <areaDesc>Pianura modenese</areaDesc>
      <geocode>
        <valueName>Zona di Allerta</valueName>
        <value>Emil-F1</value>
      </geocode>
    </area>
    <area>
      <areaDesc>Pianura reggiana</areaDesc>
      <geocode>
        <valueName>Zona di Allerta</valueName>
        <value>Emil-F2</value>
      </geocode>
    </area>
    <area>
      <areaDesc>Pianura reggiana di Po</areaDesc>
      <geocode>
        <valueName>Zona di Allerta</valueName>
        <value>Emil-F3</value>
      </geocode>
    </area>
    <area>
      <areaDesc>Montagna emiliana centrale</areaDesc>
      <geocode>
        <valueName>Zona di Allerta</valueName>
        <value>Emil-E1</value>
      </geocode>
    </area>
    <area>
      <areaDesc>Collina emiliana centrale</areaDesc>
      <geocode>
        <valueName>Zona di Allerta</valueName>
        <value>Emil-E2</value>
      </geocode>
    </area>
  </info>
  <info>
    <category>Met</category>
    <event>ORDINARIA CRITICITA' PER RISCHIO TEMPORALI / ALLERTA GIALLA:</event>
    <responseType>Prepare</responseType>
    <urgency>Expected</urgency>
    <severity>Moderate</severity>
    <certainty>Likely</certainty>
    <onset>2024-01-18T00:00:00+01:00</onset>
    <expires>2024-01-18T23:59:59+01:00</expires>
    <senderName>DIPARTIMENTO DI PROTEZIONE CIVILE</senderName>
    <description>all_GIALLA PER DOMANI SU:</description>
    <area>
      <areaDesc>Penisola sorrentino-amalfitana, Monti di Sarno e Monti Picentini</areaDesc>
      <geocode>
        <valueName>Zona di Allerta</valueName>
        <value>Camp-3</value>
      </geocode>
    </area>
    <area>
      <areaDesc>Tusciano e Alto Sele</areaDesc>
      <geocode>
        <valueName>Zona di Allerta</valueName>
        <value>Camp-5</value>
      </geocode>
    </area>
    <area>
      <areaDesc>Piana Sele e Alto Cilento</areaDesc>
      <geocode>
        <valueName>Zona di Allerta</valueName>
        <value>Camp-6</value>
      </geocode>
    </area>
    <area>
      <areaDesc>Basso Cilento</areaDesc>
      <geocode>
        <valueName>Zona di Allerta</valueName>
        <value>Camp-8</value>
      </geocode>
    </area>
    <area>
      <areaDesc>Alto Volturno e Matese</areaDesc>
      <geocode>
        <valueName>Zona di Allerta</valueName>
        <value>Camp-2</value>
      </geocode>
    </area>
    <area>
      <areaDesc>Piana campana, Napoli, Isole e Area vesuviana</areaDesc>
      <geocode>
        <valueName>Zona di Allerta</valueName>
        <value>Camp-1</value>
      </geocode>
    </area>
  </info>
  <info>
    <category>Met</category>
    <event>ORDINARIA CRITICITA' PER RISCHIO IDROGEOLOGICO / ALLERTA GIALLA:</event>
    <responseType>Prepare</responseType>
    <urgency>Expected</urgency>
    <severity>Moderate</severity>
    <certainty>Likely</certainty>
    <onset>2024-01-18T00:00:00+01:00</onset>
    <expires>2024-01-18T23:59:59+01:00</expires>
    <senderName>DIPARTIMENTO DI PROTEZIONE CIVILE</senderName>
    <description>all_GIALLA PER DOMANI SU:</description>
    <area>
      <areaDesc>Montagna emiliana centrale</areaDesc>
      <geocode>
        <valueName>Zona di Allerta</valueName>
        <value>Emil-E1</value>
      </geocode>
    </area>
    <area>
      <areaDesc>Collina emiliana centrale</areaDesc>
      <geocode>
        <valueName>Zona di Allerta</valueName>
        <value>Emil-E2</value>
      </geocode>
    </area>
    <area>
      <areaDesc>Bacini Liguri Marittimi di Levante</areaDesc>
      <geocode>
        <valueName>Zona di Allerta</valueName>
        <value>Ligu-C</value>
      </geocode>
    </area>
    <area>
      <areaDesc>Bisenzio e Ombrone Pt</areaDesc>
      <geocode>
        <valueName>Zona di Allerta</valueName>
        <value>Tosc-B</value>
      </geocode>
    </area>
    <area>
      <areaDesc>Lunigiana</areaDesc>
      <geocode>
        <valueName>Zona di Allerta</valueName>
        <value>Tosc-L</value>
      </geocode>
    </area>
    <area>
      <areaDesc>Reno</areaDesc>
      <geocode>
        <valueName>Zona di Allerta</valueName>
        <value>Tosc-R1</value>
      </geocode>
    </area>
    <area>
      <areaDesc>Serchio-Lucca</areaDesc>
      <geocode>
        <valueName>Zona di Allerta</valueName>
        <value>Tosc-S2</value>
      </geocode>
    </area>
    <area>
      <areaDesc>Serchio-Costa</areaDesc>
      <geocode>
        <valueName>Zona di Allerta</valueName>
        <value>Tosc-S3</value>
      </geocode>
    </area>
    <area>
      <areaDesc>Versilia</areaDesc>
      <geocode>
        <valueName>Zona di Allerta</valueName>
        <value>Tosc-V</value>
      </geocode>
    </area>
    <area>
      <areaDesc>Serchio-Garfagnana-Lima</areaDesc>
      <geocode>
        <valueName>Zona di Allerta</valueName>
        <value>Tosc-S1</value>
      </geocode>
    </area>
    <area>
      <areaDesc>Mugello-Val di Sieve</areaDesc>
      <geocode>
        <valueName>Zona di Allerta</valueName>
        <value>Tosc-M</value>
      </geocode>
    </area>
  </info>
<ds:Signature xmlns:ds="http://www.w3.org/2000/09/xmldsig#" Id="Signer-T-1705502191213"><ds:SignedInfo><ds:CanonicalizationMethod Algorithm="http://www.w3.org/2006/12/xml-c14n11#WithComments"/><ds:SignatureMethod Algorithm="http://www.w3.org/2001/04/xmldsig-more#rsa-sha256"/><ds:Reference Id="r-doc-Signer-T-1705502191213" URI=""><ds:Transforms><ds:Transform Algorithm="http://www.w3.org/2002/06/xmldsig-filter2"><XPath xmlns="http://www.w3.org/2002/06/xmldsig-filter2" Filter="subtract">/descendant::ds:Signature</XPath></ds:Transform></ds:Transforms><ds:DigestMethod Algorithm="http://www.w3.org/2001/04/xmlenc#sha256"/><ds:DigestValue>pUUjYZigv+LN0pdlY1rDz05WtRxc4w7VmIXWPy+GZmw=</ds:DigestValue></ds:Reference><ds:Reference Type="http://uri.etsi.org/01903#SignedProperties" URI="#SignedProperties-Signer-T-1705502191213"><ds:DigestMethod Algorithm="http://www.w3.org/2001/04/xmlenc#sha256"/><ds:DigestValue>u7EVMqkdy2y5tSAFfmBl+HKs92xgRb2IO/+hpViufys=</ds:DigestValue></ds:Reference><ds:Reference Id="r-keyinfo-Signer-T-1705502191213" URI="#KeyInfo-Signer-T-1705502191213"><ds:DigestMethod Algorithm="http://www.w3.org/2001/04/xmlenc#sha256"/><ds:DigestValue>Cx+uF6VkqR5ZwfMIxpNj2QxSYXCMr/vS03FF2Al4qeM=</ds:DigestValue></ds:Reference></ds:SignedInfo><ds:SignatureValue Id="SignatureValue-Signer-T-1705502191213">fss3y6jVrsaX1ME1R6M5xSTrN9VrVcTKKFU4AIeuS5D+7vMe/d139hAWEE26ToAFHIHAz3DrIPNw&#13;
1l/UablRe7W8WLE25bP0sYQQPMNX40QiQyM5tnysG+3hDh+Jd/EGVJoQCIhAgo7lm+2495k3SHGF&#13;
dMoBbYr2Btc1Dt3De9xE6BC8YbjqX3shCJG1Xj1klvt7nrz4qGGmIZpHJlLMVqa7BWa9jlCwC0Kr&#13;
O5nYzZFGFmeCJO22LGFgLLOL++eMCD0Y2d7GlMt2JdBQoHo9LKpU68gK+OVWLZj9waSiwP1uMA4A&#13;
FSwhLWqF5yjxVPZ2Agwkl3CrjFORQyO/yHkmhg==</ds:SignatureValue><ds:KeyInfo Id="KeyInfo-Signer-T-1705502191213"><ds:X509Data><ds:X509Certificate>MIIHNjCCBR6gAwIBAgIIYZfCRrwLKqcwDQYJKoZIhvcNAQELBQAwgbIxCzAJBgNVBAYTAklUMQ8w&#13;
DQYDVQQHDAZBcmV6em8xGDAWBgNVBAoMD0FydWJhUEVDIFMucC5BLjEaMBgGA1UEYQwRVkFUSVQt&#13;
MDE4NzkwMjA1MTcxKTAnBgNVBAsMIFF1YWxpZmllZCBUcnVzdCBTZXJ2aWNlIFByb3ZpZGVyMTEw&#13;
LwYDVQQDDChBcnViYVBFQyBFVSBRdWFsaWZpZWQgQ2VydGlmaWNhdGVzIENBIEcxMB4XDTIyMDIy&#13;
NDAxMDMyM1oXDTI0MDUxMDE2NTYyM1owgZkxCzAJBgNVBAYTAklUMREwDwYDVQQEDAhQYWdsaWFy&#13;
YTEWMBQGA1UEKgwNUGFvbGEgQ2FybWVsYTEfMB0GA1UEBRMWVElOSVQtUEdMUENSNTlMNjRENjQz&#13;
UTEfMB0GA1UEAwwWUGFvbGEgQ2FybWVsYSBQYWdsaWFyYTEdMBsGA1UELhMUV1NSRUYtOTA3MjAw&#13;
MDE3OTk2NjcwggEiMA0GCSqGSIb3DQEBAQUAA4IBDwAwggEKAoIBAQDRVoPhr2taxdJJEkr7D/eF&#13;
2wWFKA12BYPnbotmyUx8KIj+HOR0LfTsxRkZ6vshVIvNB7V7j6vcEq0zlPY1jzJz3+V7h0ozIaMY&#13;
qMXy8ovUv25kjUSaRymZXAoLBE18svjvVoxGvd3YLLzG9m+ck3QbuX520scv90ZuDFiPZ/9adZ+H&#13;
qEf1IEPWOE/KPrd9HkD6GKtmlCYtg5tW7NGehP8wnYq6n0RO4om1p8GkWD6C3Lo7viY3DoNLWcQx&#13;
xfE9UTPRsVmT6z1pAI7DAnTVkxXNSMcYZE2J7gbC6PMTtzPp30NRnhkeafBQr8QdVjDUIjpOe/A0&#13;
4xjy45yEmL05fgm5AgMBAAGjggJlMIICYTB/BggrBgEFBQcBAQRzMHEwOAYIKwYBBQUHMAKGLGh0&#13;
dHA6Ly9jYWNlcnQucGVjLml0L2NlcnRzL2FydWJhcGVjLWVpZGFzLWcxMDUGCCsGAQUFBzABhilo&#13;
dHRwOi8vb2NzcDAxLnBlYy5pdC92YS9hcnViYXBlYy1laWRhcy1nMTAdBgNVHQ4EFgQU/6aewR/A&#13;
0X0F6kEd8/NHMI+NaLgwHwYDVR0jBBgwFoAUxm87hXvRJrF4mkKkJWkM9v96oGcwGwYDVR0SBBQw&#13;
EoEQaW5mb0BhcnViYXBlYy5pdDCBvwYIKwYBBQUHAQMEgbIwga8wCAYGBACORgEBMAsGBgQAjkYB&#13;
AwIBFDAIBgYEAI5GAQQwgYsGBgQAjkYBBTCBgDA+FjhodHRwczovL3d3dy5wZWMuaXQvcmVwb3Np&#13;
dG9yeS9hcnViYXBlYy1xdWFsaWYtcGRzLWl0LnBkZhMCaXQwPhY4aHR0cHM6Ly93d3cucGVjLml0&#13;
L3JlcG9zaXRvcnkvYXJ1YmFwZWMtcXVhbGlmLXBkcy1lbi5wZGYTAmVuMHAGA1UdIARpMGcwCQYH&#13;
BACL7EABAjBSBgsrBgEEAYHoLQEHAjBDMEEGCCsGAQUFBwIBFjVodHRwczovL3d3dy5wZWMuaXQv&#13;
cmVwb3NpdG9yeS9hcnViYXBlYy1xdWFsaWYtY3BzLnBkZjAGBgQrTBAGMD0GA1UdHwQ2MDQwMqAw&#13;
oC6GLGh0dHA6Ly9jcmwwMS5wZWMuaXQvdmEvYXJ1YmFwZWMtZWlkYXMtZzEvY3JsMA4GA1UdDwEB&#13;
/wQEAwIGQDANBgkqhkiG9w0BAQsFAAOCAgEAZgH9AQkGJQETjz+GC7CWTOIJ8/j162bdh/CEU+y+&#13;
9eQabs6N/xdxFWp/MVHbceUhpA26XvfLOqEKl8D8lfAk39KMSoIgXSicut2WDoFubm0N8it13Dct&#13;
rBrYPXVXIYcT7KENyHnhTyfYDL/bnDMpjk90PhdjohKl/BXoCRI7nWh3bzrG1pz7CKxg1BdzswnF&#13;
akghTygUNUCzmMpeNKaTMoucAmPfqxUDaPFEiZX1/gzcOEsh87hQfDKHLHUqnr4dF08mvONMWeHe&#13;
sEzE1amSZyiT3G9KeIxXx+H4ZdzANtEWdXfK7mdeXg2dqm1ZuY6znlSk7S7M+3/B1FuVfWMJuASc&#13;
JnJspX7Uw5dgyTNt5X7bh3eGaGIeoQeWVgZXHcWBv/I5Vg6Rf0DsPHYzecmeMVNZu6BDkESYDirb&#13;
9cOt9rYE9JJA97ijYoyJjxQeaa1NSUXOS+Dhd9X48VZlgUgXY1KWmOeIwLMfB+zh9aa0sAbC+hE9&#13;
B3xVGHFH+2PPXD8kguefdnEAwQT1F1NRpjlcQEOdUbi1k6hiAUEsDnPVJWeYkdwl5dX6hugqS0kI&#13;
GiAIzrrdX90DRN0oq8S+JHXIYYajt6BM9kgwUmSs4LWj22mIlD+A6LNGH8YTcKXWrzWhmGIbCPxR&#13;
IPCCrhCQ6Td+DHaRkVXe4HSjRlYI/xFekFs=</ds:X509Certificate></ds:X509Data></ds:KeyInfo><ds:Object><xades:QualifyingProperties xmlns:xades="http://uri.etsi.org/01903/v1.3.2#" Target="#Signer-T-1705502191213">
		<xades:SignedProperties Id="SignedProperties-Signer-T-1705502191213">
			<xades:SignedSignatureProperties>
				<xades:SigningTime>2024-01-17T15:36:31+01:00</xades:SigningTime>
				<xades:SigningCertificate>
					<xades:Cert>
						<xades:CertDigest>
							<ds:DigestMethod Algorithm="http://www.w3.org/2001/04/xmlenc#sha256"/>
							<ds:DigestValue>zWWxr0kf/D3zdicNEDBWjldEbLuc3Ay+3zbo2BCsnoE=</ds:DigestValue>
						</xades:CertDigest>
						<xades:IssuerSerial><ds:X509IssuerName>CN=ArubaPEC EU Qualified Certificates CA G1,OU=Qualified Trust Service Provider,2.5.4.97=#0c1156415449542d3031383739303230353137,O=ArubaPEC S.p.A.,L=Arezzo,C=IT</ds:X509IssuerName><ds:X509SerialNumber>7032302952220666535</ds:X509SerialNumber></xades:IssuerSerial>
					</xades:Cert>
				</xades:SigningCertificate>
			</xades:SignedSignatureProperties>
		
			<xades:SignedDataObjectProperties>
				<xades:DataObjectFormat ObjectReference="#r-doc-Signer-T-1705502191213">
					<xades:MimeType>text/xml</xades:MimeType>
				</xades:DataObjectFormat>
			
				<xades:DataObjectFormat ObjectReference="#r-keyinfo-Signer-T-1705502191213">
					<xades:MimeType>text/xml</xades:MimeType>
				</xades:DataObjectFormat>
			</xades:SignedDataObjectProperties>
		</xades:SignedProperties>
	</xades:QualifyingProperties></ds:Object></ds:Signature></alert>