<?xml version='1.0' encoding='UTF-8'?>
<alert xmlns="urn:oasis:names:tc:emergency:cap:1.2">
  <identifier>DPC_BULLETIN_2022_03_13_63560</identifier>
  <sender>2.49.0.0.380.1</sender>
  <sent>2022-03-13T14:55:00+01:00</sent>
  <status>Actual</status>
  <msgType>Alert</msgType>
  <scope>Public</scope>
  <note>Regione Basilicata: la criticità per il rischio idraulico previsionale è valutata ORDINARIA con livello di allerta GIALLO, per i Comuni a valle delle dighe di Acerenza e San Giuliano, previsti dai relativi Documenti di Protezione Civile (Comuni interessati: Acerenza, Genzano di Lucania, Oppido Lucano,
Irsina, Matera, Miglionico, Montescaglioso, Bernalda).</note>
  <note2>Regione Basilicata: la criticità per il rischio idraulico previsionale è valutata ORDINARIA con livello di allerta GIALLO, per i Comuni a valle delle dighe di Acerenza e San Giuliano, previsti dai relativi Documenti di Protezione Civile (Comuni interessati: Acerenza, Genzano di Lucania, Oppido Lucano,
Irsina, Matera, Miglionico, Montescaglioso, Bernalda).</note2>
</alert>
