<?xml version='1.0' encoding='UTF-8'?>
<alert xmlns="urn:oasis:names:tc:emergency:cap:1.2">
  <identifier>DPC_BULLETTIN_2019_09_01_28218</identifier>
  <sender>2.49.0.0.380.1</sender>
  <sent>2019-09-01T15:19:00+02:00</sent>
  <status>Actual</status>
  <msgType>Alert</msgType>
  <scope>Public</scope>
  <note>Per la Provincia Autonoma di Bolzano il bollettino riguarda solo la valutazione del rischio idrogeologico e idraulico, non essendo ancora il rischio temporali oggetto di valutazione secondo le Indicazioni Operative del Capo Dipartimento della Protezione Civile del 10 febbraio 2016;
Regione Basilicata: come disposto con nota prot. N. 56425/24AF del 01/04/2019, per l’area della frana di Pomarico, di cui all’O.C.D.P.C. n. 578 del 21/02/2019, i livelli di allerta previsionali vanno incrementati di un ordine, pertanto, data come allerta minima GIALLA, in caso di situazione previsionale per BASI B ed E2 gialla, per l’area frana di Pomarico il livello di allerta corrispondente sarà ARANCIONE; per situazione previsionale per BASI B ed E2 arancione, il livello di allerta corrispondente sarà ROSSO;
Regione Campania: le criticità di oggi sono da intendersi fino alle ore 22.00;
Regione Lombardia: la criticità gialla per temporali su IM-04 (Laghi e Prealpi varesine), IM-05 (Lario e Prealpi occidentali), IM-09 (Nodo idraulico di Milano), IM-10 (Pianura centrale), sono da intendersi dalle ore 20.00 di oggi, la criticità gialla per rischio idrogeologico su IM-05 (Lario e Prealpi occidentali) è da intendersi dalle ore 20.00 di oggi, la criticità gialla per rischio idraulico su IM-09 (Nodo idraulico di Milano) è da intendersi dalle ore 20.00 di oggi;
Regione Toscana: le criticità di oggi sono da intendersi fino alle ore 21.00.</note>
  <info>
    <category>Met</category>
    <event>ORDINARIA CRITICITA' PER RISCHIO IDRAULICO / ALLERTA GIALLA:</event>
    <responseType>Prepare</responseType>
    <urgency>Expected</urgency>
    <severity>Moderate</severity>
    <certainty>Likely</certainty>
    <onset>2019-09-01T12:00:00+02:00</onset>
    <expires>2019-09-01T23:59:59+02:00</expires>
    <senderName>DIPARTIMENTO DI PROTEZIONE CIVILE</senderName>
    <description>all_GIALLA PER OGGI SU:</description>
    <area>
      <areaDesc>Nodo idraulico di Milano</areaDesc>
      <geocode>
        <valueName>Zona di Allerta</valueName>
        <value>Lomb-09</value>
      </geocode>
    </area>
    <area>
      <areaDesc>Nord-Occidentale e isole Egadi e Ustica</areaDesc>
      <geocode>
        <valueName>Zona di Allerta</valueName>
        <value>Sici-C</value>
      </geocode>
    </area>
    <area>
      <areaDesc>Sud-Occidentale e isola di Pantelleria</areaDesc>
      <geocode>
        <valueName>Zona di Allerta</valueName>
        <value>Sici-D</value>
      </geocode>
    </area>
    <area>
      <areaDesc>Centro-Meridionale e isole Pelagie</areaDesc>
      <geocode>
        <valueName>Zona di Allerta</valueName>
        <value>Sici-E</value>
      </geocode>
    </area>
  </info>
  <info>
    <category>Met</category>
    <event>ORDINARIA CRITICITA' PER RISCHIO TEMPORALI / ALLERTA GIALLA:</event>
    <responseType>Prepare</responseType>
    <urgency>Expected</urgency>
    <severity>Moderate</severity>
    <certainty>Likely</certainty>
    <onset>2019-09-01T12:00:00+02:00</onset>
    <expires>2019-09-01T23:59:59+02:00</expires>
    <senderName>DIPARTIMENTO DI PROTEZIONE CIVILE</senderName>
    <description>all_GIALLA PER OGGI SU:</description>
    <area>
      <areaDesc>Marsica</areaDesc>
      <geocode>
        <valueName>Zona di Allerta</valueName>
        <value>Abru-E</value>
      </geocode>
    </area>
    <area>
      <areaDesc>Bacino dell'Aterno</areaDesc>
      <geocode>
        <valueName>Zona di Allerta</valueName>
        <value>Abru-B</value>
      </geocode>
    </area>
    <area>
      <areaDesc>Bacino Alto del Sangro</areaDesc>
      <geocode>
        <valueName>Zona di Allerta</valueName>
        <value>Abru-D1</value>
      </geocode>
    </area>
    <area>
      <areaDesc>Basi-C</areaDesc>
      <geocode>
        <valueName>Zona di Allerta</valueName>
        <value>Basi-C</value>
      </geocode>
    </area>
    <area>
      <areaDesc>Basi-D</areaDesc>
      <geocode>
        <valueName>Zona di Allerta</valueName>
        <value>Basi-D</value>
      </geocode>
    </area>
    <area>
      <areaDesc>Basi-B</areaDesc>
      <geocode>
        <valueName>Zona di Allerta</valueName>
        <value>Basi-B</value>
      </geocode>
    </area>
    <area>
      <areaDesc>Basi-A1</areaDesc>
      <geocode>
        <valueName>Zona di Allerta</valueName>
        <value>Basi-A1</value>
      </geocode>
    </area>
    <area>
      <areaDesc>Basi-A2</areaDesc>
      <geocode>
        <valueName>Zona di Allerta</valueName>
        <value>Basi-A2</value>
      </geocode>
    </area>
    <area>
      <areaDesc>Basi-E2</areaDesc>
      <geocode>
        <valueName>Zona di Allerta</valueName>
        <value>Basi-E2</value>
      </geocode>
    </area>
    <area>
      <areaDesc>Basi-E1</areaDesc>
      <geocode>
        <valueName>Zona di Allerta</valueName>
        <value>Basi-E1</value>
      </geocode>
    </area>
    <area>
      <areaDesc>Versante Jonico Centro-settentrionale</areaDesc>
      <geocode>
        <valueName>Zona di Allerta</valueName>
        <value>Cala-6</value>
      </geocode>
    </area>
    <area>
      <areaDesc>Versante Jonico Settentrionale</areaDesc>
      <geocode>
        <valueName>Zona di Allerta</valueName>
        <value>Cala-5</value>
      </geocode>
    </area>
    <area>
      <areaDesc>Versante Tirrenico Settentrionale</areaDesc>
      <geocode>
        <valueName>Zona di Allerta</valueName>
        <value>Cala-1</value>
      </geocode>
    </area>
    <area>
      <areaDesc>Versante Tirrenico Centro-settentrionale</areaDesc>
      <geocode>
        <valueName>Zona di Allerta</valueName>
        <value>Cala-2</value>
      </geocode>
    </area>
    <area>
      <areaDesc>Versante Jonico Meridionale</areaDesc>
      <geocode>
        <valueName>Zona di Allerta</valueName>
        <value>Cala-8</value>
      </geocode>
    </area>
    <area>
      <areaDesc>Versante Tirrenico Meridionale</areaDesc>
      <geocode>
        <valueName>Zona di Allerta</valueName>
        <value>Cala-4</value>
      </geocode>
    </area>
    <area>
      <areaDesc>Versante Tirrenico Centro-meridionale</areaDesc>
      <geocode>
        <valueName>Zona di Allerta</valueName>
        <value>Cala-3</value>
      </geocode>
    </area>
    <area>
      <areaDesc>Versante Jionico Centro-meridionale</areaDesc>
      <geocode>
        <valueName>Zona di Allerta</valueName>
        <value>Cala-7</value>
      </geocode>
    </area>
    <area>
      <areaDesc>Alta Irpinia e Sannio</areaDesc>
      <geocode>
        <valueName>Zona di Allerta</valueName>
        <value>Camp-4</value>
      </geocode>
    </area>
    <area>
      <areaDesc>Piana Sele e Alto Cilento</areaDesc>
      <geocode>
        <valueName>Zona di Allerta</valueName>
        <value>Camp-6</value>
      </geocode>
    </area>
    <area>
      <areaDesc>Penisola sorrentino-amalfitana, Monti di Sarno e Monti Picentini</areaDesc>
      <geocode>
        <valueName>Zona di Allerta</valueName>
        <value>Camp-3</value>
      </geocode>
    </area>
    <area>
      <areaDesc>Tanagro</areaDesc>
      <geocode>
        <valueName>Zona di Allerta</valueName>
        <value>Camp-7</value>
      </geocode>
    </area>
    <area>
      <areaDesc>Basso Cilento</areaDesc>
      <geocode>
        <valueName>Zona di Allerta</valueName>
        <value>Camp-8</value>
      </geocode>
    </area>
    <area>
      <areaDesc>Alto Volturno e Matese</areaDesc>
      <geocode>
        <valueName>Zona di Allerta</valueName>
        <value>Camp-2</value>
      </geocode>
    </area>
    <area>
      <areaDesc>Piana campana, Napoli, Isole e Area vesuviana</areaDesc>
      <geocode>
        <valueName>Zona di Allerta</valueName>
        <value>Camp-1</value>
      </geocode>
    </area>
    <area>
      <areaDesc>Tusciano e Alto Sele</areaDesc>
      <geocode>
        <valueName>Zona di Allerta</valueName>
        <value>Camp-5</value>
      </geocode>
    </area>
    <area>
      <areaDesc>Appennino di Rieti</areaDesc>
      <geocode>
        <valueName>Zona di Allerta</valueName>
        <value>Lazi-C</value>
      </geocode>
    </area>
    <area>
      <areaDesc>Bacino del Liri</areaDesc>
      <geocode>
        <valueName>Zona di Allerta</valueName>
        <value>Lazi-G</value>
      </geocode>
    </area>
    <area>
      <areaDesc>Aniene</areaDesc>
      <geocode>
        <valueName>Zona di Allerta</valueName>
        <value>Lazi-E</value>
      </geocode>
    </area>
    <area>
      <areaDesc>Bacino Medio Tevere</areaDesc>
      <geocode>
        <valueName>Zona di Allerta</valueName>
        <value>Lazi-B</value>
      </geocode>
    </area>
    <area>
      <areaDesc>Bacini Costieri Sud</areaDesc>
      <geocode>
        <valueName>Zona di Allerta</valueName>
        <value>Lazi-F</value>
      </geocode>
    </area>
    <area>
      <areaDesc>Lario e Prealpi occidentali</areaDesc>
      <geocode>
        <valueName>Zona di Allerta</valueName>
        <value>Lomb-05</value>
      </geocode>
    </area>
    <area>
      <areaDesc>Pianura centrale</areaDesc>
      <geocode>
        <valueName>Zona di Allerta</valueName>
        <value>Lomb-10</value>
      </geocode>
    </area>
    <area>
      <areaDesc>Laghi e Prealpi Varesine</areaDesc>
      <geocode>
        <valueName>Zona di Allerta</valueName>
        <value>Lomb-04</value>
      </geocode>
    </area>
    <area>
      <areaDesc>Nodo idraulico di Milano</areaDesc>
      <geocode>
        <valueName>Zona di Allerta</valueName>
        <value>Lomb-09</value>
      </geocode>
    </area>
    <area>
      <areaDesc>Litoranea</areaDesc>
      <geocode>
        <valueName>Zona di Allerta</valueName>
        <value>Moli-C</value>
      </geocode>
    </area>
    <area>
      <areaDesc>Alto Volturno - Medio Sangro</areaDesc>
      <geocode>
        <valueName>Zona di Allerta</valueName>
        <value>Moli-A</value>
      </geocode>
    </area>
    <area>
      <areaDesc>Frentani - Sannio - Matese</areaDesc>
      <geocode>
        <valueName>Zona di Allerta</valueName>
        <value>Moli-B</value>
      </geocode>
    </area>
    <area>
      <areaDesc>Puglia Centrale Bradanica</areaDesc>
      <geocode>
        <valueName>Zona di Allerta</valueName>
        <value>Pugl-F</value>
      </geocode>
    </area>
    <area>
      <areaDesc>Basso Ofanto</areaDesc>
      <geocode>
        <valueName>Zona di Allerta</valueName>
        <value>Pugl-G</value>
      </geocode>
    </area>
    <area>
      <areaDesc>Sub-Appennino Dauno</areaDesc>
      <geocode>
        <valueName>Zona di Allerta</valueName>
        <value>Pugl-H</value>
      </geocode>
    </area>
    <area>
      <areaDesc>Gallura</areaDesc>
      <geocode>
        <valueName>Zona di Allerta</valueName>
        <value>Sard-F</value>
      </geocode>
    </area>
    <area>
      <areaDesc>Bacini Montevecchio - Pischilappiu</areaDesc>
      <geocode>
        <valueName>Zona di Allerta</valueName>
        <value>Sard-C</value>
      </geocode>
    </area>
    <area>
      <areaDesc>Bacino del Tirso</areaDesc>
      <geocode>
        <valueName>Zona di Allerta</valueName>
        <value>Sard-E</value>
      </geocode>
    </area>
    <area>
      <areaDesc>Bacini Flumendosa - Flumineddu</areaDesc>
      <geocode>
        <valueName>Zona di Allerta</valueName>
        <value>Sard-D</value>
      </geocode>
    </area>
    <area>
      <areaDesc>Iglesiente</areaDesc>
      <geocode>
        <valueName>Zona di Allerta</valueName>
        <value>Sard-A</value>
      </geocode>
    </area>
    <area>
      <areaDesc>Campidano</areaDesc>
      <geocode>
        <valueName>Zona di Allerta</valueName>
        <value>Sard-B</value>
      </geocode>
    </area>
    <area>
      <areaDesc>Logudoro</areaDesc>
      <geocode>
        <valueName>Zona di Allerta</valueName>
        <value>Sard-G</value>
      </geocode>
    </area>
    <area>
      <areaDesc>Nord-Occidentale e isole Egadi e Ustica</areaDesc>
      <geocode>
        <valueName>Zona di Allerta</valueName>
        <value>Sici-C</value>
      </geocode>
    </area>
    <area>
      <areaDesc>Centro-Settentrionale, versante tirrenico</areaDesc>
      <geocode>
        <valueName>Zona di Allerta</valueName>
        <value>Sici-B</value>
      </geocode>
    </area>
    <area>
      <areaDesc>Sud-Occidentale e isola di Pantelleria</areaDesc>
      <geocode>
        <valueName>Zona di Allerta</valueName>
        <value>Sici-D</value>
      </geocode>
    </area>
    <area>
      <areaDesc>Nord-Orientale, versante tirrenico e isole Eolie</areaDesc>
      <geocode>
        <valueName>Zona di Allerta</valueName>
        <value>Sici-A</value>
      </geocode>
    </area>
    <area>
      <areaDesc>Centro-Meridionale e isole Pelagie</areaDesc>
      <geocode>
        <valueName>Zona di Allerta</valueName>
        <value>Sici-E</value>
      </geocode>
    </area>
    <area>
      <areaDesc>Nord-Orientale, versante ionico</areaDesc>
      <geocode>
        <valueName>Zona di Allerta</valueName>
        <value>Sici-I</value>
      </geocode>
    </area>
    <area>
      <areaDesc>Sud-Orientale, versante Stretto di Sicilia</areaDesc>
      <geocode>
        <valueName>Zona di Allerta</valueName>
        <value>Sici-F</value>
      </geocode>
    </area>
    <area>
      <areaDesc>Sud-Orientale, versante ionico</areaDesc>
      <geocode>
        <valueName>Zona di Allerta</valueName>
        <value>Sici-G</value>
      </geocode>
    </area>
    <area>
      <areaDesc>Bacino del Fiume Simeto</areaDesc>
      <geocode>
        <valueName>Zona di Allerta</valueName>
        <value>Sici-H</value>
      </geocode>
    </area>
    <area>
      <areaDesc>Mugello-Val di Sieve</areaDesc>
      <geocode>
        <valueName>Zona di Allerta</valueName>
        <value>Tosc-M</value>
      </geocode>
    </area>
    <area>
      <areaDesc>Reno</areaDesc>
      <geocode>
        <valueName>Zona di Allerta</valueName>
        <value>Tosc-R1</value>
      </geocode>
    </area>
    <area>
      <areaDesc>Valdichiana</areaDesc>
      <geocode>
        <valueName>Zona di Allerta</valueName>
        <value>Tosc-C</value>
      </geocode>
    </area>
    <area>
      <areaDesc>Bisenzio e Ombrone Pt</areaDesc>
      <geocode>
        <valueName>Zona di Allerta</valueName>
        <value>Tosc-B</value>
      </geocode>
    </area>
    <area>
      <areaDesc>Romagna-Toscana</areaDesc>
      <geocode>
        <valueName>Zona di Allerta</valueName>
        <value>Tosc-R2</value>
      </geocode>
    </area>
    <area>
      <areaDesc>Valtiberina</areaDesc>
      <geocode>
        <valueName>Zona di Allerta</valueName>
        <value>Tosc-T</value>
      </geocode>
    </area>
    <area>
      <areaDesc>Arno-Casentino</areaDesc>
      <geocode>
        <valueName>Zona di Allerta</valueName>
        <value>Tosc-A1</value>
      </geocode>
    </area>
    <area>
      <areaDesc>Arno-Firenze</areaDesc>
      <geocode>
        <valueName>Zona di Allerta</valueName>
        <value>Tosc-A3</value>
      </geocode>
    </area>
    <area>
      <areaDesc>Arno-Valdarno Sup.</areaDesc>
      <geocode>
        <valueName>Zona di Allerta</valueName>
        <value>Tosc-A2</value>
      </geocode>
    </area>
    <area>
      <areaDesc>Alto Tevere</areaDesc>
      <geocode>
        <valueName>Zona di Allerta</valueName>
        <value>Umbr-A</value>
      </geocode>
    </area>
    <area>
      <areaDesc>Chiascio - Topino</areaDesc>
      <geocode>
        <valueName>Zona di Allerta</valueName>
        <value>Umbr-C</value>
      </geocode>
    </area>
    <area>
      <areaDesc>Medio Tevere</areaDesc>
      <geocode>
        <valueName>Zona di Allerta</valueName>
        <value>Umbr-B</value>
      </geocode>
    </area>
    <area>
      <areaDesc>Chiani - Paglia</areaDesc>
      <geocode>
        <valueName>Zona di Allerta</valueName>
        <value>Umbr-F</value>
      </geocode>
    </area>
    <area>
      <areaDesc>Trasimeno - Nestore</areaDesc>
      <geocode>
        <valueName>Zona di Allerta</valueName>
        <value>Umbr-E</value>
      </geocode>
    </area>
    <area>
      <areaDesc>Nera - Corno</areaDesc>
      <geocode>
        <valueName>Zona di Allerta</valueName>
        <value>Umbr-D</value>
      </geocode>
    </area>
  </info>
  <info>
    <category>Met</category>
    <event>ORDINARIA CRITICITA' PER RISCHIO IDROGEOLOGICO / ALLERTA GIALLA:</event>
    <responseType>Prepare</responseType>
    <urgency>Expected</urgency>
    <severity>Moderate</severity>
    <certainty>Likely</certainty>
    <onset>2019-09-01T12:00:00+02:00</onset>
    <expires>2019-09-01T23:59:59+02:00</expires>
    <senderName>DIPARTIMENTO DI PROTEZIONE CIVILE</senderName>
    <description>all_GIALLA PER OGGI SU:</description>
    <area>
      <areaDesc>Marsica</areaDesc>
      <geocode>
        <valueName>Zona di Allerta</valueName>
        <value>Abru-E</value>
      </geocode>
    </area>
    <area>
      <areaDesc>Bacino dell'Aterno</areaDesc>
      <geocode>
        <valueName>Zona di Allerta</valueName>
        <value>Abru-B</value>
      </geocode>
    </area>
    <area>
      <areaDesc>Bacino Alto del Sangro</areaDesc>
      <geocode>
        <valueName>Zona di Allerta</valueName>
        <value>Abru-D1</value>
      </geocode>
    </area>
    <area>
      <areaDesc>Basi-C</areaDesc>
      <geocode>
        <valueName>Zona di Allerta</valueName>
        <value>Basi-C</value>
      </geocode>
    </area>
    <area>
      <areaDesc>Basi-D</areaDesc>
      <geocode>
        <valueName>Zona di Allerta</valueName>
        <value>Basi-D</value>
      </geocode>
    </area>
    <area>
      <areaDesc>Basi-B</areaDesc>
      <geocode>
        <valueName>Zona di Allerta</valueName>
        <value>Basi-B</value>
      </geocode>
    </area>
    <area>
      <areaDesc>Basi-A1</areaDesc>
      <geocode>
        <valueName>Zona di Allerta</valueName>
        <value>Basi-A1</value>
      </geocode>
    </area>
    <area>
      <areaDesc>Basi-A2</areaDesc>
      <geocode>
        <valueName>Zona di Allerta</valueName>
        <value>Basi-A2</value>
      </geocode>
    </area>
    <area>
      <areaDesc>Basi-E2</areaDesc>
      <geocode>
        <valueName>Zona di Allerta</valueName>
        <value>Basi-E2</value>
      </geocode>
    </area>
    <area>
      <areaDesc>Basi-E1</areaDesc>
      <geocode>
        <valueName>Zona di Allerta</valueName>
        <value>Basi-E1</value>
      </geocode>
    </area>
    <area>
      <areaDesc>Versante Jonico Centro-settentrionale</areaDesc>
      <geocode>
        <valueName>Zona di Allerta</valueName>
        <value>Cala-6</value>
      </geocode>
    </area>
    <area>
      <areaDesc>Versante Jonico Settentrionale</areaDesc>
      <geocode>
        <valueName>Zona di Allerta</valueName>
        <value>Cala-5</value>
      </geocode>
    </area>
    <area>
      <areaDesc>Versante Tirrenico Settentrionale</areaDesc>
      <geocode>
        <valueName>Zona di Allerta</valueName>
        <value>Cala-1</value>
      </geocode>
    </area>
    <area>
      <areaDesc>Versante Tirrenico Centro-settentrionale</areaDesc>
      <geocode>
        <valueName>Zona di Allerta</valueName>
        <value>Cala-2</value>
      </geocode>
    </area>
    <area>
      <areaDesc>Versante Jonico Meridionale</areaDesc>
      <geocode>
        <valueName>Zona di Allerta</valueName>
        <value>Cala-8</value>
      </geocode>
    </area>
    <area>
      <areaDesc>Versante Tirrenico Meridionale</areaDesc>
      <geocode>
        <valueName>Zona di Allerta</valueName>
        <value>Cala-4</value>
      </geocode>
    </area>
    <area>
      <areaDesc>Versante Tirrenico Centro-meridionale</areaDesc>
      <geocode>
        <valueName>Zona di Allerta</valueName>
        <value>Cala-3</value>
      </geocode>
    </area>
    <area>
      <areaDesc>Versante Jionico Centro-meridionale</areaDesc>
      <geocode>
        <valueName>Zona di Allerta</valueName>
        <value>Cala-7</value>
      </geocode>
    </area>
    <area>
      <areaDesc>Lario e Prealpi occidentali</areaDesc>
      <geocode>
        <valueName>Zona di Allerta</valueName>
        <value>Lomb-05</value>
      </geocode>
    </area>
    <area>
      <areaDesc>Puglia Centrale Bradanica</areaDesc>
      <geocode>
        <valueName>Zona di Allerta</valueName>
        <value>Pugl-F</value>
      </geocode>
    </area>
    <area>
      <areaDesc>Basso Ofanto</areaDesc>
      <geocode>
        <valueName>Zona di Allerta</valueName>
        <value>Pugl-G</value>
      </geocode>
    </area>
    <area>
      <areaDesc>Sub-Appennino Dauno</areaDesc>
      <geocode>
        <valueName>Zona di Allerta</valueName>
        <value>Pugl-H</value>
      </geocode>
    </area>
    <area>
      <areaDesc>Nord-Occidentale e isole Egadi e Ustica</areaDesc>
      <geocode>
        <valueName>Zona di Allerta</valueName>
        <value>Sici-C</value>
      </geocode>
    </area>
    <area>
      <areaDesc>Centro-Settentrionale, versante tirrenico</areaDesc>
      <geocode>
        <valueName>Zona di Allerta</valueName>
        <value>Sici-B</value>
      </geocode>
    </area>
    <area>
      <areaDesc>Sud-Occidentale e isola di Pantelleria</areaDesc>
      <geocode>
        <valueName>Zona di Allerta</valueName>
        <value>Sici-D</value>
      </geocode>
    </area>
    <area>
      <areaDesc>Nord-Orientale, versante tirrenico e isole Eolie</areaDesc>
      <geocode>
        <valueName>Zona di Allerta</valueName>
        <value>Sici-A</value>
      </geocode>
    </area>
    <area>
      <areaDesc>Centro-Meridionale e isole Pelagie</areaDesc>
      <geocode>
        <valueName>Zona di Allerta</valueName>
        <value>Sici-E</value>
      </geocode>
    </area>
    <area>
      <areaDesc>Nord-Orientale, versante ionico</areaDesc>
      <geocode>
        <valueName>Zona di Allerta</valueName>
        <value>Sici-I</value>
      </geocode>
    </area>
    <area>
      <areaDesc>Sud-Orientale, versante Stretto di Sicilia</areaDesc>
      <geocode>
        <valueName>Zona di Allerta</valueName>
        <value>Sici-F</value>
      </geocode>
    </area>
    <area>
      <areaDesc>Sud-Orientale, versante ionico</areaDesc>
      <geocode>
        <valueName>Zona di Allerta</valueName>
        <value>Sici-G</value>
      </geocode>
    </area>
    <area>
      <areaDesc>Bacino del Fiume Simeto</areaDesc>
      <geocode>
        <valueName>Zona di Allerta</valueName>
        <value>Sici-H</value>
      </geocode>
    </area>
    <area>
      <areaDesc>Mugello-Val di Sieve</areaDesc>
      <geocode>
        <valueName>Zona di Allerta</valueName>
        <value>Tosc-M</value>
      </geocode>
    </area>
    <area>
      <areaDesc>Reno</areaDesc>
      <geocode>
        <valueName>Zona di Allerta</valueName>
        <value>Tosc-R1</value>
      </geocode>
    </area>
    <area>
      <areaDesc>Valdichiana</areaDesc>
      <geocode>
        <valueName>Zona di Allerta</valueName>
        <value>Tosc-C</value>
      </geocode>
    </area>
    <area>
      <areaDesc>Bisenzio e Ombrone Pt</areaDesc>
      <geocode>
        <valueName>Zona di Allerta</valueName>
        <value>Tosc-B</value>
      </geocode>
    </area>
    <area>
      <areaDesc>Romagna-Toscana</areaDesc>
      <geocode>
        <valueName>Zona di Allerta</valueName>
        <value>Tosc-R2</value>
      </geocode>
    </area>
    <area>
      <areaDesc>Valtiberina</areaDesc>
      <geocode>
        <valueName>Zona di Allerta</valueName>
        <value>Tosc-T</value>
      </geocode>
    </area>
    <area>
      <areaDesc>Arno-Casentino</areaDesc>
      <geocode>
        <valueName>Zona di Allerta</valueName>
        <value>Tosc-A1</value>
      </geocode>
    </area>
    <area>
      <areaDesc>Arno-Firenze</areaDesc>
      <geocode>
        <valueName>Zona di Allerta</valueName>
        <value>Tosc-A3</value>
      </geocode>
    </area>
    <area>
      <areaDesc>Arno-Valdarno Sup.</areaDesc>
      <geocode>
        <valueName>Zona di Allerta</valueName>
        <value>Tosc-A2</value>
      </geocode>
    </area>
  </info>
  <info>
    <category>Met</category>
    <event>MODERATA CRITICITA' PER RISCHIO TEMPORALI / ALLERTA ARANCIONE:</event>
    <responseType>Prepare</responseType>
    <urgency>Expected</urgency>
    <severity>Severe</severity>
    <certainty>Likely</certainty>
    <onset>2019-09-02T00:00:00+02:00</onset>
    <expires>2019-09-02T23:59:59+02:00</expires>
    <senderName>DIPARTIMENTO DI PROTEZIONE CIVILE</senderName>
    <description>all_ARANCIONE PER DOMANI SU:</description>
    <area>
      <areaDesc>Nord-Occidentale e isole Egadi e Ustica</areaDesc>
      <geocode>
        <valueName>Zona di Allerta</valueName>
        <value>Sici-C</value>
      </geocode>
    </area>
    <area>
      <areaDesc>Sud-Occidentale e isola di Pantelleria</areaDesc>
      <geocode>
        <valueName>Zona di Allerta</valueName>
        <value>Sici-D</value>
      </geocode>
    </area>
    <area>
      <areaDesc>Centro-Meridionale e isole Pelagie</areaDesc>
      <geocode>
        <valueName>Zona di Allerta</valueName>
        <value>Sici-E</value>
      </geocode>
    </area>
  </info>
  <info>
    <category>Met</category>
    <event>MODERATA CRITICITA' PER RISCHIO IDROGEOLOGICO / ALLERTA ARANCIONE:</event>
    <responseType>Prepare</responseType>
    <urgency>Expected</urgency>
    <severity>Severe</severity>
    <certainty>Likely</certainty>
    <onset>2019-09-02T00:00:00+02:00</onset>
    <expires>2019-09-02T23:59:59+02:00</expires>
    <senderName>DIPARTIMENTO DI PROTEZIONE CIVILE</senderName>
    <description>all_ARANCIONE PER DOMANI SU:</description>
    <area>
      <areaDesc>Nord-Occidentale e isole Egadi e Ustica</areaDesc>
      <geocode>
        <valueName>Zona di Allerta</valueName>
        <value>Sici-C</value>
      </geocode>
    </area>
    <area>
      <areaDesc>Sud-Occidentale e isola di Pantelleria</areaDesc>
      <geocode>
        <valueName>Zona di Allerta</valueName>
        <value>Sici-D</value>
      </geocode>
    </area>
    <area>
      <areaDesc>Centro-Meridionale e isole Pelagie</areaDesc>
      <geocode>
        <valueName>Zona di Allerta</valueName>
        <value>Sici-E</value>
      </geocode>
    </area>
  </info>
  <info>
    <category>Met</category>
    <event>ORDINARIA CRITICITA' PER RISCHIO IDRAULICO / ALLERTA GIALLA:</event>
    <responseType>Prepare</responseType>
    <urgency>Expected</urgency>
    <severity>Moderate</severity>
    <certainty>Likely</certainty>
    <onset>2019-09-02T00:00:00+02:00</onset>
    <expires>2019-09-02T23:59:59+02:00</expires>
    <senderName>DIPARTIMENTO DI PROTEZIONE CIVILE</senderName>
    <description>all_GIALLA PER DOMANI SU:</description>
    <area>
      <areaDesc>Nodo idraulico di Milano</areaDesc>
      <geocode>
        <valueName>Zona di Allerta</valueName>
        <value>Lomb-09</value>
      </geocode>
    </area>
    <area>
      <areaDesc>Nord-Occidentale e isole Egadi e Ustica</areaDesc>
      <geocode>
        <valueName>Zona di Allerta</valueName>
        <value>Sici-C</value>
      </geocode>
    </area>
    <area>
      <areaDesc>Sud-Occidentale e isola di Pantelleria</areaDesc>
      <geocode>
        <valueName>Zona di Allerta</valueName>
        <value>Sici-D</value>
      </geocode>
    </area>
    <area>
      <areaDesc>Centro-Meridionale e isole Pelagie</areaDesc>
      <geocode>
        <valueName>Zona di Allerta</valueName>
        <value>Sici-E</value>
      </geocode>
    </area>
  </info>
  <info>
    <category>Met</category>
    <event>ORDINARIA CRITICITA' PER RISCHIO TEMPORALI / ALLERTA GIALLA:</event>
    <responseType>Prepare</responseType>
    <urgency>Expected</urgency>
    <severity>Moderate</severity>
    <certainty>Likely</certainty>
    <onset>2019-09-02T00:00:00+02:00</onset>
    <expires>2019-09-02T23:59:59+02:00</expires>
    <senderName>DIPARTIMENTO DI PROTEZIONE CIVILE</senderName>
    <description>all_GIALLA PER DOMANI SU:</description>
    <area>
      <areaDesc>Bacino Basso del Sangro</areaDesc>
      <geocode>
        <valueName>Zona di Allerta</valueName>
        <value>Abru-D2</value>
      </geocode>
    </area>
    <area>
      <areaDesc>Marsica</areaDesc>
      <geocode>
        <valueName>Zona di Allerta</valueName>
        <value>Abru-E</value>
      </geocode>
    </area>
    <area>
      <areaDesc>Bacino del Pescara</areaDesc>
      <geocode>
        <valueName>Zona di Allerta</valueName>
        <value>Abru-C</value>
      </geocode>
    </area>
    <area>
      <areaDesc>Bacini Tordino Vomano</areaDesc>
      <geocode>
        <valueName>Zona di Allerta</valueName>
        <value>Abru-A</value>
      </geocode>
    </area>
    <area>
      <areaDesc>Bacino dell'Aterno</areaDesc>
      <geocode>
        <valueName>Zona di Allerta</valueName>
        <value>Abru-B</value>
      </geocode>
    </area>
    <area>
      <areaDesc>Bacino Alto del Sangro</areaDesc>
      <geocode>
        <valueName>Zona di Allerta</valueName>
        <value>Abru-D1</value>
      </geocode>
    </area>
    <area>
      <areaDesc>Basi-E1</areaDesc>
      <geocode>
        <valueName>Zona di Allerta</valueName>
        <value>Basi-E1</value>
      </geocode>
    </area>
    <area>
      <areaDesc>Basi-A2</areaDesc>
      <geocode>
        <valueName>Zona di Allerta</valueName>
        <value>Basi-A2</value>
      </geocode>
    </area>
    <area>
      <areaDesc>Basi-D</areaDesc>
      <geocode>
        <valueName>Zona di Allerta</valueName>
        <value>Basi-D</value>
      </geocode>
    </area>
    <area>
      <areaDesc>Basi-E2</areaDesc>
      <geocode>
        <valueName>Zona di Allerta</valueName>
        <value>Basi-E2</value>
      </geocode>
    </area>
    <area>
      <areaDesc>Basi-A1</areaDesc>
      <geocode>
        <valueName>Zona di Allerta</valueName>
        <value>Basi-A1</value>
      </geocode>
    </area>
    <area>
      <areaDesc>Basi-B</areaDesc>
      <geocode>
        <valueName>Zona di Allerta</valueName>
        <value>Basi-B</value>
      </geocode>
    </area>
    <area>
      <areaDesc>Basi-C</areaDesc>
      <geocode>
        <valueName>Zona di Allerta</valueName>
        <value>Basi-C</value>
      </geocode>
    </area>
    <area>
      <areaDesc>Versante Tirrenico Settentrionale</areaDesc>
      <geocode>
        <valueName>Zona di Allerta</valueName>
        <value>Cala-1</value>
      </geocode>
    </area>
    <area>
      <areaDesc>Versante Tirrenico Centro-settentrionale</areaDesc>
      <geocode>
        <valueName>Zona di Allerta</valueName>
        <value>Cala-2</value>
      </geocode>
    </area>
    <area>
      <areaDesc>Versante Jonico Settentrionale</areaDesc>
      <geocode>
        <valueName>Zona di Allerta</valueName>
        <value>Cala-5</value>
      </geocode>
    </area>
    <area>
      <areaDesc>Versante Jonico Centro-settentrionale</areaDesc>
      <geocode>
        <valueName>Zona di Allerta</valueName>
        <value>Cala-6</value>
      </geocode>
    </area>
    <area>
      <areaDesc>Versante Jionico Centro-meridionale</areaDesc>
      <geocode>
        <valueName>Zona di Allerta</valueName>
        <value>Cala-7</value>
      </geocode>
    </area>
    <area>
      <areaDesc>Versante Tirrenico Centro-meridionale</areaDesc>
      <geocode>
        <valueName>Zona di Allerta</valueName>
        <value>Cala-3</value>
      </geocode>
    </area>
    <area>
      <areaDesc>Versante Jonico Meridionale</areaDesc>
      <geocode>
        <valueName>Zona di Allerta</valueName>
        <value>Cala-8</value>
      </geocode>
    </area>
    <area>
      <areaDesc>Versante Tirrenico Meridionale</areaDesc>
      <geocode>
        <valueName>Zona di Allerta</valueName>
        <value>Cala-4</value>
      </geocode>
    </area>
    <area>
      <areaDesc>Bacini emiliani occidentali</areaDesc>
      <geocode>
        <valueName>Zona di Allerta</valueName>
        <value>Emil-G</value>
      </geocode>
    </area>
    <area>
      <areaDesc>Bacini emiliani centrali</areaDesc>
      <geocode>
        <valueName>Zona di Allerta</valueName>
        <value>Emil-E</value>
      </geocode>
    </area>
    <area>
      <areaDesc>Pianura emiliana orientale e costa Ferrarese</areaDesc>
      <geocode>
        <valueName>Zona di Allerta</valueName>
        <value>Emil-D</value>
      </geocode>
    </area>
    <area>
      <areaDesc>Pianura e costa romagnola</areaDesc>
      <geocode>
        <valueName>Zona di Allerta</valueName>
        <value>Emil-B</value>
      </geocode>
    </area>
    <area>
      <areaDesc>Pianura emiliana centrale</areaDesc>
      <geocode>
        <valueName>Zona di Allerta</valueName>
        <value>Emil-F</value>
      </geocode>
    </area>
    <area>
      <areaDesc>Bacini romagnoli</areaDesc>
      <geocode>
        <valueName>Zona di Allerta</valueName>
        <value>Emil-A</value>
      </geocode>
    </area>
    <area>
      <areaDesc>Bacini emiliani orientali</areaDesc>
      <geocode>
        <valueName>Zona di Allerta</valueName>
        <value>Emil-C</value>
      </geocode>
    </area>
    <area>
      <areaDesc>Pianura e bassa collina emiliana occidentale</areaDesc>
      <geocode>
        <valueName>Zona di Allerta</valueName>
        <value>Emil-H</value>
      </geocode>
    </area>
    <area>
      <areaDesc>Valcamonica</areaDesc>
      <geocode>
        <valueName>Zona di Allerta</valueName>
        <value>Lomb-07</value>
      </geocode>
    </area>
    <area>
      <areaDesc>Nodo idraulico di Milano</areaDesc>
      <geocode>
        <valueName>Zona di Allerta</valueName>
        <value>Lomb-09</value>
      </geocode>
    </area>
    <area>
      <areaDesc>Pianura centrale</areaDesc>
      <geocode>
        <valueName>Zona di Allerta</valueName>
        <value>Lomb-10</value>
      </geocode>
    </area>
    <area>
      <areaDesc>Laghi e Prealpi orientali</areaDesc>
      <geocode>
        <valueName>Zona di Allerta</valueName>
        <value>Lomb-08</value>
      </geocode>
    </area>
    <area>
      <areaDesc>Bassa pianura occidentale</areaDesc>
      <geocode>
        <valueName>Zona di Allerta</valueName>
        <value>Lomb-12</value>
      </geocode>
    </area>
    <area>
      <areaDesc>Bassa pianura orientale</areaDesc>
      <geocode>
        <valueName>Zona di Allerta</valueName>
        <value>Lomb-13</value>
      </geocode>
    </area>
    <area>
      <areaDesc>Alta Valtellina</areaDesc>
      <geocode>
        <valueName>Zona di Allerta</valueName>
        <value>Lomb-03</value>
      </geocode>
    </area>
    <area>
      <areaDesc>Laghi e Prealpi Varesine</areaDesc>
      <geocode>
        <valueName>Zona di Allerta</valueName>
        <value>Lomb-04</value>
      </geocode>
    </area>
    <area>
      <areaDesc>Appennino pavese</areaDesc>
      <geocode>
        <valueName>Zona di Allerta</valueName>
        <value>Lomb-14</value>
      </geocode>
    </area>
    <area>
      <areaDesc>Lario e Prealpi occidentali</areaDesc>
      <geocode>
        <valueName>Zona di Allerta</valueName>
        <value>Lomb-05</value>
      </geocode>
    </area>
    <area>
      <areaDesc>Alta pianura orientale</areaDesc>
      <geocode>
        <valueName>Zona di Allerta</valueName>
        <value>Lomb-11</value>
      </geocode>
    </area>
    <area>
      <areaDesc>Orobie bergamasche</areaDesc>
      <geocode>
        <valueName>Zona di Allerta</valueName>
        <value>Lomb-06</value>
      </geocode>
    </area>
    <area>
      <areaDesc>Marc-2</areaDesc>
      <geocode>
        <valueName>Zona di Allerta</valueName>
        <value>Marc-2</value>
      </geocode>
    </area>
    <area>
      <areaDesc>Marc-1</areaDesc>
      <geocode>
        <valueName>Zona di Allerta</valueName>
        <value>Marc-1</value>
      </geocode>
    </area>
    <area>
      <areaDesc>Marc-3</areaDesc>
      <geocode>
        <valueName>Zona di Allerta</valueName>
        <value>Marc-3</value>
      </geocode>
    </area>
    <area>
      <areaDesc>Marc-5</areaDesc>
      <geocode>
        <valueName>Zona di Allerta</valueName>
        <value>Marc-5</value>
      </geocode>
    </area>
    <area>
      <areaDesc>Litoranea</areaDesc>
      <geocode>
        <valueName>Zona di Allerta</valueName>
        <value>Moli-C</value>
      </geocode>
    </area>
    <area>
      <areaDesc>Alto Volturno - Medio Sangro</areaDesc>
      <geocode>
        <valueName>Zona di Allerta</valueName>
        <value>Moli-A</value>
      </geocode>
    </area>
    <area>
      <areaDesc>Frentani - Sannio - Matese</areaDesc>
      <geocode>
        <valueName>Zona di Allerta</valueName>
        <value>Moli-B</value>
      </geocode>
    </area>
    <area>
      <areaDesc>Pianura Torinese e Colline</areaDesc>
      <geocode>
        <valueName>Zona di Allerta</valueName>
        <value>Piem-L</value>
      </geocode>
    </area>
    <area>
      <areaDesc>Pianura settentrionale</areaDesc>
      <geocode>
        <valueName>Zona di Allerta</valueName>
        <value>Piem-I</value>
      </geocode>
    </area>
    <area>
      <areaDesc>Pianura Cuneese</areaDesc>
      <geocode>
        <valueName>Zona di Allerta</valueName>
        <value>Piem-M</value>
      </geocode>
    </area>
    <area>
      <areaDesc>Gargano e Tremiti</areaDesc>
      <geocode>
        <valueName>Zona di Allerta</valueName>
        <value>Pugl-A</value>
      </geocode>
    </area>
    <area>
      <areaDesc>Puglia Centrale Bradanica</areaDesc>
      <geocode>
        <valueName>Zona di Allerta</valueName>
        <value>Pugl-F</value>
      </geocode>
    </area>
    <area>
      <areaDesc>Sub-Appennino Dauno</areaDesc>
      <geocode>
        <valueName>Zona di Allerta</valueName>
        <value>Pugl-H</value>
      </geocode>
    </area>
    <area>
      <areaDesc>Tavoliere - bassi bacini del Candelaro, Cervaro e Carapelle</areaDesc>
      <geocode>
        <valueName>Zona di Allerta</valueName>
        <value>Pugl-B</value>
      </geocode>
    </area>
    <area>
      <areaDesc>Basso Ofanto</areaDesc>
      <geocode>
        <valueName>Zona di Allerta</valueName>
        <value>Pugl-G</value>
      </geocode>
    </area>
    <area>
      <areaDesc>Basso Fortore</areaDesc>
      <geocode>
        <valueName>Zona di Allerta</valueName>
        <value>Pugl-I</value>
      </geocode>
    </area>
    <area>
      <areaDesc>Nord-Orientale, versante tirrenico e isole Eolie</areaDesc>
      <geocode>
        <valueName>Zona di Allerta</valueName>
        <value>Sici-A</value>
      </geocode>
    </area>
    <area>
      <areaDesc>Centro-Settentrionale, versante tirrenico</areaDesc>
      <geocode>
        <valueName>Zona di Allerta</valueName>
        <value>Sici-B</value>
      </geocode>
    </area>
    <area>
      <areaDesc>Nord-Orientale, versante ionico</areaDesc>
      <geocode>
        <valueName>Zona di Allerta</valueName>
        <value>Sici-I</value>
      </geocode>
    </area>
    <area>
      <areaDesc>Bacino del Fiume Simeto</areaDesc>
      <geocode>
        <valueName>Zona di Allerta</valueName>
        <value>Sici-H</value>
      </geocode>
    </area>
    <area>
      <areaDesc>Sud-Orientale, versante Stretto di Sicilia</areaDesc>
      <geocode>
        <valueName>Zona di Allerta</valueName>
        <value>Sici-F</value>
      </geocode>
    </area>
    <area>
      <areaDesc>Sud-Orientale, versante ionico</areaDesc>
      <geocode>
        <valueName>Zona di Allerta</valueName>
        <value>Sici-G</value>
      </geocode>
    </area>
    <area>
      <areaDesc>Alto Tevere</areaDesc>
      <geocode>
        <valueName>Zona di Allerta</valueName>
        <value>Umbr-A</value>
      </geocode>
    </area>
    <area>
      <areaDesc>Chiani - Paglia</areaDesc>
      <geocode>
        <valueName>Zona di Allerta</valueName>
        <value>Umbr-F</value>
      </geocode>
    </area>
    <area>
      <areaDesc>Chiascio - Topino</areaDesc>
      <geocode>
        <valueName>Zona di Allerta</valueName>
        <value>Umbr-C</value>
      </geocode>
    </area>
    <area>
      <areaDesc>Nera - Corno</areaDesc>
      <geocode>
        <valueName>Zona di Allerta</valueName>
        <value>Umbr-D</value>
      </geocode>
    </area>
    <area>
      <areaDesc>Trasimeno - Nestore</areaDesc>
      <geocode>
        <valueName>Zona di Allerta</valueName>
        <value>Umbr-E</value>
      </geocode>
    </area>
    <area>
      <areaDesc>Medio Tevere</areaDesc>
      <geocode>
        <valueName>Zona di Allerta</valueName>
        <value>Umbr-B</value>
      </geocode>
    </area>
    <area>
      <areaDesc>Alto Piave</areaDesc>
      <geocode>
        <valueName>Zona di Allerta</valueName>
        <value>Vene-A</value>
      </geocode>
    </area>
    <area>
      <areaDesc>Piave pedemontano</areaDesc>
      <geocode>
        <valueName>Zona di Allerta</valueName>
        <value>Vene-H</value>
      </geocode>
    </area>
    <area>
      <areaDesc>Alto Brenta-Bacchiglione-Alpone</areaDesc>
      <geocode>
        <valueName>Zona di Allerta</valueName>
        <value>Vene-B</value>
      </geocode>
    </area>
    <area>
      <areaDesc>Po, Fissero-Tartaro-Canalbianco e Basso Adige</areaDesc>
      <geocode>
        <valueName>Zona di Allerta</valueName>
        <value>Vene-D</value>
      </geocode>
    </area>
    <area>
      <areaDesc>Basso Piave, Sile e Bacino scolante in laguna</areaDesc>
      <geocode>
        <valueName>Zona di Allerta</valueName>
        <value>Vene-F</value>
      </geocode>
    </area>
    <area>
      <areaDesc>Adige-Garda e monti Lessini</areaDesc>
      <geocode>
        <valueName>Zona di Allerta</valueName>
        <value>Vene-C</value>
      </geocode>
    </area>
    <area>
      <areaDesc>Basso Brenta-Bacchiglione e Fratta Gorzone</areaDesc>
      <geocode>
        <valueName>Zona di Allerta</valueName>
        <value>Vene-E</value>
      </geocode>
    </area>
    <area>
      <areaDesc>Livenza, Lemene e Tagliamento</areaDesc>
      <geocode>
        <valueName>Zona di Allerta</valueName>
        <value>Vene-G</value>
      </geocode>
    </area>
  </info>
  <info>
    <category>Met</category>
    <event>ORDINARIA CRITICITA' PER RISCHIO IDROGEOLOGICO / ALLERTA GIALLA:</event>
    <responseType>Prepare</responseType>
    <urgency>Expected</urgency>
    <severity>Moderate</severity>
    <certainty>Likely</certainty>
    <onset>2019-09-02T00:00:00+02:00</onset>
    <expires>2019-09-02T23:59:59+02:00</expires>
    <senderName>DIPARTIMENTO DI PROTEZIONE CIVILE</senderName>
    <description>all_GIALLA PER DOMANI SU:</description>
    <area>
      <areaDesc>Bacino Basso del Sangro</areaDesc>
      <geocode>
        <valueName>Zona di Allerta</valueName>
        <value>Abru-D2</value>
      </geocode>
    </area>
    <area>
      <areaDesc>Marsica</areaDesc>
      <geocode>
        <valueName>Zona di Allerta</valueName>
        <value>Abru-E</value>
      </geocode>
    </area>
    <area>
      <areaDesc>Bacino del Pescara</areaDesc>
      <geocode>
        <valueName>Zona di Allerta</valueName>
        <value>Abru-C</value>
      </geocode>
    </area>
    <area>
      <areaDesc>Bacini Tordino Vomano</areaDesc>
      <geocode>
        <valueName>Zona di Allerta</valueName>
        <value>Abru-A</value>
      </geocode>
    </area>
    <area>
      <areaDesc>Bacino dell'Aterno</areaDesc>
      <geocode>
        <valueName>Zona di Allerta</valueName>
        <value>Abru-B</value>
      </geocode>
    </area>
    <area>
      <areaDesc>Bacino Alto del Sangro</areaDesc>
      <geocode>
        <valueName>Zona di Allerta</valueName>
        <value>Abru-D1</value>
      </geocode>
    </area>
    <area>
      <areaDesc>Basi-E1</areaDesc>
      <geocode>
        <valueName>Zona di Allerta</valueName>
        <value>Basi-E1</value>
      </geocode>
    </area>
    <area>
      <areaDesc>Basi-A2</areaDesc>
      <geocode>
        <valueName>Zona di Allerta</valueName>
        <value>Basi-A2</value>
      </geocode>
    </area>
    <area>
      <areaDesc>Basi-D</areaDesc>
      <geocode>
        <valueName>Zona di Allerta</valueName>
        <value>Basi-D</value>
      </geocode>
    </area>
    <area>
      <areaDesc>Basi-E2</areaDesc>
      <geocode>
        <valueName>Zona di Allerta</valueName>
        <value>Basi-E2</value>
      </geocode>
    </area>
    <area>
      <areaDesc>Basi-A1</areaDesc>
      <geocode>
        <valueName>Zona di Allerta</valueName>
        <value>Basi-A1</value>
      </geocode>
    </area>
    <area>
      <areaDesc>Basi-B</areaDesc>
      <geocode>
        <valueName>Zona di Allerta</valueName>
        <value>Basi-B</value>
      </geocode>
    </area>
    <area>
      <areaDesc>Basi-C</areaDesc>
      <geocode>
        <valueName>Zona di Allerta</valueName>
        <value>Basi-C</value>
      </geocode>
    </area>
    <area>
      <areaDesc>Versante Tirrenico Settentrionale</areaDesc>
      <geocode>
        <valueName>Zona di Allerta</valueName>
        <value>Cala-1</value>
      </geocode>
    </area>
    <area>
      <areaDesc>Versante Tirrenico Centro-settentrionale</areaDesc>
      <geocode>
        <valueName>Zona di Allerta</valueName>
        <value>Cala-2</value>
      </geocode>
    </area>
    <area>
      <areaDesc>Versante Jonico Settentrionale</areaDesc>
      <geocode>
        <valueName>Zona di Allerta</valueName>
        <value>Cala-5</value>
      </geocode>
    </area>
    <area>
      <areaDesc>Versante Jonico Centro-settentrionale</areaDesc>
      <geocode>
        <valueName>Zona di Allerta</valueName>
        <value>Cala-6</value>
      </geocode>
    </area>
    <area>
      <areaDesc>Versante Jionico Centro-meridionale</areaDesc>
      <geocode>
        <valueName>Zona di Allerta</valueName>
        <value>Cala-7</value>
      </geocode>
    </area>
    <area>
      <areaDesc>Versante Tirrenico Centro-meridionale</areaDesc>
      <geocode>
        <valueName>Zona di Allerta</valueName>
        <value>Cala-3</value>
      </geocode>
    </area>
    <area>
      <areaDesc>Versante Jonico Meridionale</areaDesc>
      <geocode>
        <valueName>Zona di Allerta</valueName>
        <value>Cala-8</value>
      </geocode>
    </area>
    <area>
      <areaDesc>Versante Tirrenico Meridionale</areaDesc>
      <geocode>
        <valueName>Zona di Allerta</valueName>
        <value>Cala-4</value>
      </geocode>
    </area>
    <area>
      <areaDesc>Alta Valtellina</areaDesc>
      <geocode>
        <valueName>Zona di Allerta</valueName>
        <value>Lomb-03</value>
      </geocode>
    </area>
    <area>
      <areaDesc>Lario e Prealpi occidentali</areaDesc>
      <geocode>
        <valueName>Zona di Allerta</valueName>
        <value>Lomb-05</value>
      </geocode>
    </area>
    <area>
      <areaDesc>Orobie bergamasche</areaDesc>
      <geocode>
        <valueName>Zona di Allerta</valueName>
        <value>Lomb-06</value>
      </geocode>
    </area>
    <area>
      <areaDesc>Gargano e Tremiti</areaDesc>
      <geocode>
        <valueName>Zona di Allerta</valueName>
        <value>Pugl-A</value>
      </geocode>
    </area>
    <area>
      <areaDesc>Puglia Centrale Bradanica</areaDesc>
      <geocode>
        <valueName>Zona di Allerta</valueName>
        <value>Pugl-F</value>
      </geocode>
    </area>
    <area>
      <areaDesc>Sub-Appennino Dauno</areaDesc>
      <geocode>
        <valueName>Zona di Allerta</valueName>
        <value>Pugl-H</value>
      </geocode>
    </area>
    <area>
      <areaDesc>Tavoliere - bassi bacini del Candelaro, Cervaro e Carapelle</areaDesc>
      <geocode>
        <valueName>Zona di Allerta</valueName>
        <value>Pugl-B</value>
      </geocode>
    </area>
    <area>
      <areaDesc>Basso Ofanto</areaDesc>
      <geocode>
        <valueName>Zona di Allerta</valueName>
        <value>Pugl-G</value>
      </geocode>
    </area>
    <area>
      <areaDesc>Basso Fortore</areaDesc>
      <geocode>
        <valueName>Zona di Allerta</valueName>
        <value>Pugl-I</value>
      </geocode>
    </area>
    <area>
      <areaDesc>Nord-Orientale, versante tirrenico e isole Eolie</areaDesc>
      <geocode>
        <valueName>Zona di Allerta</valueName>
        <value>Sici-A</value>
      </geocode>
    </area>
    <area>
      <areaDesc>Centro-Settentrionale, versante tirrenico</areaDesc>
      <geocode>
        <valueName>Zona di Allerta</valueName>
        <value>Sici-B</value>
      </geocode>
    </area>
    <area>
      <areaDesc>Nord-Orientale, versante ionico</areaDesc>
      <geocode>
        <valueName>Zona di Allerta</valueName>
        <value>Sici-I</value>
      </geocode>
    </area>
    <area>
      <areaDesc>Bacino del Fiume Simeto</areaDesc>
      <geocode>
        <valueName>Zona di Allerta</valueName>
        <value>Sici-H</value>
      </geocode>
    </area>
    <area>
      <areaDesc>Sud-Orientale, versante Stretto di Sicilia</areaDesc>
      <geocode>
        <valueName>Zona di Allerta</valueName>
        <value>Sici-F</value>
      </geocode>
    </area>
    <area>
      <areaDesc>Sud-Orientale, versante ionico</areaDesc>
      <geocode>
        <valueName>Zona di Allerta</valueName>
        <value>Sici-G</value>
      </geocode>
    </area>
  </info>
</alert>
