<?xml version='1.0' encoding='UTF-8'?>
<alert xmlns="urn:oasis:names:tc:emergency:cap:1.2">
  <identifier>DPC_BULLETTIN_2019_09_25_29198</identifier>
  <sender>2.49.0.0.380.1</sender>
  <sent>2019-09-25T15:24:00+02:00</sent>
  <status>Actual</status>
  <msgType>Alert</msgType>
  <scope>Public</scope>
  <note>Per la Provincia Autonoma di Bolzano il bollettino riguarda solo la valutazione del rischio idrogeologico e idraulico, non essendo ancora il rischio temporali oggetto di valutazione secondo le Indicazioni Operative del Capo Dipartimento della Protezione Civile del 10 febbraio 2016.</note>
</alert>
