<?xml version='1.0' encoding='UTF-8'?>
<alert xmlns="urn:oasis:names:tc:emergency:cap:1.2">
  <identifier>DPC_BULLETTIN_2019_12_08_32048</identifier>
  <sender>2.49.0.0.380.1</sender>
  <sent>2019-12-08T14:42:00+01:00</sent>
  <status>Actual</status>
  <msgType>Alert</msgType>
  <scope>Public</scope>
  <note>Per la Provincia Autonoma di Bolzano il bollettino riguarda solo la valutazione del rischio idrogeologico e idraulico, non essendo ancora il rischio temporali oggetto di valutazione secondo le Indicazioni Operative del Capo Dipartimento della Protezione Civile del 10 febbraio 2016.
Regione Toscana: le criticità per rischio temporali e per rischio idrogeologico previste per la giornata di domani, lunedì 9 dicembre 2019, son da intendersi fino alle ore 17.00.</note>
  <info>
    <category>Met</category>
    <event>ORDINARIA CRITICITA' PER RISCHIO IDRAULICO / ALLERTA GIALLA:</event>
    <responseType>Prepare</responseType>
    <urgency>Expected</urgency>
    <severity>Moderate</severity>
    <certainty>Likely</certainty>
    <onset>2019-12-08T12:00:00+01:00</onset>
    <expires>2019-12-08T23:59:59+01:00</expires>
    <senderName>DIPARTIMENTO DI PROTEZIONE CIVILE</senderName>
    <description>all_GIALLA PER OGGI SU:</description>
    <area>
      <areaDesc>Po, Fissero-Tartaro-Canalbianco e Basso Adige</areaDesc>
      <geocode>
        <valueName>Zona di Allerta</valueName>
        <value>Vene-D</value>
      </geocode>
    </area>
  </info>
  <info>
    <category>Met</category>
    <event>ORDINARIA CRITICITA' PER RISCHIO IDRAULICO / ALLERTA GIALLA:</event>
    <responseType>Prepare</responseType>
    <urgency>Expected</urgency>
    <severity>Moderate</severity>
    <certainty>Likely</certainty>
    <onset>2019-12-09T00:00:00+01:00</onset>
    <expires>2019-12-09T23:59:59+01:00</expires>
    <senderName>DIPARTIMENTO DI PROTEZIONE CIVILE</senderName>
    <description>all_GIALLA PER DOMANI SU:</description>
    <area>
      <areaDesc>Po, Fissero-Tartaro-Canalbianco e Basso Adige</areaDesc>
      <geocode>
        <valueName>Zona di Allerta</valueName>
        <value>Vene-D</value>
      </geocode>
    </area>
  </info>
  <info>
    <category>Met</category>
    <event>ORDINARIA CRITICITA' PER RISCHIO TEMPORALI / ALLERTA GIALLA:</event>
    <responseType>Prepare</responseType>
    <urgency>Expected</urgency>
    <severity>Moderate</severity>
    <certainty>Likely</certainty>
    <onset>2019-12-09T00:00:00+01:00</onset>
    <expires>2019-12-09T23:59:59+01:00</expires>
    <senderName>DIPARTIMENTO DI PROTEZIONE CIVILE</senderName>
    <description>all_GIALLA PER DOMANI SU:</description>
    <area>
      <areaDesc>Basi-A2</areaDesc>
      <geocode>
        <valueName>Zona di Allerta</valueName>
        <value>Basi-A2</value>
      </geocode>
    </area>
    <area>
      <areaDesc>Basi-C</areaDesc>
      <geocode>
        <valueName>Zona di Allerta</valueName>
        <value>Basi-C</value>
      </geocode>
    </area>
    <area>
      <areaDesc>Basi-D</areaDesc>
      <geocode>
        <valueName>Zona di Allerta</valueName>
        <value>Basi-D</value>
      </geocode>
    </area>
    <area>
      <areaDesc>Lunigiana</areaDesc>
      <geocode>
        <valueName>Zona di Allerta</valueName>
        <value>Tosc-L</value>
      </geocode>
    </area>
    <area>
      <areaDesc>Arno-Costa</areaDesc>
      <geocode>
        <valueName>Zona di Allerta</valueName>
        <value>Tosc-A6</value>
      </geocode>
    </area>
    <area>
      <areaDesc>Arno-Firenze</areaDesc>
      <geocode>
        <valueName>Zona di Allerta</valueName>
        <value>Tosc-A3</value>
      </geocode>
    </area>
    <area>
      <areaDesc>Serchio-Garfagnana-Lima</areaDesc>
      <geocode>
        <valueName>Zona di Allerta</valueName>
        <value>Tosc-S1</value>
      </geocode>
    </area>
    <area>
      <areaDesc>Versilia</areaDesc>
      <geocode>
        <valueName>Zona di Allerta</valueName>
        <value>Tosc-V</value>
      </geocode>
    </area>
    <area>
      <areaDesc>Serchio-Lucca</areaDesc>
      <geocode>
        <valueName>Zona di Allerta</valueName>
        <value>Tosc-S2</value>
      </geocode>
    </area>
    <area>
      <areaDesc>Serchio-Costa</areaDesc>
      <geocode>
        <valueName>Zona di Allerta</valueName>
        <value>Tosc-S3</value>
      </geocode>
    </area>
    <area>
      <areaDesc>Valdarno Inf.</areaDesc>
      <geocode>
        <valueName>Zona di Allerta</valueName>
        <value>Tosc-A4</value>
      </geocode>
    </area>
    <area>
      <areaDesc>Romagna-Toscana</areaDesc>
      <geocode>
        <valueName>Zona di Allerta</valueName>
        <value>Tosc-R2</value>
      </geocode>
    </area>
    <area>
      <areaDesc>Mugello-Val di Sieve</areaDesc>
      <geocode>
        <valueName>Zona di Allerta</valueName>
        <value>Tosc-M</value>
      </geocode>
    </area>
    <area>
      <areaDesc>Bisenzio e Ombrone Pt</areaDesc>
      <geocode>
        <valueName>Zona di Allerta</valueName>
        <value>Tosc-B</value>
      </geocode>
    </area>
    <area>
      <areaDesc>Reno</areaDesc>
      <geocode>
        <valueName>Zona di Allerta</valueName>
        <value>Tosc-R1</value>
      </geocode>
    </area>
  </info>
  <info>
    <category>Met</category>
    <event>ORDINARIA CRITICITA' PER RISCHIO IDROGEOLOGICO / ALLERTA GIALLA:</event>
    <responseType>Prepare</responseType>
    <urgency>Expected</urgency>
    <severity>Moderate</severity>
    <certainty>Likely</certainty>
    <onset>2019-12-09T00:00:00+01:00</onset>
    <expires>2019-12-09T23:59:59+01:00</expires>
    <senderName>DIPARTIMENTO DI PROTEZIONE CIVILE</senderName>
    <description>all_GIALLA PER DOMANI SU:</description>
    <area>
      <areaDesc>Lunigiana</areaDesc>
      <geocode>
        <valueName>Zona di Allerta</valueName>
        <value>Tosc-L</value>
      </geocode>
    </area>
    <area>
      <areaDesc>Arno-Costa</areaDesc>
      <geocode>
        <valueName>Zona di Allerta</valueName>
        <value>Tosc-A6</value>
      </geocode>
    </area>
    <area>
      <areaDesc>Arno-Firenze</areaDesc>
      <geocode>
        <valueName>Zona di Allerta</valueName>
        <value>Tosc-A3</value>
      </geocode>
    </area>
    <area>
      <areaDesc>Serchio-Garfagnana-Lima</areaDesc>
      <geocode>
        <valueName>Zona di Allerta</valueName>
        <value>Tosc-S1</value>
      </geocode>
    </area>
    <area>
      <areaDesc>Versilia</areaDesc>
      <geocode>
        <valueName>Zona di Allerta</valueName>
        <value>Tosc-V</value>
      </geocode>
    </area>
    <area>
      <areaDesc>Serchio-Lucca</areaDesc>
      <geocode>
        <valueName>Zona di Allerta</valueName>
        <value>Tosc-S2</value>
      </geocode>
    </area>
    <area>
      <areaDesc>Serchio-Costa</areaDesc>
      <geocode>
        <valueName>Zona di Allerta</valueName>
        <value>Tosc-S3</value>
      </geocode>
    </area>
    <area>
      <areaDesc>Valdarno Inf.</areaDesc>
      <geocode>
        <valueName>Zona di Allerta</valueName>
        <value>Tosc-A4</value>
      </geocode>
    </area>
    <area>
      <areaDesc>Romagna-Toscana</areaDesc>
      <geocode>
        <valueName>Zona di Allerta</valueName>
        <value>Tosc-R2</value>
      </geocode>
    </area>
    <area>
      <areaDesc>Mugello-Val di Sieve</areaDesc>
      <geocode>
        <valueName>Zona di Allerta</valueName>
        <value>Tosc-M</value>
      </geocode>
    </area>
    <area>
      <areaDesc>Bisenzio e Ombrone Pt</areaDesc>
      <geocode>
        <valueName>Zona di Allerta</valueName>
        <value>Tosc-B</value>
      </geocode>
    </area>
    <area>
      <areaDesc>Reno</areaDesc>
      <geocode>
        <valueName>Zona di Allerta</valueName>
        <value>Tosc-R1</value>
      </geocode>
    </area>
  </info>
</alert>
