<?xml version='1.0' encoding='UTF-8'?>
<alert xmlns="urn:oasis:names:tc:emergency:cap:1.2">
  <identifier>DPC_BULLETTIN_2019_01_08_19143</identifier>
  <sender>2.49.0.0.380.1</sender>
  <sent>2019-01-08T15:34:00+01:00</sent>
  <status>Actual</status>
  <msgType>Alert</msgType>
  <scope>Public</scope>
  <note>Per la Regione Sardegna e per la Provincia Autonoma di Bolzano il bollettino riguarda solo la valutazione del rischio idrogeologico e idraulico, non essendo ancora il rischio temporali oggetto di valutazione secondo le Indicazioni Operative del Capo Dipartimento della Protezione Civile del 10 febbraio 2016.
Regione Veneto:  Le frane del Tessina in comune di Chies d'Alpago (BL) e della Busa del Cristo in comune di Perarolo di Cadore (BL), riattivatesi dopo le abbondanti precipitazioni occorse a fine ottobre 2018, rimangono soggette a specifico monitoraggio.</note>
  <info>
    <category>Met</category>
    <event>ORDINARIA CRITICITA' PER RISCHIO TEMPORALI / ALLERTA GIALLA:</event>
    <responseType>Prepare</responseType>
    <urgency>Expected</urgency>
    <severity>Moderate</severity>
    <certainty>Likely</certainty>
    <onset>2019-01-08T12:00:00+01:00</onset>
    <expires>2019-01-08T23:59:59+01:00</expires>
    <senderName>DIPARTIMENTO DI PROTEZIONE CIVILE</senderName>
    <description>all_GIALLA PER OGGI SU:</description>
    <area>
      <areaDesc>Basi-C</areaDesc>
      <geocode>
        <valueName>Zona di Allerta</valueName>
        <value>Basi-C</value>
      </geocode>
    </area>
    <area>
      <areaDesc>Basi-D</areaDesc>
      <geocode>
        <valueName>Zona di Allerta</valueName>
        <value>Basi-D</value>
      </geocode>
    </area>
    <area>
      <areaDesc>Basi-A2</areaDesc>
      <geocode>
        <valueName>Zona di Allerta</valueName>
        <value>Basi-A2</value>
      </geocode>
    </area>
  </info>
  <info>
    <category>Met</category>
    <event>ORDINARIA CRITICITA' PER RISCHIO IDROGEOLOGICO / ALLERTA GIALLA:</event>
    <responseType>Prepare</responseType>
    <urgency>Expected</urgency>
    <severity>Moderate</severity>
    <certainty>Likely</certainty>
    <onset>2019-01-08T12:00:00+01:00</onset>
    <expires>2019-01-08T23:59:59+01:00</expires>
    <senderName>DIPARTIMENTO DI PROTEZIONE CIVILE</senderName>
    <description>all_GIALLA PER OGGI SU:</description>
    <area>
      <areaDesc>Bacino Alto del Sangro</areaDesc>
      <geocode>
        <valueName>Zona di Allerta</valueName>
        <value>Abru-D1</value>
      </geocode>
    </area>
    <area>
      <areaDesc>Bacini Tordino Vomano</areaDesc>
      <geocode>
        <valueName>Zona di Allerta</valueName>
        <value>Abru-A</value>
      </geocode>
    </area>
    <area>
      <areaDesc>Bacino del Pescara</areaDesc>
      <geocode>
        <valueName>Zona di Allerta</valueName>
        <value>Abru-C</value>
      </geocode>
    </area>
    <area>
      <areaDesc>Bacino dell'Aterno</areaDesc>
      <geocode>
        <valueName>Zona di Allerta</valueName>
        <value>Abru-B</value>
      </geocode>
    </area>
    <area>
      <areaDesc>Marsica</areaDesc>
      <geocode>
        <valueName>Zona di Allerta</valueName>
        <value>Abru-E</value>
      </geocode>
    </area>
    <area>
      <areaDesc>Bacino Basso del Sangro</areaDesc>
      <geocode>
        <valueName>Zona di Allerta</valueName>
        <value>Abru-D2</value>
      </geocode>
    </area>
    <area>
      <areaDesc>Basi-C</areaDesc>
      <geocode>
        <valueName>Zona di Allerta</valueName>
        <value>Basi-C</value>
      </geocode>
    </area>
    <area>
      <areaDesc>Basi-D</areaDesc>
      <geocode>
        <valueName>Zona di Allerta</valueName>
        <value>Basi-D</value>
      </geocode>
    </area>
    <area>
      <areaDesc>Basi-A2</areaDesc>
      <geocode>
        <valueName>Zona di Allerta</valueName>
        <value>Basi-A2</value>
      </geocode>
    </area>
  </info>
  <info>
    <category>Met</category>
    <event>ORDINARIA CRITICITA' PER RISCHIO TEMPORALI / ALLERTA GIALLA:</event>
    <responseType>Prepare</responseType>
    <urgency>Expected</urgency>
    <severity>Moderate</severity>
    <certainty>Likely</certainty>
    <onset>2019-01-09T00:00:00+01:00</onset>
    <expires>2019-01-09T23:59:59+01:00</expires>
    <senderName>DIPARTIMENTO DI PROTEZIONE CIVILE</senderName>
    <description>all_GIALLA PER DOMANI SU:</description>
    <area>
      <areaDesc>Versante Tirrenico Settentrionale</areaDesc>
      <geocode>
        <valueName>Zona di Allerta</valueName>
        <value>Cala-1</value>
      </geocode>
    </area>
    <area>
      <areaDesc>Versante Tirrenico Centro-settentrionale</areaDesc>
      <geocode>
        <valueName>Zona di Allerta</valueName>
        <value>Cala-2</value>
      </geocode>
    </area>
    <area>
      <areaDesc>Versante Tirrenico Centro-meridionale</areaDesc>
      <geocode>
        <valueName>Zona di Allerta</valueName>
        <value>Cala-3</value>
      </geocode>
    </area>
  </info>
  <info>
    <category>Met</category>
    <event>ORDINARIA CRITICITA' PER RISCHIO IDROGEOLOGICO / ALLERTA GIALLA:</event>
    <responseType>Prepare</responseType>
    <urgency>Expected</urgency>
    <severity>Moderate</severity>
    <certainty>Likely</certainty>
    <onset>2019-01-09T00:00:00+01:00</onset>
    <expires>2019-01-09T23:59:59+01:00</expires>
    <senderName>DIPARTIMENTO DI PROTEZIONE CIVILE</senderName>
    <description>all_GIALLA PER DOMANI SU:</description>
    <area>
      <areaDesc>Bacino Basso del Sangro</areaDesc>
      <geocode>
        <valueName>Zona di Allerta</valueName>
        <value>Abru-D2</value>
      </geocode>
    </area>
    <area>
      <areaDesc>Bacino del Pescara</areaDesc>
      <geocode>
        <valueName>Zona di Allerta</valueName>
        <value>Abru-C</value>
      </geocode>
    </area>
    <area>
      <areaDesc>Marsica</areaDesc>
      <geocode>
        <valueName>Zona di Allerta</valueName>
        <value>Abru-E</value>
      </geocode>
    </area>
    <area>
      <areaDesc>Bacino Alto del Sangro</areaDesc>
      <geocode>
        <valueName>Zona di Allerta</valueName>
        <value>Abru-D1</value>
      </geocode>
    </area>
    <area>
      <areaDesc>Bacini Tordino Vomano</areaDesc>
      <geocode>
        <valueName>Zona di Allerta</valueName>
        <value>Abru-A</value>
      </geocode>
    </area>
    <area>
      <areaDesc>Bacino dell'Aterno</areaDesc>
      <geocode>
        <valueName>Zona di Allerta</valueName>
        <value>Abru-B</value>
      </geocode>
    </area>
    <area>
      <areaDesc>Versante Tirrenico Settentrionale</areaDesc>
      <geocode>
        <valueName>Zona di Allerta</valueName>
        <value>Cala-1</value>
      </geocode>
    </area>
    <area>
      <areaDesc>Versante Tirrenico Centro-settentrionale</areaDesc>
      <geocode>
        <valueName>Zona di Allerta</valueName>
        <value>Cala-2</value>
      </geocode>
    </area>
    <area>
      <areaDesc>Versante Tirrenico Centro-meridionale</areaDesc>
      <geocode>
        <valueName>Zona di Allerta</valueName>
        <value>Cala-3</value>
      </geocode>
    </area>
    <area>
      <areaDesc>Litoranea</areaDesc>
      <geocode>
        <valueName>Zona di Allerta</valueName>
        <value>Moli-C</value>
      </geocode>
    </area>
  </info>
</alert>
